customer_id,customer_name,age,city,product_id,product_name,category,purchase_date,purchase_quantity,price_per_unit,total_spent
1,ronald miller,63.0,wilsonstad,141,granola,vegetable,2024-10-21,1.0,13.33,13.33
2,eric white,26.0,north brianside,172,organic apples,vegetable,2024-08-15,2.0,1.04,2.08
3,joseph wagner,59.0,lake derek,186,granola,dairy,2024-07-16,1.0,15.33,15.33
4,elizabeth house,43.0,cindyborough,110,granola,snack,2024-09-18,1.0,10.55,10.55
5,shawn warner,56.0,north hannah,147,fresh milk,snack,2024-10-09,1.0,12.25,12.25
6,benjamin neal,38.0,lake nicholasburgh,137,organic apples,snack,2024-07-10,1.0,1.27,1.27
7,danielle hayden,41.0,south meganborough,114,kale,organic,2024-05-09,4.0,17.78,71.12
8,william lee,46.0,ericabury,105,kale,snack,2024-07-25,1.0,14.81,14.81
9,steven brown,25.0,nicoleview,162,tofu,snack,2024-08-09,4.0,14.42,57.68
10,heidi brown,75.0,east mariaborough,106,fresh milk,dairy,2024-07-28,1.0,16.14,16.14
11,patrick snyder,73.0,south christopher,129,granola,organic,2024-08-21,3.0,15.95,47.85
12,brenda reed,38.0,lake joshua,129,kale,vegetable,2024-05-10,3.0,5.48,16.44
13,daniel hawkins,64.0,liview,191,almond butter,organic,2024-01-26,3.0,5.12,15.36
14,melissa barnes,25.0,north felicialand,164,almond butter,dairy,2024-11-01,4.0,13.51,54.04
16,cynthia lewis,60.0,west ricardo,100,kale,dairy,2024-03-20,3.0,10.74,32.22
17,michael callahan,54.0,vargasmouth,100,organic apples,organic,2024-06-13,3.0,12.63,37.89
18,megan charles,34.0,richardville,140,organic apples,dairy,2024-05-25,2.0,8.12,16.24
19,mrs. emily murphy,27.0,michaelmouth,172,almond butter,dairy,2024-02-27,2.0,19.5,39.0
20,william smith,24.0,lukeland,127,tofu,organic,2024-03-27,2.0,1.12,2.24
21,mr. cody haynes,30.0,jasonport,101,kale,snack,2024-05-25,1.0,482.05,482.05
22,kaitlin munoz,79.0,port williamport,118,fresh milk,snack,2024-07-04,3.0,17.68,53.04
23,matthew rodriguez,23.0,nataliefort,152,almond butter,vegetable,2024-03-03,1.0,12.49,12.49
24,steven fitzgerald,75.0,catherineburgh,129,fresh milk,vegetable,2024-07-26,3.0,19.27,57.81
25,henry evans,55.0,tanyaton,160,organic apples,dairy,2024-08-05,1.0,13.58,13.58
26,geoffrey owens,64.0,robertsshire,185,fresh milk,vegetable,2024-01-15,3.0,9.59,28.77
27,lawrence brown,67.0,south michaelton,190,fresh milk,snack,2024-09-15,2.0,16.3,32.6
28,robert everett,25.0,lakp brian,160,tofu,vegetable,2024-06-16,4.0,3.35,13.4
29,george jimenez,66.0,johnsonshire,181,tofu,organic,2024-03-23,4.0,16.8,67.2
30,donna williams,44.0,lewisfort,133,kale,snack,2024-03-11,4.0,11.74,46.96
31,stephanie allen,50.0,south andrew,183,almond butter,snack,2024-01-10,1.0,12.9,12.9
32,jonathan mcmahon,25.0,south jenniferfurt,163,fresh milk,dairy,2024-05-18,3.0,10.57,31.71
33,beverly knight,76.0,lake nicolechester,192,granola,vegetable,2024-04-23,3.0,18.9,56.7
34,carrie pena,19.0,turnerborough,107,tofu,snack,2024-10-01,2.0,4.51,9.02
35,brenda arroyo,53.0,pamelaport,189,fresh milk,organic,2024-05-04,4.0,10.14,40.56
36,robert thomas,65.0,new rachelmouth,170,organic apples,dairy,2024-08-23,2.0,17.92,35.84
37,thomas jackson,28.0,east cynthia,187,almond butter,dairy,2024-09-20,2.0,16.0,32.0
39,travis west,31.0,east rachel,106,kale,dairy,2024-04-02,3.0,7.58,22.74
40,michael byrd,28.0,west brian,157,granola,dairy,2024-09-09,4.0,12.62,50.48
41,james palmer,40.0,lake susan,147,organic apples,vegetable,2024-04-21,4.0,19.68,78.72
42,david jones,37.0,lake antonio,155,granola,dairy,2024-04-09,3.0,7.72,23.16
43,heidi clark,20.0,west marcus,153,kale,dairy,2024-01-22,3.0,5.27,15.81
44,theresa garza,48.0,vincentside,147,almond butter,vegetable,2024-10-23,4.0,12.12,48.48
45,timothy beasley,18.0,andersonchester,197,fresh milk,dairy,2024-06-21,2.0,14.93,29.86
46,allen parks,35.0,north alexis,124,almond butter,snack,2024-02-23,2.0,3.11,6.22
47,heather keller,62.0,west stephen,125,almond butter,dairy,2024-05-05,1.0,12.27,12.27
49,alison watkins,56.0,williamsstad,110,kale,organic,2024-02-29,2.0,14.81,29.62
50,teresa adams,76.0,zacharyburgh,188,tofu,dairy,2024-02-22,1.0,17.59,17.59
51,melissa wang,50.0,lake randallhaven,129,granola,snack,2024-01-29,3.0,19.24,57.72
52,mr. anthony gonzales,38.0,johnfurt,129,tofu,dairy,2024-04-17,3.0,17.55,52.650000000000006
53,betty calderon,48.0,flemingmouth,133,kale,organic,2024-10-07,3.0,5.39,16.169999999999998
54,valerie sanders,73.0,new robertberg,138,kale,snack,2024-05-06,2.0,9.42,18.84
55,mrs. denise dawson,30.0,barnettfurt,179,organic apples,organic,2024-05-25,3.0,9.79,29.37
56,kim murphy,49.0,south theresaview,128,organic apples,vegetable,2024-02-10,3.0,15.97,47.91
57,diane ford,67.0,hamiltonborough,157,kale,dairy,2024-08-17,4.0,13.52,54.08
58,todd atkinson,25.0,aarontown,145,organic apples,snack,2024-10-06,4.0,6.18,24.72
59,brittney wilson,67.0,east timothy,142,granola,snack,2024-08-15,4.0,17.57,70.28
60,mary larson,74.0,birdside,160,kale,vegetable,2024-01-23,1.0,6.62,6.62
61,laura mendoza,79.0,port amberchester,100,organic apples,vegetable,2024-01-30,4.0,16.06,64.24
62,nancy gonzalez,43.0,josephstad,176,almond butter,snack,2024-10-07,2.0,4.66,9.32
63,gregory daniel,24.0,port joanna,162,almond butter,dairy,2024-05-17,3.0,14.3,42.900000000000006
64,courtney eaton,24.0,port courtneyview,136,organic apples,organic,2024-07-18,1.0,12.07,12.07
65,cathy glenn,29.0,bartlettmouth,171,kale,organic,2024-07-16,2.0,8.86,17.72
66,nicholas lopez,39.0,wisetown,114,tofu,dairy,2024-04-27,2.0,2.98,5.96
67,mrs. gabrielle carroll,69.0,north tonya,179,organic apples,snack,2024-04-25,2.0,4.19,8.38
68,mary nelson,67.0,north patricia,187,kale,snack,2024-10-09,4.0,15.73,62.92
69,ryan stevenson,61.0,south jessemouth,167,tofu,dairy,2024-08-19,2.0,18.84,37.68
70,austin parker,76.0,port geraldview,165,granola,organic,2024-07-23,1.0,11.85,11.85
71,shawn khan,34.0,aprilview,129,fresh milk,vegetable,2024-05-02,4.0,16.0,64.0
72,virginia shepherd,57.0,south amyside,105,almond butter,snack,2024-09-22,1.0,5.74,5.74
73,jennifer reeves,39.0,nicholaschester,152,almond butter,vegetable,2024-10-14,3.0,11.7,35.099999999999994
74,timothy nelson,63.0,lake lorichester,131,kale,dairy,2024-05-13,1.0,18.09,18.09
75,joseph wells,64.0,east sonyaview,139,tofu,dairy,2024-07-25,1.0,12.18,12.18
77,jesse stein,58.0,port jonathan,176,fresh milk,vegetable,2024-01-05,3.0,7.74,23.22
78,james bryant,71.0,blakemouth,155,kale,dairy,2024-02-08,3.0,13.6,40.8
79,richard watson,19.0,brandyberg,110,almond butter,organic,2024-02-20,3.0,5.96,17.88
80,seth long,71.0,lawsonview,137,granola,snack,2024-09-27,1.0,18.35,18.35
81,jonathan edwards,34.0,morganbury,133,almond butter,organic,2024-10-12,1.0,19.3,19.3
82,larry wiggins,78.0,bakerfurt,113,tofu,organic,2024-07-18,2.0,1.26,2.52
83,renee gomez,41.0,lake brandon,178,tofu,organic,2024-10-01,4.0,14.22,56.88
84,krystal taylor,41.0,cooperborough,161,fresh milk,organic,2024-09-27,1.0,7.85,7.85
85,alicia campbell,25.0,joeltown,186,granola,vegetable,2024-05-28,3.0,11.46,34.38
86,william wood,30.0,lake anita,125,granola,organic,2024-01-29,3.0,14.28,42.84
87,allison fisher,48.0,west ryan,112,fresh milk,dairy,2024-03-13,2.0,4.4,8.8
88,ryan wright,63.0,colefort,174,granola,snack,2024-05-03,4.0,15.43,61.72
89,john dean,51.0,jonesmouth,182,almond butter,snack,2024-03-14,3.0,14.36,43.08
90,scott johnson,29.0,chavezshire,113,organic apples,organic,2024-05-17,2.0,5.64,11.28
91,shelby gonzalez,24.0,leeland,136,tofu,organic,2024-09-06,3.0,19.4,58.2
92,stacy woods,59.0,new diana,129,almond butter,organic,2024-02-08,4.0,8.31,33.24
93,ms. selena marquez,27.0,christopherton,157,almond butter,vegetable,2024-01-11,2.0,2.13,4.26
94,jacob foster,72.0,lake samanthaview,176,kale,snack,2024-01-01,4.0,8.64,34.56
95,preston kerr,31.0,michaelville,102,tofu,dairy,2024-08-27,2.0,17.32,34.64
96,patrick dixon,47.0,east marissaton,132,kale,organic,2024-03-22,3.0,5.5,16.5
97,erin rogers,71.0,garrisonbury,157,tofu,snack,2024-08-19,1.0,9.77,9.77
98,carl phillips,68.0,hardymouth,158,granola,snack,2024-08-08,4.0,13.9,55.6
100,raymond garcia,40.0,fosterburgh,140,tofu,dairy,2024-07-29,3.0,10.63,31.89
101,daniel choi,67.0,north meganberg,158,granola,vegetable,2024-10-05,1.0,10.11,10.11
102,kayla williams,20.0,port daltonside,103,fresh milk,vegetable,2024-08-09,4.0,7.27,29.08
103,toni gardner,71.0,jimenezview,190,almond butter,organic,2024-01-26,3.0,3.13,9.39
104,justin buckley,59.0,west frank,121,almond butter,vegetable,2024-09-30,3.0,15.69,47.07
105,sonya conway,79.0,port davidburgh,172,organic apples,snack,2024-04-17,2.0,8.8,17.6
106,andrew garza,57.0,west justin,163,fresh milk,organic,2024-05-05,4.0,8.17,32.68
107,brian greene,78.0,aguilarhaven,143,organic apples,vegetable,2024-05-14,4.0,16.15,64.6
108,jason mccormick,70.0,new loristad,132,kale,organic,2024-07-08,1.0,18.71,18.71
109,keith williams,27.0,michellefort,142,tofu,organic,2024-04-17,1.0,6.51,6.51
110,thomas shaw,35.0,calderonside,150,almond butter,vegetable,2024-04-18,3.0,15.08,45.24
111,rebecca anderson,27.0,easr kayla,101,kale,snack,2024-08-10,1.0,3.29,3.29
112,roger lara,63.0,west kellyberg,171,organic apples,dairy,2024-09-08,3.0,16.65,49.95
113,marco jacobson,60.0,portertown,102,kale,snack,2024-06-26,2.0,6.53,13.06
114,vanessa wood,55.0,gailview,111,granola,dairy,2024-04-01,1.0,17.69,17.69
115,matthew aguilar,79.0,juliachester,186,granola,vegetable,2024-03-18,3.0,7.52,22.56
116,calvin king,46.0,port edwin,170,granola,dairy,2024-09-27,1.0,1.1,1.1
117,david owens,35.0,north michaelstad,131,granola,organic,2024-08-30,1.0,12.42,12.42
118,paul weber,55.0,lake joeside,177,fresh milk,snack,2024-04-13,2.0,12.12,24.24
119,jason brown,59.0,south jamie,129,tofu,snack,2024-07-17,4.0,18.3,73.2
120,diana smith,46.0,new charles,189,tofu,vegetable,2024-02-02,4.0,14.44,57.76
121,scott sanchez,65.0,brandonmouth,182,organic apples,organic,2024-09-22,2.0,16.7,33.4
123,valerie blake,61.0,murphyborough,163,kale,vegetable,2024-09-01,1.0,14.71,14.71
124,christine burch,27.0,port aaron,110,tofu,snack,2024-04-14,4.0,4.58,18.32
125,cindy guzman,22.0,west jasontown,174,organic apples,snack,2024-02-24,1.0,17.67,17.67
126,donald ford,77.0,south susan,136,fresh milk,organic,2024-02-05,4.0,7.98,31.92
127,stephanie bentley,28.0,east troy,178,organic apples,snack,2024-10-24,2.0,19.46,38.92
128,joseph rivera,69.0,south kimberlyhaven,161,almond butter,snack,2024-02-27,3.0,2.3,6.9
129,mindy guzman,35.0,east joannaville,120,almond butter,snack,2024-07-09,2.0,10.12,20.24
130,christine nixon,79.0,east amychester,137,organic apples,snack,2024-02-04,2.0,13.09,26.18
131,olivia travis,71.0,franceston,180,granola,organic,2024-02-12,2.0,16.79,33.58
132,thomas fox,23.0,johnsonview,158,almond butter,snack,2024-03-26,1.0,3.95,3.95
133,jon baker,29.0,laceyport,162,fresh milk,organic,2024-08-08,2.0,18.84,37.68
134,dawn moses,18.0,new alexander,138,organic apples,vegetable,2024-03-21,4.0,12.15,48.6
135,nathan hill,58.0,new tracytown,192,organic apples,organic,2024-05-10,3.0,3.02,9.06
137,john clark,73.0,wilkinsview,161,organic apples,dairy,2024-08-25,3.0,1.09,3.2700000000000005
138,tara willis,52.0,lake barry,168,tofu,organic,2024-10-25,2.0,1.91,3.82
139,charles murray,53.0,lake joy,103,tofu,vegetable,2024-08-01,3.0,15.16,45.48
140,mr. david erickson md,71.0,molinatown,156,organic apples,dairy,2024-04-16,3.0,8.08,24.24
141,tiffany nguyen,63.0,east lori,113,almond butter,organic,2024-03-11,3.0,17.79,53.37
142,holly david,65.0,scottmouth,173,organic apples,dairy,2024-04-20,2.0,8.55,17.1
143,chad stephenson,55.0,new charlesmouth,178,kale,vegetable,2024-09-12,4.0,4.59,18.36
144,deanna roberts,39.0,port rachel,130,fresh milk,snack,2024-09-05,4.0,8.76,35.04
145,robert henry,69.0,kellyshire,118,tofu,snack,2024-08-08,3.0,8.88,26.64
146,dana moore,27.0,new karen,123,organic apples,snack,2024-03-14,3.0,18.49,55.47
147,steven thompson,64.0,hoffmanshire,158,tofu,organic,2024-01-26,4.0,8.78,35.12
148,kevin reed,52.0,griffinport,141,kale,snack,2024-04-01,4.0,12.98,51.92
149,lauren johnson,74.0,north ericstad,119,kale,vegetable,2024-04-25,4.0,17.74,70.96
150,ronnie rogers,44.0,portermouth,192,fresh milk,snack,2024-03-11,1.0,12.09,12.09
151,eddie wilcox,70.0,elizabethshire,153,kale,organic,2024-04-24,2.0,12.15,24.3
152,michael quinn,46.0,melissashire,190,tofu,snack,2024-05-09,1.0,15.11,15.11
153,david finley,60.0,raybury,151,granola,dairy,2024-11-06,3.0,19.49,58.47
154,keith parks,76.0,jameston,157,kale,organic,2024-09-20,4.0,17.52,70.08
155,kim taylor,30.0,annefurt,141,organic apples,vegetable,2024-09-24,2.0,15.45,30.9
156,derrick davis,19.0,brownside,184,almond butter,snack,2024-06-26,4.0,2.07,8.28
157,lisa nguyen,45.0,east staceyside,112,tofu,dairy,2024-07-13,3.0,1.33,3.99
158,pamela clarke,64.0,christopherborough,166,granola,organic,2024-03-25,4.0,7.86,31.44
159,kathryn bauer,45.0,west david,180,kale,organic,2024-04-11,1.0,9.4,9.4
160,jeremy werner,40.0,sethside,127,almond butter,vegetable,2024-01-25,4.0,9.44,37.76
162,olivia medina,35.0,south theresa,175,organic apples,organic,2024-04-20,3.0,5.59,16.77
163,teresa bryant,66.0,new tony,106,tofu,vegetable,2024-07-22,2.0,14.68,29.36
164,karen berry,31.0,port christine,120,organic apples,vegetable,2024-02-21,1.0,19.94,19.94
165,elizabeth rich,28.0,lake darrellport,106,fresh milk,organic,2024-02-21,4.0,11.45,45.8
166,robert harrison,33.0,west gabrielle,108,almond butter,snack,2024-04-19,1.0,6.41,6.41
167,patrick price,19.0,north andreaberg,111,almond butter,organic,2024-07-25,3.0,6.78,20.34
168,john cook,52.0,east katherine,120,granola,snack,2024-01-31,3.0,16.79,50.37
169,brian gonzalez,64.0,englishton,186,organic apples,organic,2024-04-28,1.0,427.9,427.9
170,justin bruce,28.0,lake adam,108,almond butter,dairy,2024-04-05,1.0,5.43,5.43
171,patricia lopez,33.0,hoganfurt,173,kale,snack,2024-01-02,4.0,12.69,50.76
173,maria thomas,19.0,joelfort,103,kale,organic,2024-03-05,1.0,12.85,12.85
175,jacob perry,37.0,port candacefurt,130,granola,vegetable,2024-09-09,2.0,4.25,8.5
176,christina smith,52.0,lake gregory,163,kale,dairy,2024-08-19,3.0,11.29,33.87
177,cameron foster,79.0,alexanderberg,170,organic apples,organic,2024-04-12,2.0,17.72,35.44
178,james sanchez,57.0,heberthaven,171,kale,dairy,2024-04-07,3.0,5.27,15.81
180,laura shaw,72.0,south kathryn,170,almond butter,snack,2024-07-26,3.0,11.89,35.67
181,christopher wright,47.0,blankenshipberg,181,organic apples,snack,2024-11-03,2.0,4.72,9.44
182,brianna nguyen,49.0,samanthaton,101,tofu,dairy,2024-10-18,4.0,6.77,27.08
183,tina lewis,79.0,arthurburgh,197,tofu,organic,2024-06-22,1.0,7.4,7.4
184,sean travis,61.0,hartfurt,107,tofu,snack,2024-08-31,4.0,13.93,55.72
185,michael wagner,57.0,north debrahaven,188,fresh milk,organic,2024-07-17,1.0,9.76,9.76
186,paula young,75.0,thomasmouth,138,tofu,snack,2024-01-15,3.0,8.95,26.85
187,john edwards,30.0,lake keith,131,fresh milk,dairy,2024-01-03,1.0,9.96,9.96
188,james parker,60.0,south joeborough,118,fresh milk,snack,2024-06-14,1.0,4.47,4.47
189,kayla santiago,56.0,catherinechester,171,almond butter,dairy,2024-05-29,3.0,9.27,27.81
190,catherine cruz,29.0,andersonborough,105,organic apples,organic,2024-10-02,1.0,9.78,9.78
191,bradley lyons,56.0,east james,105,granola,organic,2024-07-28,4.0,1.03,4.12
192,james taylor,54.0,wilsonview,191,organic apples,snack,2024-03-03,1.0,12.0,12.0
193,jennifer duncan,77.0,juanstad,120,organic apples,organic,2024-03-23,2.0,11.09,22.18
194,nicole thompson,45.0,rosestad,183,fresh milk,organic,2024-05-28,1.0,3.67,3.67
196,christopher nelson,65.0,south austin,192,fresh milk,snack,2024-10-23,4.0,12.22,48.88
197,wendy johnson,72.0,alanberg,188,granola,vegetable,2024-01-14,1.0,9.71,9.71
198,kelly hansen,43.0,sanchezstad,186,almond butter,organic,2024-01-31,1.0,11.44,11.44
199,jacob huang,56.0,north aaronberg,162,fresh milk,snack,2024-03-18,1.0,3.55,3.55
200,mrs. shannon lopez,41.0,south danachester,160,kale,snack,2024-10-16,2.0,17.49,34.98
201,stacy brown,61.0,lake danielberg,130,organic apples,snack,2024-01-01,2.0,17.25,34.5
202,benjamin padilla,28.0,west joseph,175,organic apples,snack,2024-09-08,4.0,16.41,65.64
203,william perry,41.0,west williammouth,109,almond butter,dairy,2024-06-24,2.0,1.04,2.08
204,mary davis,49.0,powellburgh,114,tofu,vegetable,2024-06-05,2.0,7.41,14.82
205,emily dalton,35.0,west andrew,165,almond butter,organic,2024-05-12,4.0,5.43,21.72
206,kyle gonzalez,44.0,new william,174,almond butter,vegetable,2024-07-01,2.0,7.9,15.8
207,william adams,77.0,north amberport,186,granola,organic,2024-09-25,2.0,14.2,28.4
208,mark gomez,70.0,michelleport,142,kale,organic,2024-04-08,2.0,18.27,36.54
209,beverly mcclure,20.0,orozcoville,117,kale,vegetable,2024-11-04,4.0,5.05,20.2
210,carol marshall,58.0,port susan,163,organic apples,snack,2024-04-27,3.0,12.24,36.72
212,anna barrett,76.0,south charlesville,120,tofu,dairy,2024-02-07,2.0,11.07,22.14
213,taylor martin,72.0,port juan,166,fresh milk,dairy,2024-07-15,1.0,14.45,14.45
214,lacey larson,27.0,patrickmouth,163,organic apples,organic,2024-04-19,1.0,13.47,13.47
215,jamie terry,34.0,north pamela,108,organic apples,vegetable,2024-02-25,1.0,19.94,19.94
216,elizabeth nelson,73.0,east robert,122,almond butter,snack,2024-03-31,2.0,14.64,29.28
217,ariana davies,18.0,josephberg,191,granola,snack,2024-09-16,2.0,9.14,18.28
218,danny thompson,35.0,rodriguezberg,125,tofu,dairy,2024-04-21,2.0,15.35,30.7
219,david richardson,21.0,markstown,150,kale,organic,2024-02-25,2.0,1.86,3.72
220,andrew cohen,57.0,west lindaberg,124,kale,dairy,2024-05-01,4.0,14.22,56.88
221,jason wheeler,71.0,north sarah,189,kale,organic,2024-06-02,2.0,10.87,21.74
222,clayton stafford,32.0,jennifermouth,121,fresh milk,vegetable,2024-09-24,4.0,12.53,50.12
223,anthony moore,36.0,lake allenbury,192,organic apples,organic,2024-02-09,1.0,13.7,13.7
224,steven allen,57.0,east taramouth,123,fresh milk,organic,2024-04-20,4.0,11.43,45.72
226,jonathan avila,69.0,vincentside,191,almond butter,snack,2024-05-01,2.0,17.98,35.96
227,jordan doyle,35.0,jamiestad,142,organic apples,organic,2024-05-14,4.0,3.13,12.52
229,karen luna,66.0,livingstonchester,116,organic apples,dairy,2024-02-04,1.0,18.35,18.35
230,anthony stone,64.0,south matthew,140,granola,organic,2024-06-23,1.0,5.99,5.99
231,katie morris,41.0,rebeccachester,189,organic apples,dairy,2024-03-02,4.0,15.35,61.4
233,sarah holland,62.0,wesw grantport,161,fresh milk,organic,2024-09-21,2.0,6.24,12.48
234,karen logan,29.0,south lisaville,138,almond butter,vegetable,2024-06-03,1.0,16.67,16.67
235,tabitha schultz,56.0,west michaelstad,179,almond butter,snack,2024-06-04,1.0,15.08,15.08
236,lisa parker,56.0,new thomas,134,organic apples,organic,2024-09-24,2.0,14.07,28.14
238,eddie phillips,50.0,west michellehaven,114,almond butter,dairy,2024-05-18,1.0,14.27,14.27
239,tamara davis,57.0,east michaelfort,155,almond butter,snack,2024-09-01,4.0,16.76,67.04
240,darryl smith,60.0,simschester,132,fresh milk,vegetable,2024-04-08,3.0,15.52,46.56
241,rebecca clarke,59.0,north kara,144,organic apples,dairy,2024-06-19,2.0,5.83,11.66
242,julie hess,59.0,elizabethside,153,granola,organic,2024-03-26,2.0,7.33,14.66
243,ricky cooper,24.0,kimberlyberg,112,organic apples,vegetable,2024-03-30,2.0,194.39,388.78
244,eric shaffer,30.0,west crystalberg,123,granola,dairy,2024-08-31,1.0,12.45,12.45
245,matthew sosa,23.0,whiteside,114,organic apples,dairy,2024-07-10,1.0,3.26,3.26
247,richard trevino,75.0,lake kelsey,174,fresh milk,dairy,2024-03-25,1.0,14.26,14.26
248,ashley henderson,39.0,reyesmouth,182,almond butter,dairy,2024-07-28,1.0,2.71,2.71
249,julie li,44.0,torresside,199,granola,dairy,2024-03-23,1.0,7.16,7.16
250,michael simpson,49.0,north kaitlin,148,fresh milk,dairy,2024-05-06,3.0,1.0,3.0
251,karen henderson,22.0,sanfordfort,110,organic apples,snack,2024-10-23,4.0,6.46,25.84
252,robert smith,36.0,west jacobshire,142,fresh milk,vegetable,2024-08-15,3.0,6.57,19.71
253,shannon jones,77.0,north samantha,147,fresh milk,organic,2024-11-06,2.0,14.36,28.72
254,david ayers,38.0,lake susan,187,granola,dairy,2024-06-22,4.0,15.6,62.4
256,julie johnson,53.0,ayalabury,112,kale,organic,2024-05-02,4.0,18.94,75.76
257,tyler perry,25.0,johnsontown,189,almond butter,dairy,2024-05-21,2.0,12.65,25.3
258,rebekah bailey,70.0,franklintown,158,almond butter,dairy,2024-08-01,4.0,291.89,1167.56
259,martin avila,75.0,west frank,132,organic apples,snack,2024-05-13,1.0,9.35,9.35
260,john anderson,46.0,new nicole,131,organic apples,vegetable,2024-03-18,1.0,5.68,5.68
261,jonathan harris,24.0,south stephenshire,170,granola,snack,2024-08-31,3.0,12.44,37.32
262,kyle kent md,78.0,west glenntown,161,fresh milk,vegetable,2024-01-20,3.0,17.23,51.69
263,theresa perkins,68.0,alexanderton,132,granola,snack,2024-02-06,3.0,11.01,33.03
264,joshua evans,46.0,port tamaratown,182,fresh milk,snack,2024-10-19,2.0,10.57,21.14
265,carrie adams,44.0,west elizabethport,110,organic apples,snack,2024-07-11,3.0,7.96,23.88
266,eric wheeler,23.0,east richard,140,kale,organic,2024-03-14,2.0,10.39,20.78
267,chad carter,51.0,lake stacyport,130,almond butter,snack,2024-04-29,2.0,8.27,16.54
268,beth johnson,68.0,new traci,107,organic apples,organic,2024-07-05,2.0,11.87,23.74
269,brian dean,49.0,normanhaven,126,kale,snack,2024-05-04,3.0,6.8,20.4
270,thomas kelly,73.0,moralesport,194,granola,dairy,2024-01-06,2.0,15.61,31.22
271,angelica miller,52.0,east erikafurt,191,organic apples,snack,2024-08-23,1.0,17.26,17.26
272,christine medina,32.0,south katherineview,131,almond butter,vegetable,2024-07-11,3.0,9.84,29.52
273,dustin reynolds,25.0,north helenview,117,kale,dairy,2024-01-03,3.0,11.16,33.480000000000004
274,carol baker,51.0,collinsland,153,tofu,dairy,2024-01-27,4.0,4.6,18.4
275,erika davis,73.0,south amber,113,tofu,vegetable,2024-02-19,3.0,12.18,36.54
276,john russell,26.0,lake lisa,101,granola,snack,2024-05-15,3.0,11.14,33.42
277,larry bridges,35.0,south katie,154,kale,dairy,2024-09-02,2.0,5.88,11.76
278,tracy hansen,49.0,north gregory,199,fresh milk,snack,2024-04-12,3.0,14.18,42.54
279,brittany rogers,50.0,brewerville,173,tofu,organic,2024-07-11,1.0,11.83,11.83
281,martha diaz,71.0,lindashire,116,granola,dairy,2024-08-27,2.0,15.68,31.36
282,walter huerta,44.0,new sarah,136,fresh milk,snack,2024-01-19,2.0,3.32,6.64
283,mark morales,63.0,new cynthia,127,almond butter,snack,2024-05-17,1.0,6.22,6.22
284,phillip washington,27.0,maryburgh,103,kale,snack,2024-01-17,4.0,15.32,61.28
285,elizabeth reynolds,33.0,vangport,136,tofu,vegetable,2024-10-30,3.0,10.08,30.24
286,anthony norris,62.0,lake debbie,127,organic apples,snack,2024-07-07,2.0,4.42,8.84
287,brenda chandler,32.0,south jenniferside,101,almond butter,organic,2024-10-25,4.0,6.56,26.24
288,emily martin,61.0,port dawn,189,fresh milk,dairy,2024-08-08,1.0,13.04,13.04
289,robin randolph,58.0,new ann,107,almond butter,vegetable,2024-04-06,2.0,7.14,14.28
291,brandi chavez,53.0,destinyside,173,tofu,vegetable,2024-04-23,3.0,13.37,40.11
292,jonathan sparks,22.0,lake manuel,106,kale,vegetable,2024-04-24,2.0,7.49,14.98
293,julie jenkins,25.0,south jamie,133,granola,vegetable,2024-10-12,4.0,397.04,1588.16
294,hayden miller,60.0,port robert,118,kale,organic,2024-05-18,2.0,8.7,17.4
295,theresa diaz,32.0,micheleland,103,tofu,organic,2024-05-01,4.0,13.14,52.56
296,brian rice,34.0,heatherfort,173,kale,snack,2024-07-18,1.0,18.79,18.79
297,angela lawson,76.0,diazmouth,182,tofu,organic,2024-06-09,2.0,4.74,9.48
298,kevin doyle,75.0,shortview,198,kale,organic,2024-05-23,4.0,7.32,29.28
299,lynn hubbard,78.0,caitlynmouth,183,tofu,organic,2024-09-09,3.0,16.83,50.49
300,hannah rangel,43.0,mossville,105,fresh milk,snack,2024-01-20,3.0,4.24,12.72
301,edward wood,42.0,reneeborough,192,almond butter,vegetable,2024-01-24,3.0,8.64,25.92
302,michael arias,26.0,east tommyport,121,organic apples,organic,2024-05-10,3.0,5.29,15.87
303,shannon colon,18.0,port jeffrey,161,fresh milk,vegetable,2024-09-25,2.0,10.3,20.6
304,rachel morales,47.0,east willie,153,tofu,organic,2024-02-06,3.0,11.28,33.84
306,theodore simpson,76.0,larrybury,153,almond butter,vegetable,2024-10-26,4.0,16.99,67.96
307,jason cobb,23.0,elizabethmouth,180,granola,dairy,2024-06-26,4.0,19.64,78.56
308,elaine jackson,29.0,tyroneside,132,kale,dairy,2024-06-16,2.0,6.83,13.66
309,emily kim,65.0,new phillipfurt,131,almond butter,organic,2024-10-06,3.0,3.1,9.3
310,dr. charles flores,34.0,east nancyshire,102,granola,snack,2024-09-04,4.0,2.0,8.0
311,jennifer olson,69.0,kellyside,108,organic apples,snack,2024-03-11,2.0,3.93,7.86
313,jacob pope,44.0,south john,102,tofu,snack,2024-09-01,1.0,17.87,17.87
314,daniel golden,72.0,triutanmouth,134,granola,dairy,2024-05-14,3.0,8.84,26.52
316,alexander contreras,46.0,south christopher,153,organic apples,dairy,2024-02-08,4.0,3.26,13.04
317,ricky williams,21.0,lake lisaport,101,fresh milk,dairy,2024-08-07,2.0,11.28,22.56
318,tony hahn,24.0,lake trevorside,152,kale,vegetable,2024-07-30,3.0,13.16,39.48
319,jennifer henry,65.0,waltontown,191,organic apples,snack,2024-03-23,4.0,19.24,76.96
320,lisa huffman phd,37.0,garciastad,110,kale,organic,2024-02-27,2.0,16.73,33.46
321,sean hill,44.0,port daniel,173,fresh milk,vegetable,2024-02-23,134.0,10.58,1417.72
322,kenneth richardson,50.0,christianview,173,almond butter,dairy,2024-03-30,4.0,10.0,40.0
323,valerie pena,48.0,south charlesberg,150,almond butter,organic,2024-03-07,4.0,6.63,26.52
324,ethan wright,74.0,coreychester,198,tofu,organic,2024-10-03,2.0,13.55,27.1
325,matthew moss,65.0,jenniferton,131,organic apples,organic,2024-04-23,1.0,18.32,18.32
326,ashley hodges dds,58.0,lake christinemouth,175,tofu,organic,2024-01-03,1.0,19.64,19.64
327,julie benson,47.0,fisherton,171,organic apples,organic,2024-06-20,1.0,17.16,17.16
328,elizabeth allen,67.0,davidhaven,185,granola,organic,2024-01-16,3.0,14.03,42.09
329,laura sanchez,27.0,port lawrenceland,145,fresh milk,snack,2024-05-02,3.0,13.76,41.28
330,julie johnson,71.0,christopherchester,121,fresh milk,organic,2024-06-25,1.0,2.48,2.48
331,jonathon hanson,43.0,new ericport,139,organic apples,dairy,2024-10-04,1.0,11.54,11.54
332,brandi romero,46.0,cherylborough,121,granola,vegetable,2024-01-15,1.0,8.29,8.29
333,sherry white,39.0,jenniferton,189,granola,organic,2024-07-04,2.0,4.42,8.84
334,billy martin dds,67.0,ryanton,165,granola,dairy,2024-03-06,4.0,10.69,42.76
335,richard james,30.0,kaylamouth,167,tofu,vegetable,2024-09-25,3.0,2.09,6.27
336,benjamin stokes,51.0,south lawrenceborough,126,fresh milk,dairy,2024-11-06,3.0,5.23,15.69
337,francisco jones,58.0,north thomasmouth,122,organic apples,vegetable,2024-05-29,1.0,8.03,8.03
338,derek gutierrez jr.,29.0,port alejandra,180,kale,dairy,2024-01-04,1.0,8.47,8.47
339,gregory price,51.0,marialand,108,organic apples,vegetable,2024-02-17,4.0,14.24,56.96
340,janet clark,37.0,elizabethmouth,169,kale,dairy,2024-04-13,2.0,6.01,12.02
341,carol sanders,56.0,justinmouth,100,kale,vegetable,2024-01-05,1.0,3.75,3.75
342,travis weaver,77.0,ericside,174,fresh milk,snack,2024-03-26,1.0,7.93,7.93
343,haley jones,69.0,new jamesshire,161,kale,organic,2024-10-22,4.0,11.25,45.0
344,mark reid,61.0,greenville,137,organic apples,dairy,2024-11-02,4.0,6.83,27.32
345,michelle evans,33.0,grantmouth,103,kale,vegetable,2024-08-29,4.0,16.91,67.64
346,paul wright,44.0,port monica,196,granola,organic,2024-03-04,1.0,19.19,19.19
347,calvin lee,39.0,east sharon,113,kale,organic,2024-10-23,1.0,17.51,17.51
348,stephanie mills,76.0,donovanfort,134,tofu,vegetable,2024-03-07,4.0,13.29,53.16
349,steve baxter,29.0,port nicole,116,almond butter,snack,2024-11-04,3.0,10.11,30.33
350,christine allen,73.0,south joshua,111,kale,snack,2024-01-27,4.0,15.81,63.24
351,lance robinson,37.0,new danamouth,106,almond butter,vegetable,2024-05-23,3.0,7.52,22.56
352,dr. kelly black,60.0,north michaelchester,170,organic apples,snack,2024-09-25,4.0,12.86,51.44
353,gabrielle carlson,47.0,matthewside,198,fresh milk,dairy,2024-03-25,2.0,6.13,12.26
355,craig dickerson,46.0,east richardstad,117,fresh milk,snack,2024-08-12,1.0,16.12,16.12
356,allison smith,45.0,jamesport,145,almond butter,dairy,2024-04-19,1.0,19.27,19.27
357,stephanie wang,49.0,johnmouth,148,fresh milk,dairy,2024-05-18,1.0,14.74,14.74
358,michael clements,63.0,port lindamouth,199,kale,snack,2024-05-15,3.0,17.48,52.44
359,austin carroll,72.0,dianaton,129,organic apples,snack,2024-05-25,2.0,8.92,17.84
360,edward garcia,27.0,east matthew,144,almond butter,organic,2024-03-05,2.0,8.9,17.8
361,robin foster,18.0,kellyhaven,106,almond butter,vegetable,2024-02-09,1.0,9.69,9.69
362,timothy cisneros,59.0,south jamesville,109,tofu,organic,2024-03-27,4.0,115.1,460.4
363,michelle hudson,22.0,tammyberg,125,fresh milk,vegetable,2024-08-18,3.0,3.17,9.51
364,whitney acosta,71.0,donaldchester,173,almond butter,vegetable,2024-01-02,1.0,13.26,13.26
365,jonathan smith,75.0,kevinland,186,granola,dairy,2024-01-14,1.0,16.59,16.59
367,stephanie pratt,24.0,west jennifer,127,tofu,dairy,2024-06-16,2.0,17.87,35.74
369,sara yang,62.0,normanhaven,101,tofu,snack,2024-04-20,3.0,6.85,20.55
371,jennifer fields,60.0,woodston,179,kale,dairy,2024-08-29,4.0,3.3,13.2
372,jason williams,48.0,andersontown,111,almond butter,snack,2024-03-19,1.0,9.36,9.36
373,kent hoffman,18.0,jamesberg,183,fresh milk,organic,2024-10-29,4.0,15.87,63.48
374,tina clark,75.0,scottton,192,almond butter,vegetable,2024-07-10,1.0,7.5,7.5
376,justin daniels,65.0,garyfort,185,almond butter,vegetable,2024-04-23,2.0,6.39,12.78
377,christopher cannon,71.0,north brendabury,136,tofu,snack,2024-01-03,2.0,16.98,33.96
379,molly eaton,61.0,south gregory,168,granola,vegetable,2024-03-15,2.0,17.97,35.94
380,kimberly pittman,74.0,east gregoryfort,127,kale,dairy,2024-06-04,1.0,16.26,16.26
381,kara wade,27.0,brownton,156,granola,organic,2024-05-06,2.0,5.43,10.86
382,brianna carroll,60.0,laneside,137,tofu,vegetable,2024-03-19,2.0,18.99,37.98
383,megan mcclure,56.0,east daniel,189,organic apples,snack,2024-01-14,4.0,6.78,27.12
384,john jacobs,18.0,new tamara,155,fresh milk,dairy,2024-09-03,3.0,7.03,21.09
385,amanda jones,49.0,woodsmouth,144,tofu,organic,2024-09-01,3.0,7.58,22.74
386,laura harvey,40.0,thomaston,151,tofu,snack,2024-10-14,1.0,19.52,19.52
388,chad smith,77.0,north jeffrey,158,tofu,organic,2024-01-17,3.0,4.62,13.86
389,amy briggs,27.0,woodfurt,101,organic apples,snack,2024-11-05,2.0,17.63,35.26
390,brian burgess,31.0,west michael,121,fresh milk,vegetable,2024-02-22,4.0,9.67,38.68
391,jerry hunt,26.0,amandaport,126,organic apples,organic,2024-10-18,1.0,16.81,16.81
392,shawn armstrong,58.0,spencehaven,143,almond butter,vegetable,2024-08-28,1.0,3.46,3.46
393,jessica robinson,74.0,raymouth,140,fresh milk,dairy,2024-07-27,2.0,2.94,5.88
394,shawn martin,70.0,north staceyfort,140,tofu,dairy,2024-09-24,3.0,5.24,15.72
395,michael bond,73.0,wintersville,103,granola,vegetable,2024-07-29,4.0,2.27,9.08
396,kimberly le,46.0,reginaldshire,162,kale,snack,2024-03-08,3.0,17.07,51.21
397,joseph adams,20.0,jamesstad,114,organic apples,dairy,2024-09-04,3.0,4.99,14.97
399,pamela greene,79.0,port rebeccaview,173,kale,dairy,2024-06-28,2.0,16.05,32.1
400,leslie rodriguez,59.0,robertsstad,100,tofu,dairy,2024-08-02,1.0,17.95,17.95
402,leah alvarado,61.0,ferrelltown,163,tofu,organic,2024-02-27,3.0,10.77,32.31
403,marie singleton,78.0,lake heidi,118,fresh milk,vegetable,2024-09-14,4.0,14.46,57.84
404,pamela smith,48.0,lake alisha,191,organic apples,dairy,2024-02-26,1.0,9.26,9.26
405,dr. eric atkinson,58.0,port davidview,126,fresh milk,vegetable,2024-05-03,4.0,17.6,70.4
406,craig woodard,42.0,vegaville,178,kale,snack,2024-07-05,1.0,16.36,16.36
407,lisa snyder,30.0,jenniferchester,100,kale,snack,2024-08-19,1.0,1.54,1.54
408,patricia roach,50.0,south elizabethtown,190,kale,vegetable,2024-02-05,3.0,1.26,3.78
409,jeffrey howard,69.0,kellyshire,171,kale,dairy,2024-08-16,4.0,10.59,42.36
410,jonathan ryan,77.0,west desiree,159,granola,vegetable,2024-07-07,3.0,13.21,39.63
411,jill johnson,62.0,lake ashleechester,106,granola,organic,2024-03-22,4.0,19.28,77.12
412,bonnie wood,62.0,lake amyfort,113,tofu,vegetable,2024-07-11,1.0,11.26,11.26
413,connor williams,58.0,charlesview,150,kale,vegetable,2024-05-16,1.0,5.4,5.4
414,daniel solomon,18.0,jacksonhaven,121,organic apples,vegetable,2024-06-12,2.0,2.2,4.4
415,brittney jackson,19.0,brittanyhaven,186,granola,dairy,2024-03-01,2.0,9.13,18.26
416,frances steele,69.0,madisonside,165,tofu,snack,2024-10-02,1.0,8.54,8.54
417,andrew white,77.0,brandonbury,114,tofu,organic,2024-01-13,1.0,12.13,12.13
419,david baker,74.0,shawhaven,181,almond butter,snack,2024-10-07,3.0,9.75,29.25
420,kristen reeves,68.0,justinton,189,granola,organic,2024-10-11,3.0,10.81,32.43
421,douglas macias,67.0,adrianbury,164,granola,organic,2024-04-14,3.0,13.98,41.94
422,elijah whitehead,51.0,wilsonfort,104,granola,vegetable,2024-11-08,4.0,16.51,66.04
423,catherine white,71.0,christopherland,177,tofu,organic,2024-06-23,1.0,11.75,11.75
425,jennifer garcia,49.0,new lisa,189,granola,dairy,2024-02-14,3.0,6.59,19.77
426,madison lindsey,65.0,rodneyview,194,fresh milk,organic,2024-07-23,3.0,5.44,16.32
427,courtney good,59.0,garyhaven,118,fresh milk,vegetable,2024-03-13,3.0,1.43,4.29
428,jason becker,77.0,calvinshire,146,fresh milk,organic,2024-11-03,4.0,7.09,28.36
429,julie cantrell,56.0,gregorymouth,152,granola,organic,2024-09-17,4.0,10.76,43.04
430,adam gonzalez,43.0,lawsonstad,196,granola,snack,2024-02-09,3.0,18.88,56.64
431,dana brown,33.0,lake michael,138,granola,organic,2024-05-18,2.0,13.49,26.98
432,lori martin,52.0,tammyburgh,183,almond butter,snack,2024-01-16,2.0,10.41,20.82
433,dennis luna,18.0,east deborah,158,fresh milk,organic,2024-04-06,4.0,13.14,52.56
434,christopher snyder,66.0,tapialand,103,granola,snack,2024-10-15,2.0,11.95,23.9
435,micheal beasley,32.0,north james,123,kale,organic,2024-05-15,1.0,9.41,9.41
437,sonia baker,76.0,carolynside,144,organic apples,vegetable,2024-05-09,1.0,19.81,19.81
438,mathew franco,58.0,stewartton,121,kale,vegetable,2024-08-02,3.0,4.36,13.080000000000002
439,adam salas,19.0,port lee,142,fresh milk,snack,2024-04-08,2.0,18.95,37.9
440,rachel knight,48.0,matthewbury,141,almond butter,organic,2024-03-17,1.0,18.71,18.71
441,jessica fernandez,19.0,east charles,155,kale,vegetable,2024-01-14,1.0,18.12,18.12
442,thomas key md,74.0,harrisonland,189,organic apples,dairy,2024-07-26,3.0,15.56,46.68
443,jeffrey reyes,41.0,lake david,153,granola,snack,2024-10-07,2.0,2.36,4.72
444,eugene flores,20.0,lake courtney,159,granola,organic,2024-05-08,4.0,9.76,39.04
446,veronica rice,74.0,dayfurt,170,fresh milk,vegetable,2024-01-17,3.0,1.7,5.1
447,craig oliver,29.0,lesterfurt,117,kale,dairy,2024-05-16,2.0,3.71,7.42
448,danielle sweeney,74.0,lake darren,162,fresh milk,dairy,2024-08-30,1.0,4.66,4.66
449,ashley hodges,25.0,shelleytown,151,kale,organic,2024-10-22,1.0,6.63,6.63
450,charles singleton,77.0,jacquelineshire,156,fresh milk,snack,2024-01-05,4.0,10.14,40.56
451,louis powell,32.0,wilsonshire,101,almond butter,dairy,2024-04-13,3.0,17.47,52.41
452,kristen clark,46.0,port melodyburgh,171,granola,vegetable,2024-08-25,3.0,6.32,18.96
453,ronald lyons,55.0,glenntown,101,kale,vegetable,2024-01-15,2.0,13.87,27.74
454,randy rivera,70.0,freemanfort,162,almond butter,vegetable,2024-11-02,1.0,17.13,17.13
455,justin clarke,78.0,juliaton,144,kale,vegetable,2024-10-19,2.0,14.81,29.62
456,wendy harris,55.0,east melissahaven,172,kale,vegetable,2024-10-27,4.0,14.54,58.16
457,brooke reynolds,57.0,east curtis,185,tofu,vegetable,2024-07-21,3.0,12.1,36.3
458,richard gould,66.0,woodstad,199,granola,dairy,2024-01-16,1.0,1.65,1.65
459,alexander villarreal,51.0,south courtney,141,organic apples,vegetable,2024-08-15,3.0,9.16,27.48
461,dr. mitchell adams,53.0,matthewborough,112,tofu,dairy,2024-01-29,2.0,16.37,32.74
462,james cohen,25.0,cassandrachester,100,organic apples,dairy,2024-08-24,4.0,14.61,58.44
463,richard murphy,26.0,amandaville,172,fresh milk,organic,2024-04-15,3.0,19.43,58.29
465,randall fuller,58.0,tiffanyville,145,granola,organic,2024-10-28,3.0,17.02,51.06
466,samuel weaver,71.0,port phillip,101,tofu,organic,2024-09-07,3.0,5.68,17.04
467,mary carroll,30.0,new jennifer,120,fresh milk,snack,2024-06-06,3.0,19.3,57.900000000000006
468,shannon hayes,42.0,philipstad,198,fresh milk,dairy,2024-07-05,2.0,13.76,27.52
469,donna cabrera,35.0,johnbury,182,almond butter,organic,2024-05-19,2.0,10.4,20.8
470,michelle lewis,77.0,jamesport,113,kale,dairy,2024-05-28,3.0,18.27,54.81
471,brenda walker,20.0,west jenniferton,164,organic apples,organic,2024-09-29,1.0,11.56,11.56
472,casey young,51.0,west jessicafurt,109,almond butter,organic,2024-10-06,4.0,8.48,33.92
473,mr. daniel burns md,67.0,johnsonberg,173,organic apples,vegetable,2024-09-02,4.0,11.35,45.4
475,karen stafford,75.0,clarkland,151,tofu,vegetable,2024-08-17,3.0,1.21,3.63
476,brian johns,67.0,east kelsey,161,tofu,vegetable,2024-02-07,1.0,4.18,4.18
477,john reyes,68.0,peterfort,116,granola,vegetable,2024-01-15,1.0,13.09,13.09
478,edward lara,65.0,east kennethview,156,tofu,organic,2024-11-04,2.0,18.99,37.98
479,jeremy hill,73.0,lake michael,179,tofu,vegetable,2024-09-06,3.0,4.97,14.91
480,kaitlyn harvey,75.0,johnsonton,148,organic apples,snack,2024-10-12,4.0,2.39,9.56
481,sabrina cordova,64.0,lake amber,165,kale,snack,2024-07-20,2.0,18.56,37.12
482,donna hughes,48.0,bridgetmouth,154,fresh milk,vegetable,2024-08-07,3.0,2.66,7.98
483,rhonda hicks,31.0,port stephanieshire,107,granola,snack,2024-02-16,4.0,16.68,66.72
484,james garcia,65.0,new michael,176,fresh milk,snack,2024-06-18,3.0,19.06,57.17999999999999
485,molly roach,61.0,west emilyview,161,fresh milk,vegetable,2024-09-04,4.0,13.19,52.76
486,marie conley,78.0,north robertashire,115,tofu,vegetable,2024-03-14,1.0,4.65,4.65
487,jody campbell,73.0,lake lindafort,100,organic apples,organic,2024-05-05,1.0,9.0,9.0
488,casey garcia,72.0,new samuelchester,167,kale,snack,2024-05-19,1.0,3.96,3.96
489,stephanie glover,20.0,wilcoxville,134,kale,snack,2024-08-27,3.0,10.95,32.849999999999994
490,jorge haley,48.0,nancyland,168,granola,organic,2024-01-12,2.0,2.97,5.94
491,laura roth,61.0,new mikeport,148,granola,dairy,2024-08-26,3.0,5.02,15.06
492,sean robinson,44.0,port anitahaven,179,almond butter,snack,2024-05-16,4.0,11.26,45.04
493,christopher williams,23.0,lesliefort,197,granola,vegetable,2024-06-29,2.0,7.83,15.66
494,charles watts,73.0,barnesmouth,179,organic apples,snack,2024-04-08,1.0,7.56,7.56
495,melissa warner,18.0,marybury,164,fresh milk,dairy,2024-05-07,3.0,7.97,23.91
496,bruce carr,74.0,lake brittany,130,almond butter,vegetable,2024-01-20,3.0,10.21,30.630000000000003
497,andrew williams,40.0,lake jessica,190,almond butter,organic,2024-06-13,3.0,11.36,34.08
498,michelle brennan,20.0,laurieburgh,156,granola,dairy,2024-08-02,3.0,9.91,29.73
499,vickie sellers,26.0,justinfort,157,tofu,organic,2024-09-10,4.0,14.9,59.6
500,brandon bowman,28.0,new jamieville,165,fresh milk,vegetable,2024-07-20,1.0,1.17,1.17
501,angela brown dvm,43.0,brownmouth,198,tofu,vegetable,2024-10-25,2.0,17.79,35.58
502,kelsey howell,40.0,east patrick,152,fresh milk,organic,2024-10-18,1.0,1.4,1.4
503,erin hamilton,53.0,new heidi,132,almond butter,dairy,2024-02-17,1.0,16.44,16.44
504,melissa campbell,45.0,angelabury,171,fresh milk,vegetable,2024-04-27,2.0,6.11,12.22
505,morgan jennings,37.0,mendozabury,192,organic apples,dairy,2024-09-05,1.0,18.41,18.41
506,elizabeth hicks,49.0,port patrickborough,197,almond butter,organic,2024-10-07,3.0,4.47,13.41
507,lisa flowers,54.0,coxborough,129,organic apples,snack,2024-02-24,2.0,14.86,29.72
509,shawn farmer,73.0,tuckermouth,195,organic apples,organic,2024-08-24,4.0,19.49,77.96
510,jordan nguyen,67.0,rodneystad,197,almond butter,dairy,2024-06-17,2.0,11.66,23.32
511,keith gutierrez,60.0,cookborough,110,fresh milk,snack,2024-09-01,4.0,15.51,62.04
512,angela dennis,20.0,new ronaldshire,188,fresh milk,snack,2024-08-13,4.0,14.47,57.88
513,james banks,24.0,catherineshire,183,granola,organic,2024-05-18,2.0,9.84,19.68
514,april wyatt,34.0,millershire,174,almond butter,organic,2024-10-25,4.0,4.57,18.28
515,paul erickson,68.0,east jasonborough,119,almond butter,dairy,2024-03-03,1.0,146.87,146.87
516,laura byrd,21.0,douglasland,141,kale,vegetable,2024-06-21,3.0,8.88,26.64
517,molly whitaker,48.0,north brian,180,almond butter,organic,2024-05-28,1.0,16.49,16.49
518,carl hernandez,39.0,sarthberg,161,kale,organic,2024-08-03,4.0,1.72,6.88
520,andrew wilson,25.0,new matthew,144,organic apples,vegetable,2024-08-03,3.0,12.29,36.87
521,jesse sanders,22.0,danastad,108,fresh milk,snack,2024-07-17,3.0,12.62,37.86
522,barbara humphrey,67.0,michaelshire,103,organic apples,snack,2024-06-17,3.0,2.84,8.52
523,trevor larsen,72.0,sheliaton,150,kale,organic,2024-01-12,4.0,1.97,7.88
524,angela johnston md,64.0,souah ericville,162,kale,organic,2024-09-18,2.0,14.11,28.22
525,allison mcintyre,67.0,south lisa,140,organic apples,vegetable,2024-10-23,4.0,4.65,18.6
526,ashley miller,37.0,mcgrathfurt,187,fresh milk,organic,2024-09-23,2.0,18.47,36.94
528,gary bond,34.0,harrisborough,100,almond butter,snack,2024-06-04,1.0,18.64,18.64
529,morgan humphrey,37.0,port bryanstad,125,organic apples,snack,2024-03-07,3.0,7.61,22.83
530,chase yates,77.0,north jeffreyshire,115,fresh milk,dairy,2024-09-05,3.0,7.57,22.71
531,kathryn evans,78.0,robertfurt,121,organic apples,vegetable,2024-01-10,2.0,19.78,39.56
532,martin martin,23.0,danaport,189,organic apples,dairy,2024-10-28,2.0,4.92,9.84
533,stacy jones,64.0,east christopherfurt,178,organic apples,snack,2024-07-26,1.0,19.02,19.02
534,sharon guzman md,25.0,wrightmouth,163,granola,organic,2024-07-29,3.0,9.47,28.410000000000004
535,steven stewart,55.0,kathryntown,108,tofu,vegetable,2024-10-07,3.0,7.8,23.4
536,jeffrey jackson,56.0,greenport,166,kale,snack,2024-02-25,4.0,8.82,35.28
537,sarah walker,66.0,lake bruceton,105,organic apples,organic,2024-10-16,1.0,16.78,16.78
538,michael cisneros,61.0,nicoletown,164,granola,vegetable,2024-06-12,3.0,17.67,53.010000000000005
539,jeremiah lewis,24.0,port jasonstad,190,granola,snack,2024-05-17,4.0,1.27,5.08
540,jeanette martinez,33.0,allenhaven,198,organic apples,snack,2024-08-19,2.0,4.91,9.82
541,miguel buckley,55.0,north stephanie,191,fresh milk,vegetable,2024-06-20,4.0,4.07,16.28
542,kimberly guzman,43.0,robertsfort,109,tofu,snack,2024-10-21,3.0,17.07,51.21
544,troy mcdonald,48.0,fosterhaven,153,granola,dairy,2024-10-19,3.0,2.89,8.67
545,haley jordan,61.0,ericville,173,organic apples,organic,2024-07-04,2.0,9.93,19.86
546,latasha james,33.0,east benjamin,102,fresh milk,organic,2024-10-20,1.0,2.91,2.91
547,kent mahoney,44.0,ashleytown,156,fresh milk,snack,2024-09-05,4.0,11.81,47.24
548,steven taylor,36.0,port lindsay,189,tofu,dairy,2024-01-12,1.0,2.49,2.49
549,jose andersen,64.0,medinahaven,153,tofu,vegetable,2024-01-05,2.0,9.95,19.9
550,jamie mccann,41.0,gabrielbury,168,almond butter,snack,2024-06-20,3.0,13.74,41.22
551,christina wright,24.0,south christinaville,119,kale,vegetable,2024-03-06,3.0,12.15,36.45
552,michael perkins md,39.0,markmouth,198,kale,snack,2024-03-06,4.0,10.08,40.32
553,melissa bennett,69.0,north jennaborough,116,organic apples,organic,2024-07-06,3.0,2.42,7.26
554,kurt ashley,28.0,lopezport,123,tofu,vegetable,2024-09-05,4.0,4.11,16.44
555,julie morgan,77.0,pruittton,198,organic apples,dairy,2024-07-21,3.0,3.83,11.49
556,donald cruz,56.0,harmonshire,133,organic apples,snack,2024-04-12,4.0,13.49,53.96
557,sandra stuart,50.0,west patriciachester,163,granola,vegetable,2024-09-06,1.0,9.12,9.12
558,seth hill,32.0,brewerfort,158,fresh milk,vegetable,2024-08-24,2.0,16.98,33.96
559,denise wagner,40.0,diatville,195,fresh milk,organic,2024-04-04,3.0,11.3,33.900000000000006
560,ryan jensen,30.0,johnsonton,168,almond butter,vegetable,2024-09-01,140.0,19.69,2756.6000000000004
561,jennifer cruz,32.0,aprilland,113,fresh milk,organic,2024-07-03,1.0,15.19,15.19
562,megan fisher,55.0,moorebury,138,almond butter,snack,2024-06-01,3.0,16.24,48.72
563,john copeland,57.0,davisshire,185,granola,vegetable,2024-10-07,2.0,19.22,38.44
564,benjamin watkins,29.0,north caleb,157,organic apples,dairy,2024-03-31,3.0,14.25,42.75
565,charles franklin,43.0,east jesse,176,granola,vegetable,2024-01-15,3.0,8.47,25.410000000000004
566,michael lopez,35.0,new paulahaven,152,granola,snack,2024-09-09,2.0,7.37,14.74
567,kimberly williams,51.0,scottmouth,123,kale,organic,2024-02-26,4.0,7.68,30.72
568,derrick gonzalez,74.0,west jamestown,197,kale,organic,2024-10-31,1.0,2.94,2.94
569,sherry sellers,59.0,newcnicholas,178,almond butter,vegetable,2024-08-08,1.0,6.92,6.92
570,sarah cameron,18.0,andrewsview,147,almond butter,vegetable,2024-07-26,1.0,10.68,10.68
571,christopher harmon,19.0,gregorystad,173,fresh milk,dairy,2024-07-22,1.0,13.48,13.48
572,patrick johnson,23.0,east karenborough,170,tofu,organic,2024-03-02,4.0,8.34,33.36
574,mr. mark hamilton,20.0,michaelberg,183,tofu,vegetable,2024-08-14,4.0,11.79,47.16
575,steve warren,56.0,west karen,194,organic apples,vegetable,2024-01-27,2.0,10.28,20.56
576,julia garcia,30.0,west tristanfort,143,tofu,dairy,2024-05-07,2.0,2.07,4.14
577,vicki wood dvm,36.0,north phillip,139,fresh milk,snack,2024-02-21,1.0,2.77,2.77
578,christina haas,74.0,johnsonstad,197,almond butter,snack,2024-09-05,4.0,19.69,78.76
579,stephanie morgan,30.0,west rachaelhaven,108,almond butter,organic,2024-02-27,2.0,17.85,35.7
580,robert ferrell,62.0,west eugenemouth,114,kale,vegetable,2024-01-17,1.0,2.37,2.37
581,stephen nichols,40.0,kyleborough,199,organic apples,snack,2024-10-02,1.0,13.07,13.07
582,shannon simmons phd,79.0,mathisfurt,116,almond butter,vegetable,2024-08-07,1.0,11.44,11.44
583,lindsey green,45.0,west dustin,182,kale,dairy,2024-10-31,3.0,16.36,49.08
584,walter leblanc,53.0,elliotttown,178,tofu,dairy,2024-01-12,2.0,16.16,32.32
585,amanda mann,18.0,north stephanie,118,almond butter,vegetable,2024-05-18,2.0,7.55,15.1
586,parker thompson,33.0,leetown,180,granola,dairy,2024-01-08,1.0,11.36,11.36
587,richard williams,69.0,lake ariana,142,granola,vegetable,2024-03-12,2.0,5.32,10.64
589,jennifer ashley,76.0,east tammymouth,128,tofu,organic,2024-05-28,4.0,5.23,20.92
590,shannon garcia,71.0,east jonmouth,121,kale,snack,2024-03-26,4.0,15.25,61.0
591,tara cook,43.0,new brandon,157,granola,dairy,2024-09-01,2.0,5.03,10.06
592,lisa mcmillan,59.0,souph john,160,kale,organic,2024-05-03,1.0,1.33,1.33
593,charlotte riley,24.0,thomasview,108,kale,snack,2024-03-07,3.0,13.69,41.07
594,allison elliott,31.0,new joannaside,163,fresh milk,snack,2024-02-20,3.0,3.62,10.86
595,michelle murray,62.0,davidton,193,granola,vegetable,2024-07-14,2.0,16.52,33.04
597,chad russell,38.0,erikachester,105,tofu,vegetable,2024-04-14,3.0,17.36,52.08
598,kelly hill,64.0,daymouth,111,granola,snack,2024-08-20,3.0,463.41,1390.23
599,andrea lucas,76.0,new jamesmouth,116,organic apples,organic,2024-10-16,2.0,12.01,24.02
600,richard martinez,55.0,turnerton,109,kale,dairy,2024-07-18,3.0,1.49,4.47
601,michael martin,43.0,lake edward,135,fresh milk,snack,2024-01-18,2.0,10.24,20.48
602,janet huynh,32.0,lake tammy,187,tofu,snack,2024-03-07,3.0,13.98,41.94
603,valerie hall,23.0,foxstad,190,almond butter,vegetable,2024-04-29,2.0,16.61,33.22
604,ricky francis,54.0,sarahmouth,131,tofu,vegetable,2024-03-23,2.0,13.03,26.06
605,stanley reilly,44.0,east andrewburgh,139,almond butter,dairy,2024-07-17,4.0,11.6,46.4
606,donna dougherty,47.0,north christopher,185,granola,vegetable,2024-02-26,3.0,14.35,43.05
608,randy rose,44.0,barbarafurt,181,organic apples,snack,2024-04-17,4.0,18.11,72.44
609,dustin chang,30.0,darrenchester,138,kale,snack,2024-09-04,4.0,8.21,32.84
610,patrick lucero,58.0,south jamesland,126,organic apples,dairy,2024-02-01,3.0,8.3,24.9
611,jose boyd,36.0,andrewston,193,granola,dairy,2024-08-25,1.0,10.35,10.35
612,sheri smith,58.0,fordbury,118,kale,organic,2024-10-14,3.0,1.13,3.39
613,noah fisher,57.0,mosesport,174,almond butter,organic,2024-03-17,2.0,13.31,26.62
615,mark watson,23.0,east dustin,172,almond butter,vegetable,2024-07-17,2.0,18.59,37.18
616,bonnie walker,26.0,moranstad,144,organic apples,organic,2024-03-09,2.0,3.49,6.98
617,jessica wilson,64.0,gregton,187,granola,vegetable,2024-09-10,3.0,3.36,10.08
618,dr. bryan ward dds,39.0,cynthiaton,107,almond butter,dairy,2024-06-05,4.0,5.17,20.68
619,emily gonzalez,22.0,stexhanieberg,122,granola,organic,2024-05-08,3.0,16.54,49.62
620,carrie smith,47.0,new josephhaven,122,fresh milk,organic,2024-07-29,3.0,5.16,15.48
621,justin russell,65.0,south anthonyberg,171,kale,dairy,2024-10-19,4.0,5.65,22.6
622,linda davenport,75.0,scottmouth,105,almond butter,snack,2024-10-31,2.0,9.83,19.66
623,mrs. mary wright,62.0,chadmouth,148,organic apples,vegetable,2024-08-02,2.0,9.46,18.92
624,william rodgers,57.0,north christina,158,tofu,vegetable,2024-07-21,1.0,10.8,10.8
625,natasha smith,22.0,west jennifer,184,organic apples,dairy,2024-07-20,3.0,19.88,59.64
626,john edwards,40.0,crystalberg,142,fresh milk,vegetable,2024-10-13,3.0,6.94,20.82
627,james miller,34.0,north madison,156,organic apples,organic,2024-05-14,3.0,9.48,28.44
628,philip pugh,24.0,erinmouth,113,kale,vegetable,2024-04-12,4.0,7.91,31.64
629,margaret ruiz,57.0,stevenbury,117,fresh milk,dairy,2024-05-02,1.0,1.92,1.92
630,jason wilson,32.0,west rachel,104,tofu,snack,2024-04-02,3.0,7.33,21.99
632,mary gordon dvm,42.0,west scott,103,tofu,organic,2024-04-11,4.0,15.53,62.12
633,jeffrey wu,23.0,north angelaville,120,granola,snack,2024-08-24,2.0,8.1,16.2
634,richard scott,66.0,katrinaborough,168,almond butter,dairy,2024-05-10,2.0,7.94,15.88
635,courtney thomas,28.0,lake arthurshire,184,fresh milk,dairy,2024-05-16,1.0,19.68,19.68
636,mark jackson,61.0,north manuel,145,tofu,organic,2024-05-03,3.0,17.81,53.42999999999999
637,tiffany fields,63.0,kristinahaven,158,almond butter,organic,2024-08-31,2.0,3.12,6.24
638,mason dominguez,21.0,south kayla,103,organic apples,dairy,2024-05-24,2.0,4.88,9.76
639,cynthia garrett,77.0,north james,172,organic apples,vegetable,2024-09-04,4.0,3.79,15.16
640,robert simon,64.0,pennyborough,191,almond butter,dairy,2024-02-21,1.0,17.26,17.26
641,billy murphy,75.0,east andreabury,127,almond butter,dairy,2024-08-05,4.0,4.44,17.76
642,terri martin,28.0,brandonborough,132,organic apples,dairy,2024-11-06,3.0,7.94,23.82
643,patricia jones,29.0,new steventown,127,tofu,organic,2024-10-27,4.0,4.93,19.72
644,joseph romero,75.0,crawfordtown,146,fresh milk,organic,2024-04-25,4.0,16.06,64.24
645,stanley carr,64.0,katherineberg,131,organic apples,dairy,2024-06-29,1.0,9.89,9.89
646,samuel carr,69.0,south gabrielfurt,144,almond butter,vegetable,2024-04-09,2.0,2.26,4.52
647,marcus small,32.0,north alyssa,139,tofu,snack,2024-05-12,4.0,2.33,9.32
648,eric lopez,44.0,cherylstad,141,kale,dairy,2024-07-06,3.0,16.79,50.37
649,donald leon,60.0,south barbara,186,granola,vegetable,2024-07-09,4.0,6.45,25.8
650,john williams,23.0,mclaughlinshire,193,tofu,vegetable,2024-06-03,3.0,6.08,18.24
651,kurt gomez,26.0,west amanda,183,tofu,vegetable,2024-03-28,3.0,7.1,21.3
652,melissa shah,56.0,romeromouth,180,tofu,dairy,2024-04-26,1.0,1.42,1.42
653,lisa smith,70.0,port christopher,177,tofu,organic,2024-01-09,3.0,9.56,28.68
654,eric barnes,60.0,martinezton,108,tofu,dairy,2024-09-16,2.0,1.64,3.28
655,ethan zavala,60.0,aaronport,162,organic apples,organic,2024-03-27,2.0,1.31,2.62
656,lisa porter,60.0,danielsside,188,kale,dairy,2024-04-08,2.0,9.81,19.62
657,amy taylor,51.0,calvinburgh,103,tofu,vegetable,2024-04-27,3.0,3.06,9.18
658,amy collins,68.0,ruthshire,185,organic apples,snack,2024-03-13,3.0,3.34,10.02
659,allison moyer,69.0,gilbertfort,175,organic apples,dairy,2024-03-29,3.0,4.17,12.51
660,steven solis,66.0,south isaiah,156,organic apples,snack,2024-10-05,1.0,15.08,15.08
661,andrew luna,41.0,new juanport,179,almond butter,snack,2024-08-31,4.0,12.93,51.72
662,brianna oconnell,65.0,erinfort,172,fresh milk,vegetable,2024-01-20,3.0,8.8,26.4
663,brenda mcmahon,77.0,jacquelineborough,116,almond butter,vegetable,2024-02-17,1.0,10.57,10.57
664,joshua barrett,27.0,lake jameston,148,granola,snack,2024-09-28,1.0,13.7,13.7
665,dylan evans,37.0,new jessica,103,kale,snack,2024-02-08,4.0,18.57,74.28
666,laura shaw,22.0,matthewhaven,180,organic apples,vegetable,2024-09-24,2.0,7.29,14.58
667,jason cruz,43.0,south jenniferborough,137,fresh milk,vegetable,2024-10-18,1.0,13.93,13.93
668,donna cooper,30.0,barbarastad,173,kale,snack,2024-04-15,2.0,7.31,14.62
669,mary nguyen,63.0,port donnatown,121,organic apples,vegetable,2024-03-13,1.0,5.29,5.29
671,melissa reynolds,69.0,ericaport,126,kale,dairy,2024-07-15,1.0,7.61,7.61
672,mark bryan,66.0,south rachel,110,fresh milk,dairy,2024-06-13,1.0,16.98,16.98
673,melissa moss,23.0,toddstad,181,kale,vegetable,2024-03-19,1.0,3.7,3.7
674,amy edwards,71.0,turnermouth,183,tofu,organic,2024-04-07,4.0,8.68,34.72
675,terri miller,28.0,north kylefort,103,almond butter,snack,2024-03-09,4.0,15.79,63.16
676,amber cohen,61.0,jeremyville,102,organic apples,snack,2024-04-20,3.0,9.61,28.83
677,miranda preston,78.0,north jason,129,granola,organic,2024-01-28,4.0,12.91,51.64
678,timothy hernandez,28.0,south allisonside,145,organic apples,dairy,2024-08-07,4.0,17.2,68.8
679,kelly padilla,36.0,travisborough,126,almond butter,organic,2024-05-24,2.0,13.43,26.86
681,scott nelson,24.0,mariashire,139,almond butter,snack,2024-10-30,4.0,18.78,75.12
682,anna mullen,57.0,lake amy,114,tofu,dairy,2024-06-05,1.0,1.2,1.2
683,kimberly shaw,39.0,westburgh,161,tofu,snack,2024-06-16,4.0,4.33,17.32
684,jessica richardson,42.0,smithmouth,164,tofu,dairy,2024-07-10,3.0,16.55,49.650000000000006
685,kevin nguyen,23.0,stephanieburgh,162,almond butter,snack,2024-03-09,2.0,17.35,34.7
688,colton whitaker,29.0,lake tracyfort,175,kale,dairy,2024-11-01,4.0,10.14,40.56
689,juan tucker,21.0,allisonfurt,196,granola,snack,2024-07-04,3.0,2.77,8.31
690,christina hudson md,47.0,new richard,171,tofu,dairy,2024-11-07,3.0,10.89,32.67
691,cameron walker,19.0,port derekfurt,196,organic apples,dairy,2024-08-29,2.0,19.4,38.8
692,kelly thompson,53.0,new aprilborough,102,kale,snack,2024-02-21,3.0,3.67,11.01
693,joseph schroeder,62.0,sethberg,167,fresh milk,snack,2024-07-09,3.0,12.2,36.6
694,brandy austin,33.0,stephensburgh,188,organic apples,organic,2024-04-11,2.0,2.44,4.88
695,robert martin,33.0,priceberg,110,granola,organic,2024-07-31,3.0,19.34,58.02
696,brandon mckay,52.0,jeffreyborough,197,organic apples,snack,2024-10-01,2.0,12.38,24.76
697,kelly miller,37.0,danashire,178,kale,vegetable,2024-10-20,1.0,7.17,7.17
698,jason perez,54.0,west jamie,134,fresh milk,vegetable,2024-06-12,1.0,7.67,7.67
699,david cook,55.0,east kelliebury,122,fresh milk,vegetable,2024-10-16,2.0,7.91,15.82
700,teresa cardenas,56.0,new shelby,179,kale,snack,2024-01-23,4.0,12.9,51.6
701,brent robinson,26.0,camerontown,167,granola,organic,2024-08-16,4.0,15.94,63.76
702,candice palmer,76.0,josephport,152,organic apples,vegetable,2024-11-04,4.0,2.58,10.32
703,john rodriguez,68.0,lake stephanieburgh,142,fresh milk,snack,2024-02-23,4.0,2.97,11.88
704,charlene walls,40.0,lake kristenport,178,fresh milk,snack,2024-07-26,3.0,2.24,6.720000000000001
705,mark perkins,77.0,cookport,160,almond butter,dairy,2024-06-29,1.0,5.03,5.03
706,cassandra nelson,36.0,chandlerland,111,organic apples,dairy,2024-09-24,1.0,15.3,15.3
707,crystal thompson,44.0,port william,101,granola,organic,2024-10-18,1.0,3.03,3.03
708,phyllis willis,68.0,west davidport,108,kale,vegetable,2024-09-15,2.0,15.35,30.7
709,melissa ford,79.0,north howard,160,kale,vegetable,2024-08-01,3.0,8.06,24.18
710,brittany osborne,46.0,walkershire,179,kale,organic,2024-06-14,1.0,6.15,6.15
711,kristopher ballard,51.0,east kennethburgh,171,fresh milk,snack,2024-07-16,1.0,2.76,2.76
712,breanna randolph,22.0,west rachel,194,fresh milk,snack,2024-08-18,4.0,12.65,50.6
713,anthony wise,46.0,west linda,101,granola,dairy,2024-10-17,3.0,7.24,21.72
714,jonathan smith,75.0,lake stephenport,118,fresh milk,snack,2024-05-26,1.0,19.77,19.77
715,mr. donald fletcher phd,64.0,anthonyfurt,156,fresh milk,vegetable,2024-10-07,1.0,3.4,3.4
716,timothy garcia,26.0,joshuaburgh,158,fresh milk,dairy,2024-05-25,2.0,10.94,21.88
717,christy sexton,78.0,west charlesside,125,almond butter,dairy,2024-01-09,3.0,7.46,22.38
718,tiffany fuentes,65.0,new audreyport,134,granola,organic,2024-03-27,2.0,4.7,9.4
719,laurie vargas,57.0,lake michaelmouth,118,kale,snack,2024-08-31,2.0,16.32,32.64
720,sarah harris,59.0,kathleenhaven,133,almond butter,vegetable,2024-01-09,3.0,12.63,37.89
721,jessica sanders,78.0,new patrickfort,114,almond butter,vegetable,2024-11-08,1.0,14.57,14.57
722,gina rowe,47.0,west brettburgh,186,granola,snack,2024-06-08,3.0,17.11,51.33
723,megan huffman,70.0,new dana,162,tofu,dairy,2024-05-08,2.0,1.05,2.1
724,jose blake,59.0,claytonshire,189,organic apples,vegetable,2024-06-01,4.0,16.06,64.24
725,barbara bailey,77.0,lisashire,133,fresh milk,vegetable,2024-08-28,3.0,16.73,50.19
726,michael richards,69.0,phiolipsland,127,granola,vegetable,2024-04-01,4.0,17.21,68.84
727,julie cunningham,60.0,emilyhaven,191,organic apples,dairy,2024-01-09,4.0,6.78,27.12
728,melissa hinton,33.0,yvonneport,179,kale,vegetable,2024-01-07,3.0,12.22,36.66
729,robin lane,41.0,south travisburgh,152,fresh milk,organic,2024-08-24,4.0,13.42,53.68
730,tonya peterson,46.0,east ashley,145,kale,dairy,2024-06-11,1.0,3.79,3.79
732,kurt hall,18.0,west kristinahaven,115,organic apples,snack,2024-01-03,4.0,3.01,12.04
733,margaret hayes,69.0,sanchezland,113,fresh milk,snack,2024-02-25,3.0,14.89,44.67
734,samantha ferguson,66.0,monicaborough,174,almond butter,snack,2024-11-08,3.0,18.92,56.760000000000005
735,teresa luna,36.0,robertmouth,143,fresh milk,organic,2024-07-26,4.0,4.69,18.76
736,tracy summers,61.0,new stephanie,143,kale,snack,2024-09-10,3.0,5.91,17.73
737,joseph ruiz,28.0,west christophershire,108,tofu,vegetable,2024-04-16,4.0,19.27,77.08
738,laura solomon,20.0,mitchellstad,112,fresh milk,dairy,2024-11-04,1.0,5.59,5.59
739,meghan foley,51.0,new destinystad,133,organic apples,vegetable,2024-04-28,3.0,16.8,50.400000000000006
740,joseph fernandez,53.0,shermanville,109,tofu,organic,2024-05-09,1.0,17.59,17.59
741,david alvarez,61.0,aguilarville,187,almond butter,vegetable,2024-03-16,2.0,1.02,2.04
742,vanessa george,73.0,north josechester,103,organic apples,dairy,2024-05-12,4.0,18.23,72.92
743,brittany powers,25.0,south sharonside,119,almond butter,snack,2024-04-07,3.0,13.39,40.17
744,richard hamilton,26.0,rossburgh,146,granola,organic,2024-06-17,3.0,5.58,16.740000000000002
745,troy allen,29.0,west amyside,113,kale,organic,2024-03-31,4.0,18.07,72.28
746,angela white,49.0,lake michaelfurt,146,kale,snack,2024-09-27,2.0,5.46,10.92
747,katherine sullivan,47.0,scottborough,149,organic apples,dairy,2024-04-03,1.0,13.76,13.76
748,blake garza,69.0,north brittany,123,fresh milk,organic,2024-01-28,4.0,13.27,53.08
749,veronica landry,60.0,keithport,118,tofu,vegetable,2024-04-16,1.0,12.87,12.87
750,jennifer evans,46.0,douglasmouth,104,granola,dairy,2024-09-01,3.0,4.69,14.07
751,arthur trevino,71.0,robinsonhaven,129,almond butter,organic,2024-04-10,4.0,18.13,72.52
752,victoria sandoval,74.0,bryanview,109,granola,snack,2024-01-20,3.0,5.88,17.64
753,veronica banks,48.0,phillipsmouth,175,tofu,organic,2024-06-09,1.0,19.66,19.66
754,robert snyder,52.0,powellhaven,177,fresh milk,snack,2024-06-03,2.0,19.57,39.14
755,jenny baker,32.0,laurenchester,196,fresh milk,vegetable,2024-02-01,4.0,15.11,60.44
757,david robinson,76.0,west williamville,135,granola,snack,2024-10-30,2.0,8.3,16.6
758,john melendez,57.0,lake tiffanymouth,128,almond butter,vegetable,2024-06-22,4.0,14.89,59.56
759,stacy schaefer,67.0,west belinda,102,tofu,vegetable,2024-06-03,1.0,18.04,18.04
760,jennifer williams,46.0,north abigailshire,198,organic apples,dairy,2024-07-26,4.0,2.79,11.16
761,mark stewart,63.0,new ronald,135,tofu,snack,2024-08-15,4.0,11.22,44.88
763,emily jackson,39.0,jenniferfurt,117,kale,vegetable,2024-06-14,4.0,12.38,49.52
764,duane todd,60.0,davidmouth,107,kale,dairy,2024-01-16,1.0,16.2,16.2
765,marilyn hopkins,38.0,west angelachester,184,granola,organic,2024-06-21,4.0,7.7,30.8
766,jesse roy,41.0,west bruce,103,fresh milk,snack,2024-01-06,1.0,18.63,18.63
767,john henry,29.0,west dominique,142,tofu,dairy,2024-01-02,4.0,11.88,47.52
768,robert mckinney,54.0,west matthewfort,130,organic apples,snack,2024-04-08,4.0,15.55,62.2
769,sherry williams,37.0,north brenda,150,granola,organic,2024-07-21,1.0,16.72,16.72
770,trevor lam,52.0,kellymouth,135,organic apples,snack,2024-05-21,2.0,14.57,29.14
771,taylor moody,26.0,port davidton,107,fresh milk,organic,2024-04-26,2.0,8.07,16.14
772,edward doyle,79.0,north susan,137,fresh milk,snack,2024-09-16,4.0,13.88,55.52
773,diane williams,21.0,oconnorside,143,granola,dairy,2024-01-30,2.0,12.51,25.02
774,kristina adams,43.0,brownborough,192,tofu,dairy,2024-03-02,3.0,9.53,28.59
775,larry oconnell,76.0,jamesshire,174,tofu,vegetable,2024-05-21,3.0,13.41,40.23
777,paige rodriguez,62.0,new karen,113,fresh milk,organic,2024-07-01,1.0,14.8,14.8
779,kelsey diaz,24.0,west andrew,173,almond butter,vegetable,2024-02-28,3.0,16.19,48.57000000000001
781,terri johnson,46.0,south cameronshire,174,granola,snack,2024-03-18,2.0,6.88,13.76
782,michael morris,41.0,camposhaven,178,fresh milk,organic,2024-09-30,3.0,9.55,28.65
783,alyssa george,75.0,garymouth,159,tofu,organic,2024-06-08,2.0,16.96,33.92
784,joshua galvan,42.0,alexview,196,organic apples,vegetable,2024-10-27,4.0,9.79,39.16
785,sabrina donaldson,37.0,west shannon,199,kale,dairy,2024-06-25,1.0,2.25,2.25
786,lori clark,32.0,east marvin,180,kale,dairy,2024-05-24,4.0,15.31,61.24
787,christine mann,28.0,new brucefurt,157,granola,dairy,2024-04-26,1.0,2.55,2.55
788,richard sandoval,30.0,makaylamouth,118,granola,dairy,2024-11-06,1.0,3.17,3.17
789,george smith,43.0,stephenfurt,121,tofu,organic,2024-06-11,3.0,4.89,14.669999999999998
790,maria brown,34.0,east kimberlybury,119,organic apples,vegetable,2024-03-14,2.0,7.67,15.34
791,michael barnes,25.0,lake mary,134,almond butter,vegetable,2024-03-13,4.0,4.0,16.0
792,daniel gray,57.0,port ryanport,150,organic apples,snack,2024-09-23,4.0,9.31,37.24
793,anthony ward,50.0,port grant,123,organic apples,dairy,2024-06-22,2.0,16.33,32.66
794,dr. pamela rodriguez,65.0,susanland,182,almond butter,dairy,2024-01-14,1.0,6.17,6.17
795,mr. connor weaver,47.0,south angelafurt,115,almond butter,vegetable,2024-08-06,4.0,9.79,39.16
796,taylor hale,24.0,south amanda,122,almond butter,vegetable,2024-01-03,2.0,12.86,25.72
797,jacob adams,46.0,north seanville,164,kale,vegetable,2024-01-11,2.0,11.26,22.52
798,anthony clements,38.0,new james,182,organic apples,vegetable,2024-03-03,1.0,191.65,191.65
799,gavin jenkins,50.0,gonzalestown,141,organic apples,dairy,2024-01-19,1.0,9.1,9.1
800,patricia williams,63.0,morganhaven,104,granola,organic,2024-09-20,4.0,4.98,19.92
801,michelle bray,25.0,fletcherport,111,fresh milk,snack,2024-07-19,1.0,16.32,16.32
802,gloria rodriguez,61.0,south kristinhaven,118,granola,organic,2024-02-20,1.0,5.38,5.38
803,steven lambert,42.0,rodgersside,179,organic apples,dairy,2024-04-11,2.0,10.5,21.0
804,adrian blake,46.0,lake andrewchester,155,granola,vegetable,2024-10-16,1.0,11.61,11.61
805,daniel mora,42.0,lake kellyburgh,174,granola,dairy,2024-11-04,1.0,17.28,17.28
806,carrie craig,40.0,danielborough,115,tofu,dairy,2024-03-02,1.0,5.78,5.78
807,donald white,44.0,north carrie,156,granola,dairy,2024-05-28,3.0,15.06,45.18
808,jeremy harris,24.0,wolfebury,117,fresh milk,snack,2024-10-19,1.0,12.18,12.18
809,juan rosario,48.0,north lauramouth,110,organic apples,vegetable,2024-01-10,2.0,15.16,30.32
810,samuel williamson,76.0,morrismouth,141,almond butter,snack,2024-04-19,3.0,16.7,50.1
811,cody singh,68.0,east danielshire,132,almond butter,dairy,2024-03-01,4.0,11.52,46.08
812,glenn martinez,51.0,east amberview,110,fresh milk,dairy,2024-07-06,3.0,1.28,3.84
813,jackson thomas,77.0,tannerhaven,107,tofu,vegetable,2024-01-10,3.0,17.58,52.74
814,scott moore,22.0,smithfurt,109,almond butter,organic,2024-06-15,3.0,12.68,38.04
815,earl anderson,47.0,stricklandberg,142,tofu,dairy,2024-05-17,3.0,19.23,57.69
816,david turner,34.0,morganfort,138,organic apples,dairy,2024-04-15,113.0,4.67,527.71
818,jackie johnson,22.0,easx meganborough,138,kale,dairy,2024-01-24,1.0,6.13,6.13
819,danny ramos,51.0,sueburgh,134,fresh milk,vegetable,2024-06-13,4.0,13.42,53.68
820,charles roman,20.0,schultzville,107,kale,organic,2024-09-02,2.0,19.72,39.44
821,steven hernandez,38.0,tammiebury,106,granola,organic,2024-01-31,4.0,2.41,9.64
822,deborah arnold,20.0,west donna,125,organic apples,vegetable,2024-02-11,1.0,17.77,17.77
824,christina house,34.0,hollandmouth,173,fresh milk,dairy,2024-02-15,2.0,17.59,35.18
825,patricia cameron,54.0,east richardfurt,159,almond butter,snack,2024-08-04,4.0,5.22,20.88
826,lisa woods,21.0,south chelseymouth,149,organic apples,vegetable,2024-04-26,2.0,10.04,20.08
827,melanie gill,52.0,west michelle,148,tofu,organic,2024-01-19,4.0,17.85,71.4
828,nathan nolan,39.0,leemouth,198,kale,vegetable,2024-07-03,2.0,11.47,22.94
829,david skinner,40.0,new ronaldstad,114,fresh milk,vegetable,2024-09-27,2.0,15.45,30.9
830,thomas richardson,30.0,west kimberly,189,kale,organic,2024-04-11,3.0,14.63,43.89
831,bruce jackson,45.0,johnchester,114,granola,organic,2024-10-13,4.0,5.04,20.16
832,amanda wilkerson,23.0,south tanner,185,organic apples,dairy,2024-01-21,2.0,14.74,29.48
833,jo gardner,75.0,south nicholas,122,fresh milk,vegetable,2024-10-20,2.0,1.66,3.32
834,lori carter,30.0,staceyhaven,140,almond butter,dairy,2024-09-26,1.0,7.5,7.5
835,wesley bailey,34.0,port patriciaborough,141,kale,vegetable,2024-08-09,1.0,8.55,8.55
836,lisa lewis,58.0,north samanthatown,184,fresh milk,snack,2024-08-21,4.0,12.62,50.48
837,james mcdonald,56.0,carolbury,148,granola,organic,2024-08-31,3.0,18.99,56.97
838,karen lambert,30.0,garciaborough,108,almond butter,snack,2024-06-25,3.0,6.26,18.78
839,william brennan,40.0,mariahside,165,tofu,vegetable,2024-02-02,4.0,8.27,33.08
840,matthew garrison,64.0,lake micheal,166,kale,organic,2024-05-14,1.0,1.44,1.44
842,melissa mendoza,21.0,new ryan,176,fresh milk,snack,2024-07-07,1.0,10.26,10.26
843,cindy jefferson,30.0,calderonfurt,178,granola,organic,2024-10-25,1.0,9.39,9.39
844,heidi hernandez,23.0,west lisaton,156,fresh milk,snack,2024-08-15,2.0,12.53,25.06
845,connor wolfe,20.0,foxburgh,192,organic apples,dairy,2024-06-17,2.0,17.21,34.42
846,russell smith,60.0,barnesport,199,organic apples,organic,2024-03-27,2.0,3.44,6.88
847,kimberly young,78.0,west william,153,tofu,dairy,2024-01-18,3.0,10.37,31.11
848,christopher king,35.0,north nathanielside,184,organic apples,dairy,2024-05-27,3.0,8.55,25.65
849,michael long,30.0,west roberttown,100,kale,dairy,2024-05-03,1.0,12.65,12.65
850,robert fields,73.0,donnatown,147,granola,organic,2024-09-07,2.0,14.85,29.7
851,elizabeth clark,65.0,tammieview,100,almond butter,organic,2024-06-13,2.0,7.9,15.8
852,james gonzales,77.0,hudsonport,134,fresh milk,vegetable,2024-05-29,3.0,13.79,41.37
853,michael mccarty,58.0,new lisa,114,tofu,dairy,2024-05-17,4.0,1.06,4.24
854,kelly crosby,39.0,port theodore,189,tofu,organic,2024-04-25,3.0,12.48,37.44
855,april zavala,55.0,leeburgh,163,almond butter,dairy,2024-10-28,4.0,13.67,54.68
856,megan tran,36.0,north monica,165,granola,dairy,2024-05-31,1.0,6.29,6.29
857,mary khan,38.0,sullivanville,121,almond butter,vegetable,2024-03-09,2.0,15.81,31.62
858,benjamin archer,42.0,port alexa,133,almond butter,snack,2024-06-05,4.0,2.69,10.76
859,jessica white,32.0,lisaburgh,183,almond butter,snack,2024-02-29,2.0,12.33,24.66
860,patty golden,64.0,brennanberg,196,fresh milk,dairy,2024-03-12,4.0,2.64,10.56
861,erica fuentes,51.0,port stacy,116,fresh milk,organic,2024-08-23,2.0,1.32,2.64
862,jonathan campbell,30.0,ericview,151,organic apples,dairy,2024-05-16,184.0,2.82,518.88
863,christine haynes,73.0,chavezmouth,178,kale,organic,2024-07-18,4.0,15.04,60.16
864,tyler clark,72.0,thomasstad,171,fresh milk,dairy,2024-07-31,4.0,9.2,36.8
865,james white,31.0,new samantha,163,granola,vegetable,2024-05-16,1.0,3.56,3.56
866,robin berry,40.0,nicholasfort,103,almond butter,organic,2024-08-22,4.0,15.57,62.28
867,sarah hill,25.0,north katherine,119,granola,snack,2024-05-27,1.0,16.88,16.88
868,paul newton,56.0,east amy,103,fresh milk,snack,2024-03-15,3.0,14.88,44.64
869,heather kelley,33.0,amyview,186,kale,snack,2024-05-02,1.0,9.3,9.3
870,jessica vasquez,28.0,brittanyhaven,179,kale,dairy,2024-05-08,2.0,8.63,17.26
871,rebecca gardner,38.0,hobury,128,granola,dairy,2024-03-04,4.0,1.7,6.8
872,gloria glenn,53.0,west lori,195,organic apples,dairy,2024-01-14,1.0,15.93,15.93
873,michael schaefer,47.0,south melissafort,190,organic apples,snack,2024-05-17,2.0,19.95,39.9
874,matthew frank,19.0,port steventon,171,almond butter,organic,2024-01-26,2.0,3.55,7.1
875,kelsey franco,61.0,mckinneyshire,178,almond butter,snack,2024-07-31,1.0,6.98,6.98
876,ms. teresa bernard,48.0,harryside,105,kale,organic,2024-03-05,2.0,19.89,39.78
877,jennifer wilson,48.0,new johnside,169,granola,organic,2024-05-17,3.0,10.96,32.88
878,brandon ayala,73.0,west jasmine,142,kale,organic,2024-10-21,4.0,18.62,74.48
879,thomas aguirre,48.0,tinaport,193,kale,vegetable,2024-02-10,4.0,18.12,72.48
880,debbie pierce,55.0,north matthewmouth,145,almond butter,vegetable,2024-11-02,3.0,13.59,40.77
881,todd mason,75.0,east gabriel,125,fresh milk,dairy,2024-03-15,4.0,2.2,8.8
882,tonya young,63.0,north traceyfurt,158,kale,organic,2024-01-19,4.0,11.0,44.0
883,kristin norton,69.0,new john,142,organic apples,snack,2024-04-25,2.0,16.56,33.12
884,terri singh,71.0,west patriciaville,124,tofu,dairy,2024-04-12,3.0,10.05,30.15
885,oscar riley,69.0,jenniferbury,109,organic apples,organic,2024-06-13,3.0,12.28,36.84
886,jared mcdowell,65.0,rochamouth,165,almond butter,vegetable,2024-07-02,2.0,13.91,27.82
887,craig vega,34.0,lake dakota,131,granola,organic,2024-01-05,1.0,1.22,1.22
889,jennifer guerrero,26.0,east elizabeth,132,organic apples,snack,2024-06-18,2.0,1.86,3.72
890,joseph robertson,39.0,lake yolanda,161,kale,dairy,2024-07-13,1.0,16.72,16.72
891,martha perkins,71.0,west bobbybury,130,organic apples,vegetable,2024-06-15,1.0,16.14,16.14
892,douglas bradley,45.0,christopherfort,100,organic apples,dairy,2024-08-20,4.0,1.5,6.0
893,joshua gomez,19.0,east meghan,155,kale,dairy,2024-02-27,3.0,16.23,48.69
894,ryan baker,18.0,west brenda,125,kale,vegetable,2024-07-16,2.0,6.62,13.24
895,christina bryant,39.0,east laura,189,organic apples,vegetable,2024-02-17,1.0,461.37,461.37
896,brittany morris,44.0,port jerryshire,186,granola,dairy,2024-04-26,3.0,1.86,5.58
897,elizabeth alexander,56.0,caszidyville,132,fresh milk,organic,2024-04-30,1.0,10.7,10.7
898,tracey chang,78.0,south margaret,186,tofu,vegetable,2024-04-29,1.0,1.3,1.3
900,melissa singleton,38.0,nicholsonfurt,124,fresh milk,vegetable,2024-06-12,4.0,11.24,44.96
901,andrew nash,77.0,williamview,129,fresh milk,dairy,2024-06-10,4.0,11.82,47.28
902,sharon wall,52.0,edwardhaven,110,kale,vegetable,2024-05-28,1.0,2.38,2.38
903,autumn delacruz,25.0,walkerview,179,tofu,dairy,2024-08-12,1.0,15.32,15.32
904,phyllis lamb,60.0,jenniferbury,143,kale,snack,2024-08-14,2.0,12.61,25.22
905,joseph williams,27.0,east james,192,fresh milk,vegetable,2024-05-12,3.0,1.87,5.61
906,stephanie newton,57.0,paulton,119,organic apples,snack,2024-09-12,4.0,15.36,61.44
907,jeffrey smith,29.0,navarromouth,176,almond butter,organic,2024-07-06,3.0,14.17,42.51
908,charles king,63.0,avilaton,107,tofu,organic,2024-09-03,2.0,10.8,21.6
909,richard smith,72.0,lopezfort,183,almond butter,vegetable,2024-07-25,4.0,10.83,43.32
910,richard knight,18.0,tinabury,101,organic apples,vegetable,2024-05-09,2.0,7.67,15.34
911,robert anderson,45.0,lake karatown,196,organic apples,dairy,2024-03-12,2.0,6.44,12.88
912,luis estes,27.0,south erik,130,granola,vegetable,2024-07-09,2.0,2.08,4.16
913,alyssa chapman,22.0,new carlybury,148,tofu,vegetable,2024-02-13,4.0,5.62,22.48
914,sara smith,75.0,port jared,153,organic apples,organic,2024-11-06,4.0,8.54,34.16
915,brooke clark,60.0,brendachester,177,tofu,vegetable,2024-09-21,2.0,15.22,30.44
916,brenda lambert,27.0,ericport,141,tofu,vegetable,2024-04-27,2.0,2.79,5.58
918,kevin bowen,71.0,port chelsea,145,organic apples,snack,2024-03-07,2.0,19.15,38.3
919,julie sawyer,26.0,new chadshire,168,fresh milk,snack,2024-07-02,1.0,18.75,18.75
920,stephen mills,28.0,sandersfort,116,kale,dairy,2024-01-24,2.0,4.64,9.28
921,james burch,66.0,north derekfurt,101,granola,dairy,2024-03-29,2.0,15.97,31.94
922,kayla franco,30.0,north laura,195,granola,dairy,2024-08-12,3.0,8.07,24.21
923,amy ramirez,70.0,coleborough,187,fresh milk,snack,2024-09-05,1.0,18.58,18.58
924,wendy sloan,79.0,carterfort,172,almond butter,dairy,2024-01-12,4.0,14.67,58.68
925,mia hicks,73.0,ginaland,189,almond butter,dairy,2024-07-23,4.0,2.32,9.28
927,william wolfe,67.0,nicholsonport,175,almond butter,dairy,2024-02-28,4.0,5.07,20.28
928,matthew underwood,64.0,lake brent,178,tofu,vegetable,2024-03-02,4.0,11.47,45.88
929,justin robinson,24.0,east laurenville,189,granola,vegetable,2024-05-24,2.0,17.27,34.54
930,julia hamilton,53.0,adkinsberg,109,organic apples,snack,2024-10-06,1.0,8.6,8.6
931,randy nichols dvm,54.0,south suzanne,183,organic apples,snack,2024-02-16,4.0,16.17,64.68
932,brandon johnson,64.0,port glenn,138,almond butter,vegetable,2024-11-01,3.0,11.69,35.07
933,christopher wall,44.0,lyonsfort,143,granola,snack,2024-05-30,2.0,3.15,6.3
934,brittany murphy,72.0,north craig,159,granola,dairy,2024-06-25,1.0,18.18,18.18
935,teresa bray,38.0,port ericaside,175,granola,snack,2024-07-15,3.0,8.94,26.82
936,william reed,39.0,port austin,106,almond butter,organic,2024-02-08,4.0,2.61,10.44
937,william williams,32.0,roburtoberg,119,almond butter,organic,2024-04-06,2.0,19.31,38.62
938,roger estrada,79.0,garzachester,191,almond butter,organic,2024-08-19,1.0,1.91,1.91
939,kathy hunter,71.0,north amyhaven,108,kale,organic,2024-10-17,1.0,16.56,16.56
940,randy maddox,27.0,east jamestown,150,almond butter,snack,2024-04-21,2.0,17.01,34.02
941,wanda shields,34.0,east randyville,107,fresh milk,organic,2024-03-20,3.0,13.21,39.63
942,mark mann,49.0,south saraland,138,tofu,organic,2024-01-16,3.0,14.47,43.41
943,katelyn navarro,35.0,east sarahport,102,tofu,dairy,2024-03-24,4.0,10.94,43.76
944,corey ortiz,77.0,west katrina,156,fresh milk,organic,2024-08-28,1.0,7.52,7.52
945,meagan mendez,43.0,lowefurt,161,tofu,organic,2024-09-17,3.0,9.6,28.8
946,tiffany mckinney,18.0,jessicahaven,180,kale,vegetable,2024-09-06,3.0,13.06,39.18
947,jennifer davis,49.0,west brittanymouth,117,organic apples,vegetable,2024-07-30,3.0,17.06,51.17999999999999
948,steven ramos,31.0,schultzberg,135,kale,organic,2024-01-27,2.0,9.39,18.78
949,joseph park,28.0,west stevenhaven,137,fresh milk,vegetable,2024-03-04,2.0,18.35,36.7
950,elizabeth sparks,56.0,north johnfurt,144,fresh milk,organic,2024-06-08,2.0,17.45,34.9
951,alexis sellers,39.0,kingburgh,106,kale,organic,2024-11-06,1.0,8.63,8.63
952,samantha pena,42.0,amberhaven,164,tofu,snack,2024-10-27,2.0,13.79,27.58
953,matthew moore,41.0,west joseph,191,granola,vegetable,2024-05-24,3.0,1.29,3.87
954,heather ellis,56.0,alexanderville,159,tofu,organic,2024-09-21,1.0,12.06,12.06
955,susan edwards,68.0,south jeffhaven,178,organic apples,organic,2024-08-16,1.0,10.93,10.93
956,jennifer yates,55.0,veronicaland,197,almond butter,dairy,2024-05-06,1.0,10.23,10.23
957,jennifer rivers,38.0,cooleyside,128,fresh milk,snack,2024-04-23,2.0,11.22,22.44
958,andrew garrett,77.0,lake brian,131,granola,dairy,2024-02-18,3.0,8.32,24.96
959,jose roberson,46.0,west nathan,135,tofu,snack,2024-10-31,3.0,19.21,57.63
960,tina hernandez,69.0,smithhaven,173,granola,snack,2024-04-02,2.0,14.39,28.78
962,lisa owens,70.0,christopherstad,199,kale,organic,2024-10-22,3.0,6.27,18.81
963,louis cortez,68.0,cynthiastad,124,tofu,snack,2024-01-24,2.0,18.07,36.14
964,tyler collins,54.0,smithfurt,162,granola,dairy,2024-01-07,4.0,19.94,79.76
965,jonathan valencia,64.0,thomasside,185,tofu,dairy,2024-10-19,4.0,19.79,79.16
966,devin bell,39.0,lake monicamouth,174,kale,snack,2024-08-06,2.0,14.18,28.36
967,amy hicks,57.0,east danielle,146,granola,vegetable,2024-11-03,3.0,8.51,25.53
968,jennifer weber,51.0,easd susan,145,fresh milk,vegetable,2024-07-03,2.0,18.05,36.1
969,elizabeth robinson,21.0,lake karenhaven,198,tofu,organic,2024-08-23,3.0,14.04,42.12
970,derek hoover,49.0,east lindsayberg,151,tofu,vegetable,2024-06-15,1.0,16.51,16.51
971,david woods,32.0,new howard,173,almond butter,snack,2024-09-30,2.0,6.74,13.48
972,james hammond,50.0,south kevin,124,tofu,organic,2024-01-20,2.0,12.47,24.94
973,daisy wilson,30.0,palmerborough,196,granola,organic,2024-07-19,1.0,15.85,15.85
974,debra giles,62.0,east teresafort,148,kale,organic,2024-08-27,1.0,6.2,6.2
975,melanie lindsey,29.0,barnesburgh,103,organic apples,snack,2024-01-01,2.0,15.01,30.02
976,mr. stephen leonard,37.0,ramosview,184,tofu,snack,2024-09-22,3.0,11.84,35.52
977,michele morgan,37.0,south karen,188,tofu,snack,2024-02-27,1.0,18.2,18.2
978,rita stokes,44.0,toddburgh,108,fresh milk,organic,2024-01-25,2.0,8.55,17.1
979,michelle smith,79.0,port krystal,151,fresh milk,dairy,2024-02-05,4.0,3.87,15.48
980,stephanie duncan,63.0,joshuahaven,130,granola,organic,2024-11-03,3.0,4.94,14.82
981,mr. jared khan jr.,21.0,millerside,199,granola,dairy,2024-01-20,1.0,14.75,14.75
982,william carrillo,74.0,west robertaton,110,almond butter,organic,2024-10-29,3.0,14.57,43.71
983,martin torres,52.0,west christopher,155,fresh milk,snack,2024-05-01,4.0,8.37,33.48
984,todd cox,46.0,port daniel,179,kale,snack,2024-01-06,1.0,19.01,19.01
985,james taylor,73.0,new jonathan,148,granola,organic,2024-02-15,1.0,3.29,3.29
986,scott smith,70.0,leonardberg,124,tofu,organic,2024-10-11,3.0,15.26,45.78
987,maria johnson,21.0,east anthony,134,tofu,vegetable,2024-01-22,4.0,3.28,13.12
988,derek greene,45.0,websterhaven,188,organic apples,dairy,2024-01-13,4.0,17.31,69.24
989,tamara watson,18.0,north cynthiastad,153,kale,vegetable,2024-10-05,1.0,14.59,14.59
990,christina lambert,31.0,new jamesburgh,116,kale,snack,2024-07-01,4.0,17.11,68.44
991,david obrien,35.0,stevenport,126,organic apples,dairy,2024-08-13,2.0,9.38,18.76
992,nathaniel wall,56.0,new courtney,110,kale,vegetable,2024-10-22,2.0,12.82,25.64
993,nicholas ellison,62.0,gutierrezburgh,178,organic apples,vegetable,2024-10-16,3.0,3.92,11.76
994,oscar jenkins,59.0,north chadfurt,122,tofu,organic,2024-07-03,4.0,2.54,10.16
995,kimberly mcintyre,22.0,quinnshire,142,fresh milk,organic,2024-10-25,1.0,12.49,12.49
996,christine nguyen,18.0,chamberstown,185,fresh milk,snack,2024-01-30,1.0,10.75,10.75
997,susan gomez,76.0,paulbury,111,kale,snack,2024-10-27,1.0,15.76,15.76
998,john lewis,73.0,lake james,130,kale,organic,2024-11-03,4.0,18.7,74.8
999,martha hodges,76.0,cookport,175,organic apples,organic,2024-01-19,3.0,2.26,6.779999999999999
1000,rachel pugh,46.0,alexmouth,185,fresh milk,dairy,2024-02-23,2.0,3.74,7.48
1001,tyrone johns,18.0,port aaron,124,tofu,snack,2024-02-12,2.0,1.7,3.4
1002,amanda melendez,30.0,martinezshire,155,almond butter,vegetable,2024-04-07,2.0,17.25,34.5
1003,nicole peterson,52.0,new johnberg,104,organic apples,snack,2024-05-20,2.0,2.19,4.38
1004,alison burnett,48.0,mckayland,117,kale,vegetable,2024-11-01,2.0,8.39,16.78
1005,joel stevenson,24.0,east rickyburgh,186,organic apples,snack,2024-02-25,4.0,5.26,21.04
1006,nicholas riddle,61.0,north scottfurt,143,tofu,snack,2024-10-01,4.0,15.91,63.64
1007,ryan reynolds,57.0,brownfurt,156,almond butter,vegetable,2024-07-29,2.0,15.45,30.9
1008,nathaniel white,67.0,lewisbury,148,granola,snack,2024-09-21,4.0,4.84,19.36
1009,christina caldwell,59.0,farmerton,114,organic apples,vegetable,2024-09-14,1.0,10.18,10.18
1010,jennifer warren,72.0,johnstonburgh,148,granola,dairy,2024-02-05,2.0,4.45,8.9
1011,michael cruz,67.0,new jacob,165,granola,vegetable,2024-02-17,2.0,2.99,5.98
1012,jorge wilson,24.0,lake cody,101,tofu,organic,2024-09-03,1.0,16.83,16.83
1013,joshua collins,35.0,east morgan,110,tofu,vegetable,2024-10-05,4.0,10.51,42.04
1014,bradley hickman,21.0,west katelyn,166,granola,snack,2024-05-11,2.0,1.98,3.96
1015,cynthia holt,41.0,elaineville,109,kale,snack,2024-03-07,1.0,5.93,5.93
1016,michael alvarado,70.0,west sheilaview,177,fresh milk,vegetable,2024-02-25,3.0,9.09,27.27
1018,holly burton,68.0,east nataliehaven,129,organic apples,organic,2024-08-21,4.0,2.92,11.68
1019,angela wells,39.0,nicholasland,190,granola,dairy,2024-01-23,2.0,7.71,15.42
1020,jessica smith,47.0,port tylerburgh,157,organic apples,organic,2024-10-17,4.0,6.85,27.4
1021,laura choi,36.0,wolfeview,183,almond butter,organic,2024-10-12,4.0,7.41,29.64
1022,nathan morrow,76.0,smithmouth,102,kale,dairy,2024-08-16,1.0,10.98,10.98
1023,william hill,57.0,port olivia,140,granola,organic,2024-07-18,2.0,14.53,29.06
1025,sandra williamson,63.0,smithburgh,141,granola,dairy,2024-07-17,3.0,14.2,42.6
1026,megan smith,28.0,stevenhaven,187,organic apples,dairy,2024-10-09,2.0,8.39,16.78
1027,charles contreras,44.0,north carlos,176,tofu,dairy,2024-05-13,4.0,13.43,53.72
1028,robert griffith,23.0,schultzberg,188,kale,organic,2024-07-19,1.0,12.9,12.9
1029,jillian gordon,33.0,williammouth,176,almond butter,dairy,2024-09-06,2.0,17.14,34.28
1030,derek stark,23.0,ryanton,116,kale,snack,2024-04-13,2.0,17.87,35.74
1031,michael torres,49.0,east stephanie,143,organic apples,dairy,2024-01-16,4.0,2.07,8.28
1032,calvin young,38.0,east curtisside,126,tofu,organic,2024-06-06,2.0,5.3,10.6
1033,adam allison,43.0,lake erika,119,almond butter,dairy,2024-04-21,4.0,10.92,43.68
1034,william brown,37.0,lake deanna,168,organic apples,vegetable,2024-04-19,4.0,16.38,65.52
1035,christopher collins,76.0,scottmouth,151,fresh milk,snack,2024-09-20,3.0,11.09,33.27
1036,sharon andrade,34.0,port travis,129,almond butter,dairy,2024-07-29,1.0,13.06,13.06
1037,elizabeth scott,64.0,shaneville,136,tofu,snack,2024-10-15,3.0,7.39,22.17
1038,laurie evans,69.0,west sherrybury,152,fresh milk,dairy,2024-04-14,1.0,16.32,16.32
1040,ryan lee,44.0,crossmouth,156,almond butter,snack,2024-01-27,3.0,5.98,17.94
1041,jennifer berry,48.0,guerrerofort,144,fresh milk,snack,2024-03-07,3.0,9.06,27.18
1043,billy mills,74.0,new theresa,146,organic apples,snack,2024-06-08,1.0,17.91,17.91
1044,joshua watson,66.0,port glennfort,198,kale,dairy,2024-09-14,2.0,12.29,24.58
1045,robert sanchez,74.0,annaburgh,117,kale,organic,2024-01-19,4.0,7.42,29.68
1046,kim mejia,77.0,bradfordmouth,107,almond butter,organic,2024-09-09,3.0,5.98,17.94
1047,jordan hartman,59.0,south amy,168,kale,vegetable,2024-01-16,3.0,3.18,9.54
1048,troy black,69.0,new amandachester,157,fresh milk,snack,2024-05-20,1.0,7.94,7.94
1049,jeffrey cruz,38.0,brittanyside,197,almond butter,snack,2024-01-29,2.0,15.36,30.72
1050,james gonzalez,55.0,ritastad,172,fresh milk,dairy,2024-05-16,1.0,5.94,5.94
1051,danielle shepherd,29.0,johnsonchester,189,kale,vegetable,2024-04-07,2.0,1.53,3.06
1052,kelsey miller,48.0,north katherine,164,granola,dairy,2024-08-10,1.0,4.05,4.05
1053,elizabeth torres,25.0,north kellyberg,188,almond butter,organic,2024-05-07,3.0,19.26,57.78
1054,michele henderson,75.0,lake carolynside,177,fresh milk,vegetable,2024-10-26,4.0,11.62,46.48
1055,monica phillips,57.0,jonesville,149,granola,dairy,2024-07-30,4.0,14.06,56.24
1056,courtney white,55.0,millertown,126,tofu,organic,2024-07-28,3.0,5.48,16.44
1058,alexandria smith,45.0,north shirley,175,almond butter,organic,2024-02-22,4.0,2.38,9.52
1059,brian moore,49.0,new scottland,138,tofu,vegetable,2024-04-28,4.0,16.16,64.64
1060,steven jackson,47.0,port courtneytown,129,almond butter,vegetable,2024-07-09,3.0,5.26,15.78
1061,olivia colon dds,68.0,christinemouth,168,fresh milk,snack,2024-02-29,4.0,4.38,17.52
1062,mary arroyo,62.0,south chloe,182,organic apples,vegetable,2024-06-28,3.0,9.1,27.3
1063,michael gray,35.0,theresatown,192,organic apples,dairy,2024-05-05,4.0,3.18,12.72
1064,alexis sanders,61.0,north deanna,155,kale,organic,2024-01-19,4.0,5.97,23.88
1065,derrick contreras,70.0,nelsonfort,186,organic apples,snack,2024-01-15,4.0,12.22,48.88
1067,patrick fleming,21.0,williamsfort,180,granola,snack,2024-04-13,1.0,2.8,2.8
1068,brianna gonzales,54.0,petersonberg,169,almond butter,snack,2024-05-30,4.0,6.79,27.16
1069,ashley watts,27.0,south patrick,120,tofu,vegetable,2024-07-20,1.0,5.22,5.22
1070,richard shelton,51.0,east timothyville,124,granola,organic,2024-04-25,2.0,17.31,34.62
1072,miranda carey,24.0,west shawn,150,tofu,snack,2024-01-06,3.0,9.35,28.05
1073,scott sanders,21.0,port ashleybury,138,kale,organic,2024-05-22,4.0,16.75,67.0
1074,maria fernandez,72.0,lake timothyland,167,fresh milk,vegetable,2024-07-08,4.0,8.81,35.24
1075,meredith russo,59.0,west sean,195,tofu,vegetable,2024-07-26,4.0,4.53,18.12
1076,melissa kaufman,64.0,south ryanview,133,almond butter,snack,2024-02-15,3.0,3.12,9.36
1077,mr. phillip barrera,37.0,feliciaton,119,tofu,snack,2024-10-28,3.0,14.79,44.37
1078,rhonda fisher,65.0,walkerstad,198,granola,snack,2024-04-11,2.0,6.69,13.38
1079,lawrence phillips,71.0,north desireeport,136,almond butter,dairy,2024-06-30,2.0,12.81,25.62
1080,david baker,39.0,new lukechester,180,fresh milk,organic,2024-03-17,1.0,2.75,2.75
1081,tiffany kirby,45.0,stephenland,197,kale,dairy,2024-08-16,3.0,1.28,3.84
1082,robert cooper,32.0,lake deannashire,109,kale,dairy,2024-05-13,4.0,11.24,44.96
1083,kristin thomas,49.0,mckenzieton,103,fresh milk,vegetable,2024-03-30,4.0,15.48,61.92
1084,keith robinson,74.0,edwardsshire,102,fresh milk,dairy,2024-03-01,1.0,7.23,7.23
1085,cassie rodriguez,25.0,aaronfurt,153,organic apples,dairy,2024-02-21,1.0,11.65,11.65
1086,david harrington,79.0,hawkinsfort,162,almond butter,vegetable,2024-11-04,3.0,5.92,17.759999999999998
1087,terry kramer,38.0,markmouth,103,granola,organic,2024-10-29,3.0,19.91,59.73
1088,mr. jason garza,71.0,south jessica,149,kale,dairy,2024-10-27,2.0,13.79,27.58
1089,cristian guzman,37.0,east tyrone,164,almond butter,dairy,2024-07-29,3.0,11.25,33.75
1090,michael miller,36.0,north ryanstad,108,almond butter,dairy,2024-05-04,1.0,15.02,15.02
1091,lisa ruiz,51.0,lake glenda,118,almond butter,snack,2024-07-07,4.0,3.98,15.92
1092,judy contreras,24.0,new jodi,151,almond butter,vegetable,2024-04-25,3.0,13.47,40.41
1093,tina perry,43.0,norrisside,150,kale,snack,2024-09-20,4.0,12.79,51.16
1095,jeff ray,51.0,calderontown,192,fresh milk,snack,2024-07-05,1.0,15.53,15.53
1096,sara love,41.0,east timothyside,170,almond butter,dairy,2024-09-25,2.0,12.88,25.76
1097,john benitez,22.0,elizabethfurt,196,fresh milk,vegetable,2024-01-08,2.0,11.76,23.52
1098,christopher walker,73.0,nicoleside,130,tofu,dairy,2024-04-01,3.0,17.97,53.91
1099,lori robles,67.0,new lisamouth,193,fresh milk,snack,2024-02-02,1.0,13.81,13.81
1100,jennifer lewis,79.0,lake anthony,148,almond butter,organic,2024-01-02,2.0,9.47,18.94
1101,laura davis,38.0,new margaretburgh,140,tofu,organic,2024-01-17,2.0,12.47,24.94
1102,mary travis,38.0,port robert,162,granola,dairy,2024-03-25,2.0,15.86,31.72
1103,scott lewis,60.0,new nicholas,103,granola,vegetable,2024-05-25,2.0,15.67,31.34
1104,kevin smith,21.0,port brendabury,194,kale,vegetable,2024-02-14,1.0,6.32,6.32
1105,mikayla harmon,23.0,new larry,164,kale,vegetable,2024-04-22,1.0,2.51,2.51
1106,amanda wilson,36.0,campbellhaven,169,granola,snack,2024-11-04,2.0,19.3,38.6
1108,kelly lopez,60.0,south tyler,166,organic apples,dairy,2024-02-16,2.0,5.2,10.4
1109,gina green,72.0,east stacey,147,fresh milk,snack,2024-04-05,1.0,3.01,3.01
1110,ryan ingram,24.0,east amandatown,130,tofu,snack,2024-11-01,2.0,16.5,33.0
1111,james elliott,29.0,wolfemouth,144,tofu,snack,2024-08-12,4.0,6.96,27.84
1112,kimberly burns,63.0,kaneborough,123,organic apples,snack,2024-02-10,1.0,15.98,15.98
1113,thomas young,35.0,lake kevinville,154,granola,dairy,2024-02-10,3.0,8.29,24.87
1114,jeremy bates,19.0,kingbury,124,almond butter,vegetable,2024-04-24,1.0,13.99,13.99
1115,cheyenne johnson,60.0,rodriguezchester,155,almond butter,organic,2024-02-29,4.0,15.63,62.52
1116,edward singh,48.0,port raymond,170,almond butter,vegetable,2024-09-23,1.0,15.03,15.03
1117,sara black,38.0,floresberg,193,tofu,snack,2024-01-14,2.0,16.77,33.54
1118,gloria clarke,59.0,south michaelshire,175,kale,vegetable,2024-09-16,3.0,16.46,49.38
1119,kayla brandt,38.0,north tracey,185,almond butter,snack,2024-07-04,3.0,10.33,30.99
1120,nicholas salas,59.0,port carlosport,172,kale,organic,2024-09-15,3.0,7.16,21.48
1121,pamela warren,39.0,williamsberg,130,tofu,snack,2024-10-21,3.0,10.43,31.29
1122,jose garcia,67.0,lake megan,151,fresh milk,organic,2024-01-05,1.0,10.28,10.28
1124,jessica allen,57.0,kevinside,103,tofu,vegetable,2024-03-30,2.0,19.27,38.54
1125,timothy peterson,62.0,west johnfurt,187,almond butter,organic,2024-06-17,2.0,6.18,12.36
1127,joseph williams,41.0,jefferymouth,128,almond butter,vegetable,2024-02-12,4.0,14.84,59.36
1128,tara herrera,25.0,north jacobburgh,116,tofu,dairy,2024-10-07,2.0,12.81,25.62
1129,mark black,18.0,lake julie,189,granola,organic,2024-08-31,4.0,3.62,14.48
1130,garrett stokes,42.0,smithport,128,almond butter,organic,2024-02-28,1.0,18.36,18.36
1131,cynthia hutchinson,74.0,simmonsshire,163,organic apples,dairy,2024-05-12,4.0,400.78,1603.12
1132,regina smith,60.0,andersonfort,183,organic apples,snack,2024-08-17,4.0,15.21,60.84
1133,dr. lisa johnston,66.0,north deborah,180,fresh milk,vegetable,2024-09-15,2.0,10.86,21.72
1134,kaitlyn hess,22.0,tiffanyfurt,167,kale,dairy,2024-10-15,4.0,5.6,22.4
1135,susan pitts,68.0,south denniston,192,almond butter,dairy,2024-10-02,1.0,10.7,10.7
1136,anna mccormick,77.0,new johnathan,103,kale,dairy,2024-02-12,2.0,1.76,3.52
1137,susan torres,30.0,lawrenceport,155,tofu,organic,2024-08-17,1.0,9.74,9.74
1138,morgan jones,50.0,north meganport,108,almond butter,vegetable,2024-04-17,1.0,11.62,11.62
1139,shannon moreno,35.0,new doris,163,tofu,organic,2024-09-11,1.0,3.3,3.3
1140,tina porter,32.0,south craig,151,organic apples,vegetable,2024-02-25,2.0,2.11,4.22
1141,lisa blake,45.0,west paul,173,kale,snack,2024-09-15,2.0,5.99,11.98
1142,jennifer romero,66.0,new justintown,189,fresh milk,dairy,2024-09-19,3.0,4.44,13.32
1143,carlos wright,69.0,lake dominiqueton,163,kale,organic,2024-11-03,1.0,12.98,12.98
1144,dawn harrison,66.0,west jasonburgh,110,organic apples,vegetable,2024-01-10,3.0,11.0,33.0
1145,antonio hill,54.0,north sarah,175,fresh milk,organic,2024-06-26,4.0,8.13,32.52
1146,samuel miller,27.0,dustinborough,174,fresh milk,dairy,2024-10-06,4.0,10.82,43.28
1147,kenneth thomas,51.0,whiteland,117,granola,organic,2024-08-07,1.0,8.77,8.77
1148,ronnie medina,30.0,west miranda,197,fresh milk,organic,2024-10-15,1.0,8.75,8.75
1149,dennis wright,42.0,josephberg,133,almond butter,organic,2024-08-08,3.0,9.85,29.55
1150,amy matthews,63.0,port charles,129,fresh milk,snack,2024-09-23,3.0,7.02,21.06
1151,kenneth rodriguez,38.0,marioview,188,almond butter,vegetable,2024-09-08,3.0,6.5,19.5
1152,jeffery jackson,73.0,williamsport,114,organic apples,dairy,2024-08-26,4.0,6.33,25.32
1153,kelly wallace,50.0,east steveburgh,132,fresh milk,dairy,2024-01-31,2.0,10.1,20.2
1154,keith logan,40.0,katherinebury,118,tofu,organic,2024-01-19,1.0,9.2,9.2
1155,susan dunlap,37.0,watkinsville,142,almond butter,organic,2024-04-22,4.0,6.31,25.24
1156,antonio davis,75.0,joshuaton,131,almond butter,snack,2024-05-06,3.0,14.88,44.64
1158,jessica washington,63.0,gomfzshire,136,fresh milk,dairy,2024-02-19,1.0,9.74,9.74
1159,dawn lamb,59.0,new davidstad,100,tofu,vegetable,2024-10-05,2.0,8.78,17.56
1160,james howard,34.0,mooremouth,156,fresh milk,vegetable,2024-01-11,1.0,4.98,4.98
1161,tracy russell,24.0,amyville,182,kale,vegetable,2024-06-28,3.0,19.8,59.400000000000006
1163,robert powers,41.0,south mariaberg,166,granola,vegetable,2024-09-22,2.0,19.98,39.96
1164,lynn adams,41.0,erinmouth,130,tofu,dairy,2024-01-12,4.0,7.91,31.64
1165,brian sherman,53.0,lake sara,136,kale,organic,2024-08-02,2.0,16.37,32.74
1166,jennifer sims,57.0,haysfort,109,organic apples,dairy,2024-04-29,4.0,18.52,74.08
1167,heather johnson,67.0,lake kellyfurt,134,organic apples,dairy,2024-01-12,159.0,3.34,531.06
1168,loretta robinson,74.0,south laura,106,granola,snack,2024-06-07,4.0,15.82,63.28
1169,taylor butler,40.0,north diane,169,fresh milk,dairy,2024-02-21,4.0,18.45,73.8
1170,terry bradley,40.0,meltonview,108,tofu,organic,2024-08-20,2.0,13.98,27.96
1171,samantha martinez,43.0,south scott,100,kale,vegetable,2024-03-31,4.0,8.26,33.04
1172,andrea flores,45.0,douglasland,199,almond butter,dairy,2024-08-17,2.0,5.93,11.86
1173,ashley love,52.0,new cynthiastad,125,kale,organic,2024-05-23,3.0,19.38,58.14
1174,natalie miller,64.0,gregorytown,117,granola,vegetable,2024-01-19,2.0,16.82,33.64
1175,leonard gilbert,32.0,juarezview,187,granola,snack,2024-03-25,3.0,12.96,38.88
1176,dawn gardner,78.0,martinezshire,123,kale,dairy,2024-07-19,3.0,17.31,51.92999999999999
1177,mrs. jamie crawford,49.0,north christina,123,granola,snack,2024-08-18,2.0,2.7,5.4
1178,nicholas williams,40.0,lake tamarastad,136,kale,vegetable,2024-07-24,4.0,7.93,31.72
1179,zachary scott,77.0,east matthewshire,192,almond butter,dairy,2024-08-13,2.0,16.38,32.76
1180,jordan graham,69.0,west chaseborough,111,kale,organic,2024-09-17,4.0,6.03,24.12
1181,jonathan delgado,28.0,new williamside,111,tofu,dairy,2024-09-01,1.0,6.35,6.35
1182,hector ellis,42.0,sandovalland,151,almond butter,snack,2024-06-16,1.0,7.72,7.72
1183,lori bradley,56.0,kristinaland,155,kale,snack,2024-02-05,1.0,11.5,11.5
1184,mr. jonathan grimes,52.0,east marcus,151,kale,snack,2024-06-26,2.0,17.91,35.82
1185,thomas martin,18.0,north kelsey,107,tofu,organic,2024-04-19,3.0,13.38,40.14
1186,devon west,57.0,mendezborough,112,tofu,snack,2024-02-28,4.0,3.56,14.24
1187,larry shepard,30.0,davisborough,170,granola,snack,2024-10-23,3.0,16.05,48.150000000000006
1188,megan neal,67.0,south christymouth,128,kale,snack,2024-05-09,4.0,19.88,79.52
1189,jeremy fisher,50.0,west monicaton,169,organic apples,organic,2024-02-15,1.0,17.79,17.79
1190,daniel kelley,36.0,new michael,171,granola,organic,2024-04-23,3.0,15.96,47.88
1191,kayla cooper,27.0,youngchester,180,granola,dairy,2024-04-01,4.0,9.97,39.88
1192,kevin johnson,67.0,new tammy,152,almond butter,dairy,2024-07-04,1.0,2.95,2.95
1193,denise collins,49.0,williamborough,110,almond butter,organic,2024-01-12,3.0,18.64,55.92
1194,crystal williams,68.0,south tyler,190,almond butter,snack,2024-09-26,1.0,2.04,2.04
1195,erica roth,59.0,kellyberg,115,organic apples,dairy,2024-02-09,4.0,8.55,34.2
1196,seth phillips,33.0,east emily,163,organic apples,snack,2024-08-20,1.0,14.49,14.49
1197,john boyd,74.0,south james,191,organic apples,dairy,2024-02-24,3.0,5.91,17.73
1198,mrs. dawn kelley,40.0,port melaniefort,110,granola,dairy,2024-04-24,3.0,7.92,23.76
1199,jeffrey collier,45.0,port michael,148,tofu,snack,2024-04-07,1.0,10.35,10.35
1200,jeanette murray,76.0,randyhaven,157,organic apples,vegetable,2024-01-02,4.0,8.05,32.2
1201,maria campbell,61.0,cannonland,166,granola,snack,2024-06-20,2.0,7.61,15.22
1202,johnny price,42.0,melanietown,165,tofu,dairy,2024-02-03,1.0,8.17,8.17
1203,keith ward,66.0,east jonathanbury,170,organic apples,snack,2024-02-21,1.0,7.04,7.04
1204,amanda hawkins,72.0,easa joelborough,160,almond butter,snack,2024-01-28,4.0,2.8,11.2
1205,james watson,36.0,longton,148,almond butter,organic,2024-01-03,1.0,8.25,8.25
1206,mitchell taylor,43.0,rachelmouth,128,tofu,organic,2024-09-02,1.0,5.76,5.76
1207,james jordan,65.0,new jessica,157,organic apples,dairy,2024-02-11,4.0,14.7,58.8
1208,amanda carr,58.0,carlsonfurt,127,tofu,dairy,2024-05-06,2.0,17.74,35.48
1209,crystal hicks,44.0,stephentown,174,kale,dairy,2024-08-19,4.0,12.92,51.68
1210,tina hicks,37.0,bankschester,175,kale,organic,2024-01-04,3.0,7.04,21.12
1211,whitney ramos,71.0,new michele,145,granola,snack,2024-10-06,3.0,19.95,59.85
1212,amy bartlett,52.0,smithchester,192,granola,dairy,2024-04-25,2.0,9.91,19.82
1213,tony sutton,47.0,mendozaville,147,fresh milk,organic,2024-10-08,3.0,13.18,39.54
1214,amanda lee,64.0,carrshire,171,tofu,organic,2024-08-12,3.0,18.53,55.59
1215,joanna gross,39.0,nathanville,127,organic apples,organic,2024-07-16,3.0,15.76,47.28
1216,david perez,73.0,east christopher,161,granola,snack,2024-04-05,1.0,4.54,4.54
1217,john elliott,60.0,lake jessica,167,kale,snack,2024-04-28,1.0,16.18,16.18
1218,michael miller,66.0,kellyton,108,organic apples,vegetable,2024-07-14,3.0,15.72,47.16
1219,charles cook,41.0,lisaport,186,tofu,organic,2024-05-19,3.0,19.29,57.87
1220,nathan church,74.0,allenview,134,organic apples,dairy,2024-07-16,1.0,11.38,11.38
1221,stacey hensley,66.0,sarahview,147,fresh milk,organic,2024-05-27,2.0,19.8,39.6
1222,meghan mendez,52.0,port lisa,100,almond butter,organic,2024-04-17,4.0,1.37,5.48
1223,april chavez,35.0,brownborough,177,fresh milk,organic,2024-07-10,1.0,9.52,9.52
1224,greg watson,43.0,west timothy,134,organic apples,dairy,2024-10-07,3.0,14.08,42.24
1225,miss tiffany miller phd,57.0,garciaburgh,185,almond butter,snack,2024-10-29,4.0,11.96,47.84
1226,paige figueroa,70.0,east kristina,186,organic apples,organic,2024-02-12,1.0,16.56,16.56
1227,benjamin armstrong,68.0,turnerside,103,tofu,snack,2024-01-16,2.0,7.73,15.46
1228,craig scott,77.0,port danielmouth,177,kale,dairy,2024-09-14,2.0,13.03,26.06
1229,regina jones,31.0,east sheila,150,tofu,snack,2024-09-05,3.0,6.62,19.86
1230,mark bailey,59.0,andrewton,121,organic apples,dairy,2024-02-27,4.0,17.86,71.44
1231,michael larson,63.0,west richard,183,granola,organic,2024-03-15,1.0,13.26,13.26
1232,veronica sosa,29.0,lake katelyn,132,kale,dairy,2024-03-02,1.0,8.22,8.22
1233,melanie bailey,22.0,north ann,109,tofu,organic,2024-07-30,4.0,7.91,31.64
1234,steven ali,44.0,north matthewfurt,172,organic apples,organic,2024-03-23,3.0,8.81,26.43
1235,caroline powell,32.0,nashfurt,141,fresh milk,vegetable,2024-04-24,4.0,8.19,32.76
1236,robert garza,76.0,samanthastad,116,fresh milk,vegetable,2024-05-06,1.0,2.08,2.08
1237,joseph donaldson,45.0,new tamara,197,fresh milk,dairy,2024-07-07,3.0,5.58,16.740000000000002
1238,patrick heath,60.0,new katherineburgh,164,almond butter,dairy,2024-03-19,1.0,10.31,10.31
1239,brianna allen,77.0,jessicaton,168,fresh milk,organic,2024-08-23,4.0,17.3,69.2
1240,patricia hall,65.0,south tracychester,160,organic apples,dairy,2024-03-07,3.0,6.63,19.89
1241,alicia ryan,72.0,west maryfurt,178,granola,organic,2024-07-19,1.0,11.86,11.86
1242,daniel randall,23.0,lawrencefort,160,tofu,dairy,2024-10-10,4.0,4.1,16.4
1244,christopher maxwell,23.0,west sarah,118,organic apples,vegetable,2024-01-16,2.0,11.85,23.7
1245,peter hardy,41.0,new joanne,121,granola,dairy,2024-10-27,1.0,12.39,12.39
1246,linda gardner,72.0,walkerton,153,almond butter,organic,2024-05-13,2.0,12.71,25.42
1247,monica brown,28.0,alvaradoview,192,organic apples,organic,2024-07-12,1.0,18.55,18.55
1248,emma munoz,42.0,port tonimouth,145,fresh milk,vegetable,2024-07-21,1.0,3.77,3.77
1249,michael lee,74.0,amandamouth,102,kale,organic,2024-10-30,1.0,12.91,12.91
1250,brandon smith,44.0,east nathaniel,132,organic apples,dairy,2024-03-21,4.0,2.14,8.56
1251,jeffrey newton,73.0,perezland,171,kale,organic,2024-07-21,3.0,8.73,26.19
1252,cory love,75.0,mackenzieport,117,tofu,organic,2024-01-14,1.0,14.96,14.96
1253,elizabeth webb,24.0,west john,176,kale,dairy,2024-03-14,4.0,17.33,69.32
1254,stephanie michael,74.0,east jim,199,granola,vegetable,2024-06-30,1.0,15.38,15.38
1255,jared rice,49.0,north mikaylamouth,171,granola,snack,2024-05-13,1.0,10.54,10.54
1256,melissa mcconnell,58.0,south joseport,187,almond butter,organic,2024-11-07,4.0,2.71,10.84
1257,sandy johnson,20.0,south scottton,153,fresh milk,dairy,2024-06-20,2.0,18.38,36.76
1258,gabrielle long,54.0,south brandon,145,organic apples,organic,2024-09-17,4.0,5.39,21.56
1259,kristin norman,27.0,north patrick,107,kale,snack,2024-04-17,1.0,13.44,13.44
1260,natalie underwood,34.0,south kaylabury,135,fresh milk,dairy,2024-06-20,2.0,6.13,12.26
1261,diana perez,31.0,hodgesbury,184,fresh milk,snack,2024-03-26,3.0,16.07,48.21
1262,laura morrison,78.0,north brenda,156,tofu,vegetable,2024-10-22,3.0,2.94,8.82
1263,michelle pierce,21.0,glenntown,149,organic apples,dairy,2024-02-03,4.0,3.09,12.36
1264,ryan love,30.0,north albertview,177,organic apples,snack,2024-06-25,1.0,19.63,19.63
1266,norman white,36.0,new arielside,135,fresh milk,snack,2024-08-03,1.0,2.72,2.72
1267,james gomez,76.0,karlaville,107,kale,organic,2024-08-05,4.0,9.75,39.0
1268,amber holmes,65.0,north bill,192,organic apples,snack,2024-08-24,2.0,14.76,29.52
1269,darren russell,44.0,port jason,175,fresh milk,vegetable,2024-06-03,2.0,10.47,20.94
1270,joseph dyer,46.0,jacksonburgh,170,granola,organic,2024-08-16,3.0,15.27,45.81
1271,kimberly sellers,29.0,greeneport,164,kale,dairy,2024-10-01,2.0,19.0,38.0
1272,steven perkins,44.0,randallfort,164,organic apples,vegetable,2024-07-31,3.0,15.71,47.13
1273,joseph holden,22.0,scottberg,181,organic apples,organic,2024-01-06,2.0,9.0,18.0
1274,matthew anderson,53.0,north benjamin,103,almond butter,organic,2024-09-19,2.0,19.34,38.68
1275,gregory jordan,78.0,janiceside,110,granola,organic,2024-01-02,4.0,3.25,13.0
1276,david boyle,30.0,ashleyville,109,tofu,dairy,2024-07-22,1.0,6.77,6.77
1277,melinda bauer,74.0,andrewhaven,168,kale,snack,2024-08-10,4.0,4.7,18.8
1278,troy johnson,76.0,south brandon,164,organic apples,organic,2024-04-05,3.0,9.99,29.97
1281,karen simmons,58.0,east tiffany,175,tofu,vegetable,2024-03-07,1.0,12.45,12.45
1282,michael lutz,66.0,west robertland,179,granola,organic,2024-03-16,2.0,18.21,36.42
1283,andrew brown,24.0,gregoryhaven,159,organic apples,snack,2024-08-03,2.0,14.0,28.0
1284,james brown,69.0,andersonside,168,almond butter,dairy,2024-07-19,2.0,17.42,34.84
1285,matthew marks,64.0,east jorgeside,130,tofu,vegetable,2024-11-03,4.0,5.15,20.6
1286,maria hernandez,35.0,new albert,130,fresh milk,snack,2024-01-12,4.0,8.42,33.68
1287,mr. john bell,35.0,lauraberg,184,tofu,snack,2024-03-19,1.0,3.41,3.41
1288,monica dixon,21.0,bradleyport,139,kale,snack,2024-08-31,1.0,16.31,16.31
1289,samantha martin,61.0,petersstad,128,almond butter,dairy,2024-11-04,2.0,13.19,26.38
1290,tammy nichols,18.0,meganshire,191,almond butter,organic,2024-05-06,2.0,12.22,24.44
1291,jason gibbs,33.0,smithfort,127,tofu,snack,2024-10-12,2.0,14.05,28.1
1293,chelsea wallace,44.0,deanfort,139,kale,organic,2024-02-15,2.0,17.93,35.86
1294,rhonda bryan,57.0,south robertbury,133,almond butter,dairy,2024-10-03,1.0,11.87,11.87
1295,crystal west,67.0,lake michaelborough,164,tofu,dairy,2024-03-14,3.0,19.47,58.41
1296,maria hancock,37.0,east nicoleville,103,organic apples,snack,2024-10-26,3.0,3.28,9.84
1297,megan white,21.0,north kimshire,147,organic apples,vegetable,2024-02-11,2.0,17.32,34.64
1298,catherine davis,51.0,matthewsmouth,134,almond butter,snack,2024-09-23,3.0,4.99,14.97
1299,stephanie robinson,79.0,north brittanyhaven,176,almond butter,snack,2024-02-04,3.0,11.39,34.17
1300,alex oconnor,41.0,rickyburgh,101,tofu,dairy,2024-04-29,2.0,13.38,26.76
1301,robert mcguire,67.0,north benjaminside,165,kale,organic,2024-09-21,3.0,19.08,57.24
1302,monique king,54.0,kellyton,153,fresh milk,organic,2024-02-03,3.0,9.27,27.81
1303,brittany perez,37.0,youngmouth,123,granola,organic,2024-03-01,4.0,11.2,44.8
1304,jessica vasquez,25.0,south brianfort,139,almond butter,snack,2024-07-21,2.0,7.95,15.9
1305,shelly cummings,34.0,north coreyport,159,almond butter,organic,2024-03-05,4.0,8.23,32.92
1306,robert fry,50.0,padillaberg,161,tofu,organic,2024-03-08,2.0,3.07,6.14
1307,wanda mccarthy,60.0,west kristin,165,granola,dairy,2024-10-25,3.0,19.38,58.14
1308,jeremy malone,35.0,north andreport,124,tofu,organic,2024-10-01,3.0,2.99,8.97
1309,andrew bell,70.0,richardfurt,176,tofu,organic,2024-02-08,1.0,16.67,16.67
1310,anthony allison,61.0,south john,125,fresh milk,snack,2024-08-26,3.0,13.8,41.400000000000006
1311,scott hill,40.0,south jamesville,165,fresh milk,snack,2024-05-23,1.0,9.98,9.98
1312,stacy russell,30.0,scottton,186,fresh milk,organic,2024-01-19,1.0,5.16,5.16
1313,amanda elliott,43.0,north kendrachester,139,fresh milk,dairy,2024-08-09,4.0,11.58,46.32
1314,robert thomas,61.0,danaburgh,142,fresh milk,dairy,2024-03-19,1.0,15.29,15.29
1315,ashley fox,51.0,mcdowellton,108,tofu,snack,2024-03-11,3.0,4.97,14.91
1316,edward carter,20.0,port steven,184,kale,snack,2024-10-09,4.0,15.74,62.96
1318,robert anderson,52.0,jenniferstad,101,granola,snack,2024-03-22,1.0,17.0,17.0
1319,savannah chambers,72.0,gainesview,149,tofu,snack,2024-02-05,4.0,12.61,50.44
1320,matthew lucas,58.0,west stephanie,133,organic apples,organic,2024-01-25,2.0,5.5,11.0
1322,mike brown,39.0,brownside,117,fresh milk,snack,2024-05-03,2.0,9.22,18.44
1324,brenda castro,55.0,debrabury,116,organic apples,organic,2024-08-06,1.0,5.37,5.37
1325,keith valdez,28.0,west kimberlystad,131,tofu,snack,2024-07-30,4.0,9.68,38.72
1327,christopher martin,23.0,east ralphmouth,148,kale,snack,2024-04-28,4.0,19.13,76.52
1328,melanie harper dds,58.0,new jessicafort,132,fresh milk,snack,2024-01-26,1.0,10.04,10.04
1329,regina flores,72.0,kevinfort,182,fresh milk,organic,2024-02-15,2.0,8.17,16.34
1330,john grant,55.0,neweerinfurt,177,almond butter,organic,2024-06-23,1.0,1.65,1.65
1331,jason mcintyre,27.0,lake belinda,126,fresh milk,organic,2024-09-20,2.0,16.35,32.7
1332,christopher travis,30.0,calebburgh,137,tofu,snack,2024-09-30,2.0,10.65,21.3
1333,dorothy dennis,79.0,lake shellyport,158,granola,vegetable,2024-07-13,2.0,16.94,33.88
1334,linda orozco,30.0,lake dominique,199,organic apples,snack,2024-06-25,1.0,3.3,3.3
1336,mrs. jessica chapman dds,59.0,north thomas,136,organic apples,vegetable,2024-03-01,1.0,8.93,8.93
1337,jason marsh,55.0,easy david,100,granola,dairy,2024-03-21,3.0,9.41,28.23
1338,benjamin brandt,21.0,lewischester,163,fresh milk,organic,2024-06-04,1.0,19.57,19.57
1339,victoria daniel,52.0,pierceville,134,kale,vegetable,2024-05-05,1.0,2.98,2.98
1340,aaron oliver,57.0,garzaview,108,granola,snack,2024-02-03,1.0,7.88,7.88
1341,edward stanton,72.0,jerryfurt,122,kale,organic,2024-07-01,3.0,11.28,33.84
1342,james lopez,24.0,jenniferport,169,organic apples,vegetable,2024-08-28,3.0,4.25,12.75
1343,dawn butler,64.0,east laurashire,191,granola,vegetable,2024-05-06,2.0,7.45,14.9
1344,donald valencia,46.0,kelseyland,135,kale,snack,2024-07-23,1.0,6.53,6.53
1345,stacy yates,65.0,new emily,113,organic apples,snack,2024-06-11,4.0,13.43,53.72
1346,joel dixon,35.0,taylorview,125,almond butter,dairy,2024-05-05,2.0,8.01,16.02
1347,dale conner,70.0,lake garrett,171,almond butter,vegetable,2024-10-26,2.0,12.72,25.44
1348,juan lucero,51.0,reyeschester,153,tofu,dairy,2024-08-25,4.0,17.99,71.96
1349,gary johnson,29.0,kimberlyside,188,granola,dairy,2024-10-19,3.0,3.04,9.12
1350,craig mclaughlin,63.0,wesg teresachester,145,fresh milk,snack,2024-07-15,1.0,14.87,14.87
1351,jeffrey hansen,74.0,new savannah,129,granola,dairy,2024-08-06,3.0,15.1,45.3
1352,ian mcbride,62.0,newucrystalview,124,organic apples,dairy,2024-02-20,1.0,11.96,11.96
1353,lisa taylor,27.0,south anthony,191,organic apples,organic,2024-05-06,1.0,17.95,17.95
1354,samantha harris,29.0,south heather,145,fresh milk,organic,2024-04-03,2.0,17.99,35.98
1355,anita taylor,55.0,charlesberg,199,tofu,snack,2024-01-28,3.0,3.68,11.04
1356,brittany gomez,53.0,north sonyabury,177,tofu,vegetable,2024-08-05,1.0,12.67,12.67
1357,kevin sanchez,54.0,espinozaport,151,organic apples,organic,2024-07-26,4.0,13.29,53.16
1358,jonathan wilson,30.0,lake lisafort,178,organic apples,snack,2024-03-20,2.0,8.62,17.24
1359,brittany henderson,63.0,west nicoleton,185,fresh milk,snack,2024-05-20,2.0,280.18,560.36
1360,jacqueline collins,60.0,east margaret,129,kale,snack,2024-10-14,3.0,7.44,22.32
1361,jane calhoun,50.0,kylestad,192,fresh milk,snack,2024-07-09,4.0,11.64,46.56
1362,morgan moreno,20.0,new anthonyberg,174,almond butter,dairy,2024-10-23,2.0,5.99,11.98
1363,mary sanchez,55.0,powellview,157,tofu,dairy,2024-01-08,4.0,3.53,14.12
1364,heather ruiz,39.0,shellyport,103,fresh milk,snack,2024-01-18,1.0,16.27,16.27
1365,eric jackson,74.0,lake kendraland,148,kale,vegetable,2024-03-10,1.0,17.62,17.62
1366,scott hawkins,45.0,west sheila,199,organic apples,snack,2024-08-12,2.0,18.59,37.18
1367,bradley carter,73.0,millermouth,180,fresh milk,snack,2024-10-24,1.0,5.45,5.45
1368,michael macdonald,29.0,north johnberg,145,organic apples,vegetable,2024-05-17,3.0,15.51,46.53
1369,christopher davis,77.0,bishophaven,106,tofu,vegetable,2024-04-05,1.0,17.19,17.19
1370,joseph williamson,49.0,lake diane,122,tofu,vegetable,2024-06-06,3.0,8.67,26.01
1371,monica mills,26.0,heathertown,114,fresh milk,dairy,2024-06-15,2.0,8.26,16.52
1372,amanda marshall,64.0,mccoyborough,120,granola,snack,2024-03-31,2.0,9.57,19.14
1373,karen fox,78.0,west darlenetown,190,almond butter,dairy,2024-04-13,4.0,12.02,48.08
1374,alicia cherry,26.0,carrieton,136,fresh milk,snack,2024-10-14,2.0,16.02,32.04
1375,heather garcia,24.0,williamsberg,197,granola,snack,2024-03-17,2.0,9.3,18.6
1376,peter williams,75.0,riverafort,174,organic apples,organic,2024-08-20,1.0,11.49,11.49
1377,michael harris,18.0,brandonmouth,103,kale,dairy,2024-02-13,1.0,14.35,14.35
1378,stacey pitts,69.0,kevinburgh,120,fresh milk,dairy,2024-03-05,3.0,14.2,42.6
1379,christy baker,50.0,south charlesmouth,199,granola,organic,2024-03-29,1.0,10.72,10.72
1380,douglas love,49.0,west barbarafort,131,granola,organic,2024-08-13,3.0,8.36,25.08
1381,matthew klein,56.0,wardview,171,fresh milk,organic,2024-05-30,3.0,5.81,17.43
1382,john gallegos,73.0,west morgan,166,fresh milk,vegetable,2024-05-14,1.0,8.25,8.25
1383,paul haas,76.0,east eric,106,organic apples,vegetable,2024-06-18,1.0,17.38,17.38
1384,justin garcia,70.0,new adammouth,122,kale,dairy,2024-07-28,3.0,19.81,59.42999999999999
1385,valerie davis,20.0,ramosville,125,fresh milk,dairy,2024-08-23,1.0,7.87,7.87
1386,joseph terrell,51.0,north dawnport,172,organic apples,vegetable,2024-04-30,4.0,1.87,7.48
1387,sharon molina,71.0,south tammyfurt,105,fresh milk,vegetable,2024-07-09,3.0,6.33,18.99
1388,michael hickman,34.0,lake lisa,192,organic apples,dairy,2024-04-07,1.0,10.51,10.51
1389,alicia cole,25.0,ashleyburgh,141,kale,snack,2024-10-18,3.0,18.09,54.27
1390,rachel dunn,42.0,leefurt,160,organic apples,vegetable,2024-05-24,4.0,4.12,16.48
1391,robert king,35.0,velezstad,129,tofu,vegetable,2024-07-10,2.0,17.74,35.48
1392,chelsea estrada,43.0,east alan,132,kale,dairy,2024-08-25,1.0,17.92,17.92
1393,matthew fuller,77.0,lake johnfurt,146,almond butter,organic,2024-09-09,4.0,2.92,11.68
1394,alison clements,45.0,justinstad,163,almond butter,dairy,2024-03-09,1.0,7.47,7.47
1395,barbara jensen,76.0,north christina,134,fresh milk,dairy,2024-08-16,2.0,13.66,27.32
1396,jessica davis,63.0,east matthew,160,tofu,dairy,2024-05-13,4.0,14.21,56.84
1397,theresa robinson,37.0,port herbertville,161,kale,vegetable,2024-01-20,3.0,5.35,16.049999999999997
1398,andrea fleming,54.0,williamsmouth,105,granola,vegetable,2024-01-02,3.0,19.58,58.74
1399,brandon smith,55.0,nelsonport,172,kale,organic,2024-06-21,4.0,3.7,14.8
1400,jennifer roy,42.0,amychester,183,almond butter,vegetable,2024-06-23,3.0,8.74,26.22
1402,jason short,63.0,debratown,120,granola,vegetable,2024-07-30,3.0,14.05,42.150000000000006
1403,nicholas gibbs,49.0,brandonton,153,granola,snack,2024-06-19,1.0,13.49,13.49
1404,matthew smith,73.0,matthewborough,162,tofu,dairy,2024-09-27,4.0,2.19,8.76
1405,joseph delgado,31.0,troyside,129,organic apples,dairy,2024-03-16,3.0,14.15,42.45
1406,jonathan bird,37.0,jacobberg,145,granola,snack,2024-11-07,4.0,2.82,11.28
1407,jeffery burke,29.0,andersonstad,155,fresh milk,dairy,2024-10-12,4.0,8.58,34.32
1408,jonathan brown,40.0,north douglaston,150,almond butter,snack,2024-07-28,4.0,5.03,20.12
1410,robert fields,45.0,east emily,171,tofu,organic,2024-10-20,2.0,6.73,13.46
1411,william thomas,50.0,gibbsville,157,kale,dairy,2024-01-02,4.0,3.64,14.56
1412,isaac daniels,29.0,lake nicolemouth,126,kale,organic,2024-10-31,2.0,11.87,23.74
1413,connie mcdaniel,44.0,lauraview,175,almond butter,dairy,2024-07-27,3.0,9.54,28.62
1414,patrick moore jr.,51.0,north brandonborough,186,granola,organic,2024-06-15,4.0,15.3,61.2
1415,michael barton,46.0,west dustinhaven,111,granola,snack,2024-08-02,3.0,9.76,29.28
1416,kathy heath,34.0,elizabethfurt,124,fresh milk,snack,2024-09-27,2.0,18.69,37.38
1417,christine spears,38.0,cynthiatown,136,kale,snack,2024-07-10,3.0,3.45,10.35
1418,angela powell,35.0,hartstad,150,fresh milk,organic,2024-07-14,2.0,17.83,35.66
1419,jeremiah lopez,37.0,drewbury,184,kale,snack,2024-02-13,3.0,10.51,31.53
1420,mrs. christina martin,57.0,west debrastad,168,granola,vegetable,2024-02-27,4.0,6.69,26.76
1422,kenneth colon,41.0,millerville,197,fresh milk,vegetable,2024-07-06,1.0,9.36,9.36
1423,brian glover,18.0,sethmouth,132,tofu,vegetable,2024-03-01,1.0,15.94,15.94
1424,john leonard,69.0,port georgeville,177,fresh milk,snack,2024-01-01,3.0,11.8,35.400000000000006
1425,isaiah harris,18.0,west maria,178,organic apples,organic,2024-01-27,3.0,18.92,56.760000000000005
1427,debra donaldson,64.0,new kelly,131,granola,dairy,2024-09-28,1.0,4.33,4.33
1428,rachel sanchez,68.0,west brandon,173,organic apples,vegetable,2024-09-22,4.0,3.06,12.24
1429,james huber,27.0,east adrian,197,fresh milk,dairy,2024-03-12,4.0,7.93,31.72
1430,donna avila,21.0,south wandaberg,138,organic apples,dairy,2024-03-12,2.0,2.53,5.06
1431,susan jones,77.0,cohenfurt,160,organic apples,dairy,2024-05-28,2.0,16.68,33.36
1433,terrance andrade,43.0,chelseaville,136,tofu,dairy,2024-04-05,2.0,12.17,24.34
1434,diana mitchell,66.0,port jacquelinehaven,154,kale,dairy,2024-10-02,2.0,4.06,8.12
1435,stephanie powell,60.0,mariaport,119,kale,vegetable,2024-05-19,1.0,8.67,8.67
1436,trevor williams,37.0,sharonfort,161,tofu,vegetable,2024-06-27,3.0,8.38,25.14
1437,anita valenzuela,44.0,elizabethtown,157,organic apples,dairy,2024-03-23,176.0,2.87,505.12
1438,erika carson,69.0,caintown,108,kale,dairy,2024-08-11,1.0,1.68,1.68
1439,gerald gardner,50.0,mariohaven,112,tofu,vegetable,2024-01-30,1.0,11.02,11.02
1440,rachael rivera,79.0,lake georgefort,116,tofu,dairy,2024-01-15,1.0,8.11,8.11
1441,george owen,66.0,lake elizabeth,185,kale,dairy,2024-04-17,3.0,1.57,4.71
1442,michael kelly,79.0,north ronaldhaven,151,organic apples,dairy,2024-01-20,2.0,15.48,30.96
1443,tina pierce,33.0,new travisfort,135,almond butter,organic,2024-06-16,2.0,13.57,27.14
1445,ellen doyle,34.0,new jay,187,organic apples,organic,2024-04-18,3.0,17.07,51.21
1446,taylor smith,45.0,north christinachester,112,organic apples,organic,2024-06-01,1.0,8.15,8.15
1447,stephen warner,40.0,new matthewstad,161,almond butter,vegetable,2024-04-29,1.0,9.39,9.39
1448,charles harris,40.0,jessicaborough,100,fresh milk,vegetable,2024-04-10,2.0,7.53,15.06
1449,jeremy lambert,50.0,wangbury,178,almond butter,snack,2024-09-12,3.0,17.27,51.81
1450,rebecca martinez,49.0,bellbury,174,organic apples,vegetable,2024-06-17,1.0,7.93,7.93
1451,alyssa davis,52.0,rodriguezbury,125,organic apples,organic,2024-08-03,1.0,11.75,11.75
1452,jonathan holland,71.0,amandaton,129,tofu,vegetable,2024-07-17,3.0,7.2,21.6
1453,kyle li,59.0,lake ashley,139,almond butter,organic,2024-09-30,4.0,1.9,7.6
1454,charles martinez,37.0,west jasmineshire,192,almond butter,snack,2024-10-17,3.0,17.17,51.510000000000005
1455,dennis armstrong,64.0,east jennifer,159,organic apples,vegetable,2024-10-01,4.0,11.11,44.44
1456,samantha johnson,78.0,east amy,137,fresh milk,vegetable,2024-05-10,1.0,2.02,2.02
1457,tracey sims,45.0,christinamouth,172,kale,snack,2024-08-04,1.0,15.56,15.56
1458,richard gibson,45.0,new alanland,150,fresh milk,snack,2024-03-22,1.0,14.67,14.67
1459,richard oconnell,31.0,tiffanyview,189,fresh milk,dairy,2024-04-13,2.0,1.13,2.26
1460,robert boyd,64.0,corychester,111,granola,dairy,2024-04-26,3.0,13.59,40.77
1461,tyrone turner,20.0,new melissabury,138,granola,dairy,2024-08-06,1.0,2.91,2.91
1462,steven bradley,60.0,lake robert,114,organic apples,vegetable,2024-09-02,3.0,10.73,32.19
1463,andrew webster,78.0,reedberg,137,organic apples,organic,2024-06-22,3.0,7.43,22.29
1464,brian johnson,69.0,matthewton,176,fresh milk,organic,2024-06-30,3.0,2.87,8.61
1466,angela silva,70.0,rayshire,133,granola,snack,2024-10-13,3.0,14.04,42.12
1467,brian moss,27.0,nashland,186,organic apples,snack,2024-10-23,3.0,8.9,26.700000000000003
1468,james miller,45.0,lake johnland,147,almond butter,organic,2024-05-31,2.0,4.27,8.54
1469,jasmine foley,46.0,debraton,110,fresh milk,snack,2024-03-03,1.0,17.86,17.86
1470,tracy maxwell,48.0,port kyleborough,164,tofu,dairy,2024-10-17,1.0,14.42,14.42
1471,morgan mckay,25.0,new jennifer,162,tofu,vegetable,2024-05-06,2.0,4.56,9.12
1472,laura pearson,27.0,north brandon,199,organic apples,vegetable,2024-09-25,4.0,11.01,44.04
1473,sandra brooks,54.0,new kristin,128,kale,vegetable,2024-01-07,3.0,13.94,41.82
1474,elizabeth wright,24.0,richardberg,136,almond butter,vegetable,2024-09-27,1.0,8.94,8.94
1475,kyle dawson,56.0,east donna,196,granola,vegetable,2024-04-24,1.0,3.66,3.66
1476,johnny barry,35.0,south joanton,182,fresh milk,organic,2024-10-07,4.0,14.94,59.76
1477,james henderson,43.0,alexanderport,135,tofu,snack,2024-06-13,1.0,10.9,10.9
1478,stephanie guerra,23.0,marissaview,158,granola,snack,2024-08-23,4.0,7.54,30.16
1479,michael hall,53.0,wilkinschester,188,fresh milk,snack,2024-07-12,1.0,7.36,7.36
1480,lauren white,76.0,port heather,100,almond butter,organic,2024-04-25,3.0,12.49,37.47
1481,donald roberts,70.0,east garyfurt,141,organic apples,organic,2024-04-15,3.0,17.66,52.98
1482,judy ball,79.0,port karen,160,fresh milk,dairy,2024-05-04,2.0,8.18,16.36
1483,jacqueline delgado,49.0,port emilyberg,195,granola,vegetable,2024-09-10,3.0,17.14,51.42
1484,jasmine valentine,62.0,south sherry,192,organic apples,snack,2024-06-12,3.0,7.23,21.69
1485,john martin,49.0,west robin,111,almond butter,vegetable,2024-11-08,4.0,11.33,45.32
1486,denise moon,23.0,kellymouth,178,fresh milk,organic,2024-08-01,1.0,15.86,15.86
1487,bradley orr,42.0,west deborah,137,almond butter,snack,2024-04-18,1.0,5.49,5.49
1488,melissa howard,49.0,zhangland,197,kale,snack,2024-06-07,2.0,1.56,3.12
1489,walter conner,67.0,port lisa,159,tofu,organic,2024-06-29,1.0,10.3,10.3
1490,john mcintosh,40.0,smithborough,169,organic apples,snack,2024-10-11,2.0,14.65,29.3
1491,douglas wood,27.0,north nichole,175,fresh milk,dairy,2024-07-14,2.0,4.24,8.48
1494,paul hernandez,30.0,new christopher,192,fresh milk,vegetable,2024-01-16,3.0,10.33,30.99
1495,tonya logan,53.0,arielview,140,organic apples,organic,2024-03-24,1.0,5.57,5.57
1497,julie sanchez,75.0,estesview,188,organic apples,vegetable,2024-01-29,2.0,14.74,29.48
1498,jonathon phillips,74.0,north charles,146,tofu,dairy,2024-09-24,4.0,5.88,23.52
1499,joseph walker,40.0,timothyfurt,186,fresh milk,snack,2024-02-06,1.0,11.64,11.64
1500,aaron vargas,63.0,west robertshire,191,organic apples,snack,2024-05-04,4.0,3.03,12.12
1501,mrs. renee allen,77.0,beckerside,163,kale,snack,2024-07-11,1.0,18.17,18.17
1502,roberta carpenter,77.0,port jameschester,192,organic apples,dairy,2024-06-23,3.0,18.24,54.72
1503,luke glenn,36.0,east tinaside,124,tofu,snack,2024-03-22,3.0,19.86,59.58
1504,michael wood,34.0,souvh krystalberg,122,kale,dairy,2024-08-20,3.0,9.66,28.98
1505,marisa burgess,70.0,west charles,109,kale,dairy,2024-08-11,1.0,1.81,1.81
1506,daniel alvarez dds,25.0,new michelle,137,granola,organic,2024-01-18,3.0,10.82,32.46
1507,justin hanson,77.0,port amberside,178,organic apples,organic,2024-01-07,1.0,13.59,13.59
1508,patricia cowan,41.0,williamton,183,kale,organic,2024-09-06,4.0,12.7,50.8
1509,matthew young,53.0,lake juliaberg,177,kale,vegetable,2024-08-28,1.0,17.96,17.96
1510,travis knox,66.0,jacobshire,181,kale,dairy,2024-04-14,1.0,2.16,2.16
1511,kimberly harrison,68.0,sylviamouth,130,granola,snack,2024-01-25,1.0,5.83,5.83
1512,jacqueline boyd,74.0,east sara,157,organic apples,organic,2024-03-16,1.0,134.26,134.26
1513,jamie cook,49.0,south wesley,186,fresh milk,dairy,2024-01-16,3.0,11.44,34.32
1514,shane smith,69.0,north bruceville,131,organic apples,dairy,2024-09-04,4.0,17.31,69.24
1515,morgan payne,72.0,jessefurt,137,kale,dairy,2024-06-15,1.0,292.02,292.02
1516,joseph garza phd,66.0,riverafort,185,granola,organic,2024-10-19,4.0,3.26,13.04
1517,alyssa golden,54.0,jonathanburgh,196,almond butter,vegetable,2024-01-30,4.0,3.5,14.0
1518,emily thompson,38.0,cameronchester,171,tofu,dairy,2024-06-27,2.0,18.4,36.8
1519,tiffany floyd,30.0,noahland,133,kale,dairy,2024-05-23,2.0,11.15,22.3
1520,dr. aaron franklin md,19.0,north michaeltown,197,tofu,dairy,2024-09-28,2.0,6.47,12.94
1521,christina gardner dvm,49.0,rubiostad,115,kale,organic,2024-10-15,1.0,19.61,19.61
1522,shawn yang,38.0,south james,175,kale,organic,2024-06-29,2.0,17.26,34.52
1523,andre hall,50.0,south jessica,132,tofu,organic,2024-02-19,4.0,9.0,36.0
1525,angela leon,30.0,melanieberg,144,organic apples,organic,2024-06-09,4.0,9.99,39.96
1526,kelly mcdonald,45.0,andersonside,106,almond butter,organic,2024-06-30,3.0,9.97,29.910000000000004
1527,donald martinez,60.0,riveraside,103,kale,organic,2024-08-17,3.0,13.29,39.87
1528,john gutierrez,53.0,charleschester,192,almond butter,vegetable,2024-02-16,2.0,7.87,15.74
1529,nicole alexander,25.0,batesberg,112,granola,dairy,2024-02-20,4.0,13.96,55.84
1530,christian martin,28.0,wilsonland,147,granola,dairy,2024-09-04,2.0,2.25,4.5
1531,alan wilkinson,48.0,east jessicamouth,126,fresh milk,dairy,2024-03-10,3.0,9.1,27.3
1532,katrina nguyen,59.0,chandlerbury,144,organic apples,snack,2024-03-29,4.0,3.82,15.28
1533,rhonda smith,75.0,west earlview,174,tofu,snack,2024-04-14,3.0,11.95,35.849999999999994
1534,spencer wallace,79.0,east josephbury,189,kale,snack,2024-03-27,1.0,7.77,7.77
1536,jennifer martinez,63.0,new calvin,142,granola,dairy,2024-07-10,1.0,12.43,12.43
1537,danielle green,61.0,gutierrezview,125,tofu,snack,2024-10-17,2.0,3.61,7.22
1538,dennis finley,67.0,raccaelmouth,133,fresh milk,snack,2024-06-18,4.0,9.89,39.56
1539,bonnie obrien,48.0,reynoldsmouth,172,fresh milk,snack,2024-05-31,1.0,4.04,4.04
1540,susan stevens,41.0,port janemouth,174,fresh milk,organic,2024-02-04,4.0,3.58,14.32
1541,isaac alvarez,62.0,jamesshire,127,tofu,organic,2024-08-28,1.0,9.1,9.1
1542,matthew shaw,57.0,south lisachester,157,almond butter,vegetable,2024-09-23,2.0,12.2,24.4
1543,dawn green,51.0,harrischester,169,organic apples,organic,2024-01-14,1.0,4.36,4.36
1545,elizabeth allen,68.0,tayporview,105,fresh milk,snack,2024-09-18,2.0,10.21,20.42
1546,sheena ramos,35.0,cynthiaton,152,fresh milk,snack,2024-09-22,2.0,5.84,11.68
1547,jeremy carpenter,66.0,north barbara,175,almond butter,organic,2024-06-03,1.0,10.32,10.32
1548,melissa hill,41.0,port stephenside,111,fresh milk,dairy,2024-04-22,4.0,3.67,14.68
1549,edward miller,39.0,brandonland,166,organic apples,vegetable,2024-01-10,2.0,2.87,5.74
1550,jeremy robinson,63.0,jonathanbury,139,granola,dairy,2024-08-18,3.0,13.71,41.13
1551,jacob roach,69.0,south samanthastad,137,almond butter,organic,2024-03-05,1.0,7.53,7.53
1552,chad foster,32.0,new david,182,organic apples,vegetable,2024-07-13,4.0,8.37,33.48
1553,jenny daniels,67.0,west angel,188,fresh milk,organic,2024-07-29,1.0,8.04,8.04
1554,amy harris,32.0,bauerside,140,granola,snack,2024-05-10,4.0,11.39,45.56
1555,shannon boyd,41.0,marfamouth,133,organic apples,organic,2024-05-09,2.0,14.11,28.22
1556,caroline lyons,41.0,jacobberg,122,tofu,snack,2024-06-28,4.0,12.15,48.6
1557,edward gonzalez,74.0,jamiechester,121,kale,snack,2024-08-15,3.0,9.58,28.74
1558,james wilson,65.0,robinsonberg,165,kale,vegetable,2024-04-09,4.0,3.02,12.08
1559,ashley ortega,51.0,lauraburgh,139,tofu,dairy,2024-04-27,3.0,19.53,58.59
1561,michael michael,59.0,careyfurt,157,fresh milk,vegetable,2024-01-02,3.0,13.55,40.650000000000006
1562,walter bennett,43.0,stevenland,158,almond butter,snack,2024-02-15,4.0,7.62,30.48
1563,karen wagner,23.0,nelsonville,156,tofu,dairy,2024-06-06,2.0,8.91,17.82
1564,shawn flores,51.0,west mariofurt,164,almond butter,snack,2024-03-05,2.0,1.5,3.0
1565,darren miranda,35.0,north kevin,102,granola,vegetable,2024-09-02,1.0,19.49,19.49
1566,paige aguilar md,73.0,lake steven,158,tofu,organic,2024-06-08,2.0,14.56,29.12
1567,kimberly brown,63.0,port connie,154,fresh milk,dairy,2024-01-01,4.0,14.42,57.68
1568,holly morton,29.0,victorstad,142,tofu,organic,2024-03-17,3.0,14.99,44.97
1569,chris robles,68.0,east betty,166,fresh milk,dairy,2024-08-09,4.0,8.02,32.08
1570,kimberly mendez,23.0,craigborough,144,granola,vegetable,2024-09-26,4.0,9.81,39.24
1572,meghan wall,53.0,lake jasontown,139,granola,dairy,2024-05-01,3.0,12.55,37.650000000000006
1573,john moore,24.0,snyderhaven,140,granola,vegetable,2024-06-23,3.0,15.7,47.1
1574,lisa wilson,38.0,west daniel,177,granola,vegetable,2024-04-22,1.0,16.81,16.81
1575,keith moore,67.0,north sherryshire,194,granola,organic,2024-06-12,4.0,12.42,49.68
1576,lisa hodge,53.0,millerton,111,fresh milk,snack,2024-10-28,2.0,7.13,14.26
1577,christopher oliver,42.0,lake ryan,134,almond butter,vegetable,2024-05-18,4.0,1.75,7.0
1578,alexander powell,67.0,johnsonhaven,105,fresh milk,snack,2024-02-13,1.0,11.44,11.44
1579,brendan nelson,73.0,sonyaside,125,tofu,vegetable,2024-08-31,1.0,18.39,18.39
1580,becky edwards,46.0,ramirezmouth,133,organic apples,vegetable,2024-05-11,4.0,16.24,64.96
1581,dwayne rogers,71.0,lake stephaniestad,107,organic apples,dairy,2024-07-14,4.0,5.56,22.24
1582,miss heather crawford,60.0,north james,183,granola,vegetable,2024-08-13,1.0,15.09,15.09
1583,ariel frye,60.0,helenbury,148,tofu,vegetable,2024-07-16,1.0,3.3,3.3
1584,christina rowe,48.0,west jaclyn,110,granola,vegetable,2024-01-23,4.0,9.87,39.48
1585,jared morris,40.0,east andre,164,almond butter,dairy,2024-11-01,3.0,11.1,33.3
1586,dawn bryant,64.0,aliciamouth,183,organic apples,vegetable,2024-10-19,4.0,9.73,38.92
1588,mark cooper,62.0,weavermouth,156,kale,dairy,2024-03-17,4.0,14.29,57.16
1589,diana sims md,76.0,east franceschester,189,granola,organic,2024-08-22,2.0,14.48,28.96
1590,tristan greene,21.0,port anthony,103,organic apples,organic,2024-01-21,2.0,14.27,28.54
1591,brenda keith,33.0,lake amy,176,tofu,vegetable,2024-09-05,2.0,11.52,23.04
1592,angie wood dvm,72.0,north josephburgh,175,organic apples,vegetable,2024-05-01,4.0,9.35,37.4
1593,eric hill,74.0,new david,138,tofu,vegetable,2024-11-02,3.0,5.98,17.94
1595,stephanie alexander,35.0,north carolynton,162,kale,organic,2024-09-02,1.0,16.23,16.23
1596,sarah casey,51.0,new marymouth,163,tofu,vegetable,2024-09-24,3.0,3.99,11.97
1597,nancy harrison,21.0,north cheryl,142,tofu,vegetable,2024-08-11,118.0,13.22,1559.96
1598,karen nash,57.0,kimberlybury,129,tofu,organic,2024-03-26,3.0,15.71,47.13
1599,nicole stafford,22.0,lake elizabeth,145,tofu,vegetable,2024-01-11,3.0,1.97,5.91
1600,robert davis,64.0,lake ralphmouth,112,granola,snack,2024-07-03,2.0,10.24,20.48
1601,jennifer collier,51.0,port garrett,146,tofu,vegetable,2024-09-13,4.0,8.52,34.08
1602,lindsay adams,48.0,priceshire,157,granola,vegetable,2024-10-02,4.0,10.73,42.92
1603,anthony wilkerson,50.0,andersonport,163,granola,vegetable,2024-02-03,1.0,18.97,18.97
1604,sean martinez jr.,22.0,wesc ashlee,160,almond butter,vegetable,2024-02-16,2.0,12.74,25.48
1605,jamie gray,40.0,port andrew,198,organic apples,dairy,2024-04-16,3.0,3.12,9.36
1606,mark collins,57.0,davidton,129,fresh milk,snack,2024-03-07,4.0,12.21,48.84
1607,paul garcia,56.0,east jody,156,kale,organic,2024-09-19,1.0,12.5,12.5
1608,david harris,46.0,thomaschester,175,organic apples,vegetable,2024-01-26,2.0,1.5,3.0
1609,barbara hall,20.0,north stephaniemouth,182,kale,dairy,2024-05-14,2.0,10.44,20.88
1610,tonya key,30.0,ryanmouth,192,granola,organic,2024-08-26,3.0,10.57,31.71
1612,curtis rose,33.0,galvanport,146,organic apples,vegetable,2024-05-28,1.0,7.92,7.92
1614,kelli hodge,56.0,east alexandra,132,kale,vegetable,2024-02-17,1.0,1.55,1.55
1615,steven jones,73.0,andreaborough,189,almond butter,vegetable,2024-04-02,3.0,18.69,56.07000000000001
1617,james boyd,47.0,west maryburgh,126,almond butter,dairy,2024-08-22,1.0,15.64,15.64
1618,dakota welch,28.0,robinsonland,137,tofu,organic,2024-04-10,4.0,16.22,64.88
1619,jessica griffin,74.0,smithstad,178,granola,snack,2024-03-24,2.0,9.46,18.92
1620,seth lewis,72.0,west michellehaven,162,organic apples,organic,2024-05-11,3.0,13.51,40.53
1621,sally donaldson,49.0,williamschester,126,organic apples,vegetable,2024-06-03,1.0,8.05,8.05
1622,nicholas anderson,66.0,lake kristinaburgh,163,kale,dairy,2024-04-14,4.0,1.72,6.88
1623,erin winters,78.0,east charles,196,almond butter,vegetable,2024-06-11,4.0,8.77,35.08
1624,sharon matthews,56.0,claudiaton,120,kale,organic,2024-09-08,2.0,12.58,25.16
1625,alice smith,29.0,port jeffreytown,136,granola,dairy,2024-10-28,2.0,2.76,5.52
1626,april watts,25.0,gabriellemouth,149,fresh milk,dairy,2024-03-09,3.0,13.99,41.97
1627,timothy collins,19.0,east keithville,130,organic apples,vegetable,2024-10-30,2.0,10.28,20.56
1628,valerie powell,72.0,north allison,118,fresh milk,organic,2024-03-04,4.0,6.32,25.28
1629,tonya lopez,74.0,elizabethstad,100,kale,dairy,2024-01-15,3.0,6.67,20.01
1630,amanda mann,25.0,port david,130,granola,vegetable,2024-06-09,4.0,15.32,61.28
1632,deborah mcintyre,70.0,south robert,107,granola,snack,2024-05-30,3.0,15.55,46.650000000000006
1633,hayley sloan,20.0,east james,161,tofu,dairy,2024-07-20,1.0,14.94,14.94
1634,joseph morgan,18.0,east kendra,196,fresh milk,vegetable,2024-10-10,1.0,4.15,4.15
1635,clifford hernandez,56.0,lake taylor,194,organic apples,dairy,2024-09-17,4.0,11.52,46.08
1636,kristin walker,68.0,richview,153,fresh milk,vegetable,2024-09-26,3.0,18.5,55.5
1637,ashley price,70.0,aliciafurt,110,almond butter,snack,2024-06-10,2.0,4.63,9.26
1638,cameron townsend,76.0,lake daleshire,113,organic apples,vegetable,2024-11-07,2.0,4.24,8.48
1639,sarah bell,42.0,garybury,147,fresh milk,vegetable,2024-04-23,4.0,17.42,69.68
1640,catherine lucas,72.0,new stephen,138,granola,snack,2024-04-04,3.0,8.44,25.32
1641,steven howard,73.0,lake anthonychester,111,organic apples,dairy,2024-10-27,4.0,12.97,51.88
1642,brittany faulkner,18.0,murillomouth,161,granola,vegetable,2024-11-02,2.0,12.45,24.9
1643,kevin rodriguez,48.0,new james,184,almond butter,organic,2024-10-08,1.0,13.83,13.83
1644,william thompson,20.0,davidton,135,organic apples,snack,2024-04-12,1.0,9.03,9.03
1645,scott curtis,30.0,brownbury,156,granola,snack,2024-09-01,4.0,7.84,31.36
1646,michele brown,32.0,justinview,180,organic apples,vegetable,2024-10-26,1.0,16.18,16.18
1647,kevin spears,25.0,marshallville,147,kale,vegetable,2024-04-13,4.0,17.55,70.2
1649,kyle english,79.0,sanhersland,104,granola,organic,2024-05-05,4.0,19.09,76.36
1650,john simmons,77.0,irwinfort,124,granola,vegetable,2024-09-23,3.0,7.22,21.66
1651,karen baker,41.0,east oliviamouth,174,granola,dairy,2024-02-17,2.0,9.61,19.22
1652,david kane,66.0,sharonstad,195,tofu,organic,2024-09-27,1.0,5.92,5.92
1653,michael elliott,24.0,east antonio,173,fresh milk,snack,2024-07-25,3.0,15.53,46.59
1654,christopher pittman,61.0,port lisatown,190,granola,organic,2024-04-26,1.0,7.17,7.17
1655,tammy henderson,33.0,new corey,147,tofu,snack,2024-09-06,1.0,7.75,7.75
1656,david combs,66.0,new williamhaven,190,kale,snack,2024-03-01,3.0,19.15,57.45
1657,allison ward,30.0,seanport,104,organic apples,organic,2024-10-12,1.0,17.2,17.2
1658,alice schmidt,35.0,hinesview,125,fresh milk,snack,2024-09-01,4.0,4.08,16.32
1659,stephanie dillon,51.0,lake isaiah,150,granola,organic,2024-09-30,2.0,18.29,36.58
1660,patty jones,64.0,west heidiburgh,133,granola,dairy,2024-09-09,1.0,11.78,11.78
1661,hannah dennis,18.0,joeport,124,granola,organic,2024-07-29,3.0,3.38,10.14
1662,tyler higgins,36.0,dixonshire,181,organic apples,organic,2024-09-05,4.0,19.08,76.32
1663,jessica estrada,76.0,kevinstad,123,almond butter,organic,2024-06-29,3.0,5.27,15.81
1664,ms. amy buchanan,76.0,south moniquestad,189,almond butter,snack,2024-10-07,2.0,6.21,12.42
1665,roberta miller,55.0,west patriciahaven,168,kale,vegetable,2024-06-20,1.0,15.21,15.21
1666,alex white,67.0,courtneyport,186,granola,snack,2024-01-08,2.0,9.99,19.98
1667,bonnie chapman,62.0,jonesmouth,187,almond butter,vegetable,2024-03-10,2.0,12.35,24.7
1668,stephen ruiz,33.0,south deanna,186,organic apples,vegetable,2024-05-02,2.0,17.22,34.44
1669,bobby martinez,74.0,new veronicahaven,151,tofu,snack,2024-08-04,1.0,17.02,17.02
1670,mary smith,47.0,north autumnton,177,fresh milk,organic,2024-09-12,4.0,16.82,67.28
1671,lauren gomez,61.0,mirandaberg,118,almond butter,vegetable,2024-09-29,2.0,17.85,35.7
1672,ryan chang,72.0,east jacquelinemouth,146,almond butter,organic,2024-02-26,3.0,19.24,57.72
1673,april atkinson,56.0,west kennethborough,195,almond butter,vegetable,2024-04-01,4.0,18.19,72.76
1675,timothy myers,66.0,south christianport,191,tofu,dairy,2024-02-01,1.0,14.33,14.33
1676,amanda phillips,63.0,east carla,123,almond butter,snack,2024-04-12,2.0,11.88,23.76
1677,kyle ayala,40.0,new melinda,138,tofu,dairy,2024-02-13,4.0,1.17,4.68
1678,claudia jensen,45.0,lake debraberg,165,granola,dairy,2024-04-27,4.0,19.05,76.2
1679,sheila smith,56.0,west jessica,182,fresh milk,organic,2024-09-07,2.0,9.8,19.6
1680,charles ellis,23.0,lake edwardland,158,organic apples,dairy,2024-05-04,2.0,13.62,27.24
1681,christina ruiz md,50.0,lanehaven,165,almond butter,organic,2024-09-19,1.0,12.98,12.98
1682,tina sosa md,28.0,wallstown,173,fresh milk,dairy,2024-03-01,3.0,6.54,19.62
1683,jerry mann,18.0,east john,106,kale,dairy,2024-01-18,1.0,4.58,4.58
1684,michael ortega,66.0,port douglasview,191,tofu,dairy,2024-10-21,3.0,4.68,14.04
1685,michael johnson,48.0,lake deniseborough,155,kale,organic,2024-07-10,3.0,9.07,27.21
1686,dawn baker,50.0,lake michaelport,136,kale,dairy,2024-05-18,3.0,9.6,28.8
1688,alyssa ross,65.0,new edward,104,kale,snack,2024-03-24,4.0,16.72,66.88
1689,brendan glass,48.0,new kathleenshire,139,kale,snack,2024-04-21,1.0,10.84,10.84
1690,james figueroa,47.0,valerieview,182,organic apples,dairy,2024-08-08,2.0,18.49,36.98
1691,maria house,44.0,east charlesfort,121,fresh milk,organic,2024-05-09,1.0,11.69,11.69
1692,carl cox,63.0,gloverland,106,kale,snack,2024-10-26,4.0,8.77,35.08
1693,anthony barrett,26.0,port gary,113,almond butter,dairy,2024-07-15,3.0,3.13,9.39
1694,jerry cantrell,68.0,lakr briannaberg,156,kale,snack,2024-06-25,3.0,19.07,57.21
1695,jeffrey chen,68.0,south joy,164,almond butter,organic,2024-05-28,2.0,5.33,10.66
1696,diana long,39.0,jenniferview,117,fresh milk,snack,2024-09-15,3.0,8.47,25.410000000000004
1697,thomas yang,30.0,solishaven,120,fresh milk,dairy,2024-05-24,3.0,1.63,4.89
1698,crystal lee,29.0,west matthew,180,granola,snack,2024-03-15,4.0,12.4,49.6
1699,alex mcintosh,27.0,thomasburgh,108,organic apples,vegetable,2024-02-05,1.0,10.11,10.11
1700,valerie wright,32.0,south ericchester,158,kale,dairy,2024-08-08,4.0,17.36,69.44
1701,elizabeth garcia,30.0,coxside,135,tofu,snack,2024-10-09,3.0,2.34,7.02
1702,joseph zamora,71.0,silvaside,138,granola,organic,2024-01-02,3.0,19.19,57.57000000000001
1703,jennifer bates,73.0,lopezburgh,144,granola,vegetable,2024-10-18,4.0,9.15,36.6
1704,james caldwell,54.0,lake robert,114,fresh milk,organic,2024-02-29,3.0,1.52,4.5600000000000005
1705,kaitlyn baker,30.0,jamesmouth,143,tofu,snack,2024-03-24,3.0,18.89,56.67
1706,thomas romero,45.0,port jasonport,161,granola,dairy,2024-02-09,4.0,14.86,59.44
1708,brendan adams,21.0,tammyfurt,123,kale,organic,2024-02-18,4.0,16.01,64.04
1709,holly dillon,75.0,morrowshire,142,almond butter,snack,2024-01-29,1.0,13.54,13.54
1711,kim stanley,31.0,catgerinefurt,190,tofu,vegetable,2024-10-04,1.0,19.27,19.27
1712,john bell,53.0,north chrisbury,123,tofu,vegetable,2024-07-28,2.0,8.81,17.62
1713,lindsay livingston,53.0,south matthew,101,organic apples,snack,2024-04-10,2.0,14.64,29.28
1715,erica estrada,61.0,east heathertown,107,almond butter,snack,2024-05-28,2.0,1.51,3.02
1716,james norris,47.0,new samuel,115,organic apples,snack,2024-09-26,4.0,7.27,29.08
1717,gregory garrett,72.0,brittanyton,198,granola,vegetable,2024-08-04,1.0,16.57,16.57
1719,michael owens,47.0,lake dorisbury,192,tofu,vegetable,2024-06-04,3.0,2.97,8.91
1720,john johnson,77.0,new andrew,174,fresh milk,snack,2024-04-13,4.0,203.87,815.48
1721,william lewis,59.0,south michelleton,187,kale,organic,2024-03-07,2.0,1.72,3.44
1722,john olsen,30.0,adrianton,108,almond butter,snack,2024-07-23,3.0,14.86,44.58
1723,brittany perry,44.0,south nancymouth,135,fresh milk,snack,2024-03-07,4.0,1.29,5.16
1724,mary martinez,25.0,nicholasfurt,155,fresh milk,snack,2024-08-24,4.0,12.75,51.0
1725,derek schroeder,35.0,christopherton,183,almond butter,dairy,2024-06-04,2.0,17.83,35.66
1726,joseph silva,27.0,rosalesview,108,kale,organic,2024-06-18,1.0,7.61,7.61
1727,aaron robinson,47.0,cookchester,176,tofu,organic,2024-01-23,3.0,17.17,51.510000000000005
1728,jeremy flores,33.0,ellischester,104,kale,dairy,2024-04-08,4.0,6.89,27.56
1729,deborah french,30.0,elizabethville,184,granola,organic,2024-08-28,2.0,10.3,20.6
1730,james stephenson,76.0,lake davidfurt,119,almond butter,dairy,2024-07-02,1.0,10.53,10.53
1732,derek bell,69.0,port stephanie,140,organic apples,dairy,2024-07-08,1.0,18.63,18.63
1733,jane johnson,28.0,south mary,149,granola,dairy,2024-08-03,4.0,18.93,75.72
1734,taylor jimenez,28.0,east maryton,127,fresh milk,organic,2024-04-07,4.0,11.35,45.4
1735,micheal rose,70.0,craigburgh,168,kale,organic,2024-01-16,4.0,10.37,41.48
1736,kristina estrada,43.0,new richardview,101,granola,vegetable,2024-10-27,2.0,17.39,34.78
1737,heather rowe,70.0,katiemouth,154,almond butter,vegetable,2024-05-01,2.0,13.36,26.72
1738,james adams,75.0,port dawnville,176,tofu,dairy,2024-02-19,2.0,6.56,13.12
1739,daniel baker,69.0,south david,162,almond butter,dairy,2024-10-01,4.0,19.22,76.88
1740,stephen douglas,68.0,east renee,191,granola,vegetable,2024-04-26,2.0,14.89,29.78
1741,melissa camacho,73.0,flynnberg,183,kale,dairy,2024-10-11,2.0,10.26,20.52
1742,ricardo aguilar,26.0,east michelle,146,almond butter,dairy,2024-08-09,3.0,11.96,35.88
1743,ryan carter,44.0,larrychester,180,organic apples,vegetable,2024-05-01,4.0,16.69,66.76
1744,timothy key,73.0,north dustin,164,kale,snack,2024-10-07,1.0,13.89,13.89
1745,rebecca bennett,21.0,new jessica,187,organic apples,dairy,2024-04-08,1.0,17.9,17.9
1746,chelsey sanders,22.0,randallland,131,fresh milk,vegetable,2024-06-22,2.0,2.94,5.88
1747,daniel miller,63.0,west andrewbury,156,kale,organic,2024-07-21,2.0,8.44,16.88
1748,michael jones,62.0,troyport,148,fresh milk,snack,2024-04-24,4.0,16.98,67.92
1749,louis weber,71.0,north charlesland,107,almond butter,vegetable,2024-03-28,3.0,2.28,6.84
1750,ricky wilson,37.0,jonestown,129,fresh milk,dairy,2024-03-12,3.0,6.63,19.89
1751,robert greer,56.0,north ryan,171,organic apples,snack,2024-10-09,2.0,14.68,29.36
1752,james floyd,46.0,west craigborough,117,kale,snack,2024-10-01,1.0,7.24,7.24
1753,marie scott,28.0,hansenmouth,107,almond butter,snack,2024-10-27,2.0,12.81,25.62
1754,william johnson,48.0,south greg,184,organic apples,organic,2024-07-08,3.0,2.26,6.779999999999999
1755,catherine alvarez,73.0,port patrick,155,almond butter,vegetable,2024-06-11,2.0,8.98,17.96
1756,pamela williams,28.0,bradleychester,139,almond butter,vegetable,2024-06-13,1.0,5.21,5.21
1757,jessica haley,31.0,north jeffrey,142,kale,dairy,2024-05-10,2.0,6.82,13.64
1758,sarah burnett,63.0,new john,129,fresh milk,organic,2024-05-04,2.0,9.39,18.78
1759,charles thomas,36.0,south jodi,114,granola,vegetable,2024-09-02,1.0,12.07,12.07
1760,melissa mcdonald,64.0,grossside,151,granola,snack,2024-07-17,4.0,14.02,56.08
1761,jennifer hardy,58.0,lisaland,113,almond butter,organic,2024-08-07,153.0,2.91,445.23
1763,alexander hernandez,41.0,mejiabury,121,kale,organic,2024-05-25,4.0,13.32,53.28
1764,elizabeth harris,52.0,south virginiaburgh,188,organic apples,vegetable,2024-03-04,4.0,1.07,4.28
1765,amanda shea,64.0,christopherfurt,187,tofu,snack,2024-05-16,4.0,5.44,21.76
1767,dennis lyons,67.0,carolview,149,granola,organic,2024-07-08,3.0,7.57,22.71
1768,kimberly herman,76.0,port alexander,125,almond butter,dairy,2024-06-15,3.0,15.38,46.14
1769,michael hughes,72.0,east shariland,113,tofu,vegetable,2024-01-08,4.0,10.22,40.88
1770,sarah wagner,50.0,jessicafurt,104,almond butter,dairy,2024-10-13,2.0,15.79,31.58
1771,nathan martinez,22.0,patrickhaven,102,kale,snack,2024-03-09,2.0,17.05,34.1
1772,raymond crosby,46.0,port brian,182,almond butter,vegetable,2024-09-22,1.0,13.35,13.35
1773,peter greene,50.0,west heather,154,kale,dairy,2024-10-25,2.0,14.46,28.92
1775,patrick mcgrath,48.0,tammyborough,154,organic apples,vegetable,2024-07-30,2.0,9.04,18.08
1777,zachary smith,48.0,new josephborough,181,kale,vegetable,2024-04-16,2.0,13.6,27.2
1778,matthew cisneros,69.0,lake amanda,137,tofu,dairy,2024-05-31,1.0,13.03,13.03
1779,brian sanchez,78.0,west audreymouth,176,kale,vegetable,2024-03-06,3.0,4.38,13.14
1780,melissa evans,36.0,west keithton,144,granola,dairy,2024-09-20,3.0,6.09,18.27
1781,ashley ellis,24.0,hughesborough,156,fresh milk,vegetable,2024-09-09,3.0,7.98,23.94
1782,april baldwin,62.0,evanborough,162,organic apples,vegetable,2024-04-13,3.0,2.98,8.94
1783,dawn brewer,34.0,west ronaldburgh,128,organic apples,snack,2024-04-12,4.0,7.13,28.52
1784,sara moore,69.0,munozview,190,organic apples,snack,2024-04-25,1.0,2.43,2.43
1785,anthony adams,25.0,new nicholas,170,kale,snack,2024-05-11,2.0,6.52,13.04
1787,jessica curtis,21.0,port kelliland,129,granola,snack,2024-08-31,2.0,16.01,32.02
1788,kelly higgins,37.0,conwaymouth,129,granola,snack,2024-07-05,3.0,6.75,20.25
1790,christina walker,49.0,johnport,191,organic apples,vegetable,2024-04-11,1.0,14.49,14.49
1791,james young,31.0,south kelly,179,fresh milk,snack,2024-11-04,1.0,5.88,5.88
1792,rebecca anderson,40.0,timbthymouth,103,organic apples,dairy,2024-08-30,2.0,2.0,4.0
1793,robert hill,72.0,port april,153,almond butter,vegetable,2024-07-02,1.0,8.67,8.67
1795,jodi stout,24.0,vazquezberg,165,organic apples,organic,2024-07-16,1.0,10.23,10.23
1796,justin tucker,33.0,leeview,141,tofu,organic,2024-07-19,4.0,9.31,37.24
1797,cheryl williams,20.0,port thomas,172,organic apples,dairy,2024-08-01,3.0,10.63,31.89
1798,dawn davis,23.0,east robertfurt,130,granola,vegetable,2024-05-06,4.0,6.11,24.44
1799,carolyn bailey,19.0,monicahaven,181,organic apples,snack,2024-05-21,1.0,1.22,1.22
1800,andrew allen,25.0,port marie,196,fresh milk,snack,2024-07-28,4.0,12.85,51.4
1801,ashley smith,74.0,south gregoryshire,166,tofu,dairy,2024-02-17,3.0,4.85,14.55
1802,cheyenne dillon,54.0,frybmouth,130,organic apples,dairy,2024-05-20,4.0,14.9,59.6
1803,bernard brown,21.0,lake katherineshire,173,almond butter,organic,2024-01-10,2.0,19.72,39.44
1804,james miller,42.0,north danielle,165,organic apples,dairy,2024-03-26,1.0,12.38,12.38
1805,jennifer simpson,78.0,phamview,142,tofu,vegetable,2024-09-02,1.0,15.25,15.25
1806,shawn gray,52.0,east amytown,188,almond butter,dairy,2024-03-04,4.0,4.15,16.6
1807,robert reyes,69.0,whiteland,126,granola,vegetable,2024-03-15,4.0,11.88,47.52
1808,alfred young,29.0,batesmouth,126,granola,snack,2024-02-25,4.0,5.85,23.4
1809,mary munoz,72.0,annstad,160,tofu,snack,2024-06-12,1.0,17.38,17.38
1810,patricia ballard,26.0,east cheryl,126,tofu,snack,2024-10-20,4.0,19.07,76.28
1811,james wu,18.0,lindsayfurt,182,granola,snack,2024-08-07,3.0,11.55,34.650000000000006
1812,shannon powell,73.0,port kelsey,136,fresh milk,dairy,2024-07-08,1.0,177.31,177.31
1813,tyler tate,18.0,johnhaven,162,granola,dairy,2024-03-13,3.0,2.83,8.49
1814,taylor smith,61.0,new johntown,145,almond butter,organic,2024-08-05,1.0,2.55,2.55
1815,willie williams,39.0,east christine,131,granola,organic,2024-09-07,2.0,5.73,11.46
1816,jill cole,64.0,benjamintown,101,organic apples,dairy,2024-09-09,2.0,16.33,32.66
1817,kaitlyn garrison md,53.0,new aaron,100,granola,snack,2024-09-18,3.0,8.02,24.06
1818,donald pierce,54.0,timothychester,179,organic apples,dairy,2024-10-05,2.0,1.69,3.38
1819,rachel porter,75.0,wellshaven,194,tofu,organic,2024-02-06,2.0,19.12,38.24
1820,bryan chung,63.0,east walter,108,fresh milk,organic,2024-03-17,1.0,5.43,5.43
1821,kathy poole,73.0,lake alyssa,189,kale,organic,2024-10-03,4.0,443.01,1772.04
1822,tiffany medina,69.0,sanchezland,116,almond butter,snack,2024-07-19,3.0,13.67,41.01
1823,lori bishop,39.0,jaredport,109,organic apples,organic,2024-08-01,3.0,14.06,42.18
1824,jose allen,65.0,ryanland,126,kale,organic,2024-05-03,4.0,18.73,74.92
1825,gary miller,42.0,juanmouth,126,granola,vegetable,2024-10-07,1.0,6.29,6.29
1826,brianna reeves,32.0,port shannonton,168,organic apples,snack,2024-02-13,3.0,15.0,45.0
1827,katherine garza,32.0,south emilyton,103,granola,dairy,2024-11-01,4.0,18.49,73.96
1828,meghan gonzales,41.0,north darren,122,granola,dairy,2024-06-12,4.0,6.05,24.2
1829,joanne smith,69.0,saramouth,101,almond butter,organic,2024-07-04,1.0,16.63,16.63
1830,candice brady,70.0,new benjaminfort,140,kale,dairy,2024-01-23,1.0,12.65,12.65
1832,brian newton,43.0,justinshire,144,organic apples,organic,2024-08-18,4.0,16.41,65.64
1833,cindy berger,41.0,hallmouth,117,kale,snack,2024-03-28,3.0,13.7,41.1
1834,mark sparks,76.0,east chadfort,151,almond butter,vegetable,2024-01-13,2.0,18.22,36.44
1835,paige franklin,38.0,west markton,176,organic apples,snack,2024-09-23,3.0,12.89,38.67
1836,andrew dennis,70.0,stricklandburgh,116,fresh milk,vegetable,2024-01-15,3.0,14.9,44.7
1837,joshua simpson,48.0,west brian,199,organic apples,vegetable,2024-03-18,3.0,4.12,12.36
1838,scott hughes,65.0,west toddland,109,kale,organic,2024-07-10,4.0,5.91,23.64
1839,erik robinson,22.0,dicuersonton,147,granola,organic,2024-02-22,4.0,12.46,49.84
1840,rebecca gibson,63.0,moniqueton,131,almond butter,snack,2024-06-10,1.0,13.58,13.58
1841,kevin richmond,19.0,blankenshipmouth,143,almond butter,vegetable,2024-09-05,4.0,15.12,60.48
1842,patricia perez,67.0,haneyview,108,kale,dairy,2024-10-12,4.0,15.34,61.36
1843,jason strickland,68.0,danielfort,101,organic apples,snack,2024-03-19,4.0,15.59,62.36
1844,elizabeth lopez,59.0,gilesburgh,148,fresh milk,dairy,2024-01-02,2.0,12.32,24.64
1845,elizabeth lutz,57.0,port christianburgh,143,tofu,snack,2024-08-10,2.0,17.79,35.58
1846,bryan english,42.0,west rebeccahaven,171,organic apples,vegetable,2024-04-21,1.0,4.84,4.84
1847,tonya moreno,36.0,lake brittanyborough,149,organic apples,organic,2024-02-19,3.0,13.28,39.84
1848,cheryl marshall,20.0,lisamouth,168,almond butter,organic,2024-02-08,3.0,10.61,31.83
1849,jennifer reed,40.0,garzafort,160,fresh milk,organic,2024-08-07,2.0,8.78,17.56
1850,michele preston,37.0,larsonmouth,149,granola,snack,2024-04-04,2.0,3.96,7.92
1851,lawrence wilson,52.0,evansmouth,161,fresh milk,snack,2024-10-10,1.0,8.15,8.15
1852,matthew williams,57.0,west amyhaven,138,almond butter,vegetable,2024-08-17,3.0,2.0,6.0
1853,larry roberts,53.0,lake kevin,197,tofu,vegetable,2024-08-07,1.0,128.29,128.29
1854,whitney wilson,30.0,west bruceport,188,organic apples,snack,2024-09-28,2.0,6.19,12.38
1855,rachel bennett,67.0,lake cherylstad,162,fresh milk,organic,2024-09-26,3.0,2.66,7.98
1856,cameron lowe,39.0,wardhaven,196,granola,vegetable,2024-10-11,2.0,18.37,36.74
1857,zachary thompson,39.0,port megan,137,fresh milk,dairy,2024-07-10,1.0,9.9,9.9
1858,patrick white,54.0,amandaland,112,almond butter,dairy,2024-02-24,1.0,13.54,13.54
1859,william stewart,69.0,east melissahaven,195,kale,vegetable,2024-01-26,1.0,12.47,12.47
1860,jessica garcia,50.0,east cheryl,158,almond butter,vegetable,2024-06-27,4.0,8.65,34.6
1861,paige riley,43.0,clarkborough,117,organic apples,snack,2024-04-28,4.0,17.84,71.36
1862,brenda hughes,68.0,south christinafort,119,kale,organic,2024-08-15,3.0,4.24,12.72
1864,samantha spencer,54.0,leberg,149,tofu,vegetable,2024-01-01,1.0,19.13,19.13
1865,beverly torres,50.0,doyletown,103,granola,dairy,2024-04-08,4.0,2.5,10.0
1866,penny villa,36.0,port hannah,158,kale,dairy,2024-01-10,1.0,5.66,5.66
1867,brian avila,43.0,thomasview,137,kale,snack,2024-07-21,3.0,12.5,37.5
1868,michael duncan,69.0,jenkinshaven,129,organic apples,vegetable,2024-06-05,1.0,17.92,17.92
1869,paula williams,60.0,port maria,143,almond butter,vegetable,2024-04-27,2.0,5.38,10.76
1871,nicholas martinez,64.0,east danielle,101,tofu,snack,2024-10-21,4.0,16.48,65.92
1872,julie adams,29.0,richardsonport,168,fresh milk,vegetable,2024-10-15,4.0,15.37,61.48
1873,kevin ortiz,51.0,carlosberg,177,granola,snack,2024-03-17,3.0,9.64,28.92
1875,jennifer webster,48.0,brycemouth,192,fresh milk,vegetable,2024-05-08,4.0,17.14,68.56
1876,isaac tanner,69.0,larsonchester,124,granola,dairy,2024-10-08,1.0,16.19,16.19
1877,todd montoya,60.0,new hannah,159,almond butter,dairy,2024-06-04,2.0,11.65,23.3
1878,anthony shaw,19.0,joshuamouth,137,fresh milk,organic,2024-10-08,3.0,9.06,27.18
1879,diana johnson,57.0,new patrickview,155,organic apples,organic,2024-02-04,4.0,19.06,76.24
1880,evelyn flores,60.0,jamesland,153,organic apples,dairy,2024-08-26,2.0,14.11,28.22
1881,derek brown,75.0,west paulburgh,155,granola,dairy,2024-11-07,4.0,6.17,24.68
1882,katrina weber,56.0,west evan,110,tofu,snack,2024-03-07,1.0,17.78,17.78
1883,bruce mosley,25.0,mannport,123,organic apples,organic,2024-02-27,2.0,10.64,21.28
1884,richard collins,43.0,south bradleyview,193,organic apples,snack,2024-10-07,3.0,3.49,10.47
1885,carrie knox,72.0,north andreashire,194,organic apples,organic,2024-08-07,1.0,14.21,14.21
1886,megan lopez,21.0,vargasbury,184,tofu,vegetable,2024-08-10,4.0,12.6,50.4
1887,randy ferguson,25.0,north brittanyport,130,kale,organic,2024-04-23,4.0,9.43,37.72
1888,ronald weeks,45.0,dawnland,143,granola,organic,2024-07-15,2.0,5.82,11.64
1889,aaron cox,51.0,west keithland,124,fresh milk,vegetable,2024-10-16,3.0,10.14,30.42
1891,kenneth stevens,34.0,michaelmouth,189,organic apples,vegetable,2024-01-25,4.0,8.47,33.88
1892,christine baker,20.0,hodbeschester,131,granola,snack,2024-06-30,2.0,15.94,31.88
1893,kimberly campbell,60.0,nicholsbury,102,kale,vegetable,2024-01-23,3.0,7.65,22.950000000000003
1894,kenneth ali,24.0,north stephanieton,134,granola,vegetable,2024-05-12,1.0,13.9,13.9
1895,adam galloway,40.0,east hannah,197,tofu,organic,2024-09-30,1.0,19.57,19.57
1896,kimberly barron,39.0,garciahaven,159,kale,vegetable,2024-02-10,4.0,7.31,29.24
1898,donna pruitt,34.0,new vincentfurt,184,fresh milk,snack,2024-02-04,3.0,8.99,26.97
1899,angela mayo,54.0,olsontown,170,kale,organic,2024-08-24,1.0,4.3,4.3
1901,joshua nguyen,31.0,elizabethberg,178,almond butter,vegetable,2024-05-08,1.0,15.44,15.44
1902,thomas williams,54.0,estesstad,133,kale,organic,2024-02-06,4.0,5.96,23.84
1903,stephanie dennis,25.0,cummingsmouth,106,kale,organic,2024-02-10,2.0,19.4,38.8
1904,brittany powers,78.0,port jenniferton,126,almond butter,snack,2024-03-14,3.0,10.91,32.730000000000004
1905,bryan miller,71.0,south christopher,176,kale,snack,2024-09-03,1.0,17.64,17.64
1907,melody fisher,18.0,robinmouth,166,organic apples,dairy,2024-08-29,1.0,18.61,18.61
1908,christopher thomas,18.0,williamborough,189,granola,organic,2024-01-29,4.0,14.27,57.08
1909,matthew hill,43.0,west david,191,kale,snack,2024-06-02,3.0,8.86,26.58
1910,david baker,27.0,west donald,181,kale,vegetable,2024-10-16,4.0,9.64,38.56
1911,james bass,52.0,west alyssaport,153,almond butter,snack,2024-02-13,2.0,5.08,10.16
1912,david king,48.0,jasonfurt,119,tofu,vegetable,2024-05-08,3.0,15.06,45.18
1913,james benitez,72.0,north jacob,193,almond butter,dairy,2024-09-23,1.0,11.46,11.46
1914,jeremy wilson,19.0,christopherberg,162,tofu,vegetable,2024-05-04,3.0,15.5,46.5
1915,kathleen perez,35.0,north connie,120,fresh milk,dairy,2024-06-20,3.0,5.11,15.330000000000002
1916,robert hill,69.0,east colleen,199,tofu,dairy,2024-04-16,4.0,2.45,9.8
1917,brittany johnson,36.0,jonbury,132,granola,vegetable,2024-02-25,3.0,15.85,47.55
1918,michael ryan,37.0,port gregoryburgh,155,granola,vegetable,2024-01-02,1.0,14.42,14.42
1919,joshua wright,64.0,lake jenniferfort,195,fresh milk,vegetable,2024-09-20,4.0,13.37,53.48
1920,nicholas lane,18.0,owensmouth,176,tofu,snack,2024-09-28,3.0,11.63,34.89
1922,melissa moore,76.0,jonesborough,151,almond butter,vegetable,2024-06-26,2.0,3.57,7.14
1923,kenneth wilson,48.0,coreytown,136,kale,organic,2024-03-04,3.0,12.04,36.12
1924,morgan roberts,72.0,riveraton,157,organic apples,snack,2024-04-06,4.0,19.2,76.8
1925,andrew marquez,72.0,new samantha,190,granola,vegetable,2024-05-22,2.0,5.35,10.7
1926,marco higgins,50.0,wendyshire,189,granola,organic,2024-11-03,1.0,15.09,15.09
1927,jill porter,44.0,barronside,114,kale,vegetable,2024-06-08,2.0,5.41,10.82
1928,lucas morrow,75.0,benjaminton,136,granola,organic,2024-11-03,3.0,15.49,46.47
1929,donna thornton,69.0,donnatown,185,kale,vegetable,2024-06-22,1.0,6.7,6.7
1930,carol reynolds,74.0,phamland,172,organic apples,dairy,2024-09-03,4.0,15.21,60.84
1932,mrs. robin pruitt,26.0,south devon,153,tofu,snack,2024-03-03,2.0,2.5,5.0
1934,andrew garrison,28.0,amandatown,149,kale,snack,2024-01-15,2.0,10.86,21.72
1935,rachel turner,23.0,alexanderton,198,granola,vegetable,2024-11-02,4.0,2.14,8.56
1936,james huffman,41.0,port jamiefort,149,organic apples,vegetable,2024-09-14,4.0,12.12,48.48
1937,john castro,28.0,williamview,131,fresh milk,organic,2024-05-07,2.0,6.08,12.16
1938,heather taylor,67.0,mandyberg,150,organic apples,vegetable,2024-07-28,1.0,13.55,13.55
1939,carol rivera,39.0,east benjamin,196,fresh milk,snack,2024-04-15,3.0,11.52,34.56
1940,andrew martinez,61.0,millerstad,166,organic apples,organic,2024-10-12,4.0,4.05,16.2
1941,victoria scott,39.0,harrisport,150,tofu,vegetable,2024-08-20,2.0,6.65,13.3
1942,lauren perkins,68.0,south kimberly,180,almond butter,organic,2024-07-10,3.0,19.58,58.74
1943,sarah kelley,19.0,port marissa,113,fresh milk,organic,2024-11-02,3.0,12.62,37.86
1944,william graham,33.0,north william,180,fresh milk,snack,2024-04-05,2.0,6.67,13.34
1945,robert gonzales,54.0,johnborough,175,kale,dairy,2024-09-16,3.0,16.18,48.54
1946,john ryan,70.0,brownchester,144,fresh milk,snack,2024-09-02,1.0,14.12,14.12
1948,leslie lam,75.0,christianchester,187,kale,snack,2024-08-22,1.0,8.81,8.81
1949,sharon robinson,62.0,north annettemouth,193,kale,dairy,2024-02-21,3.0,15.58,46.74
1950,jeff singleton,38.0,andreastad,143,almond butter,organic,2024-09-24,2.0,6.16,12.32
1951,anthony young,51.0,markburgh,198,kale,snack,2024-03-29,1.0,14.42,14.42
1952,andrew lewis,48.0,longport,116,almond butter,vegetable,2024-02-03,4.0,17.32,69.28
1953,annette chavez,57.0,east heatherville,101,tofu,snack,2024-03-31,1.0,130.76,130.76
1954,terry munoz,42.0,kathrynmouth,117,organic apples,vegetable,2024-05-26,1.0,19.0,19.0
1955,julie harris,61.0,howardview,130,fresh milk,dairy,2024-11-03,3.0,13.66,40.98
1956,timothy tate,19.0,andrewshaven,139,tofu,vegetable,2024-05-03,4.0,7.0,28.0
1957,amanda fry,18.0,murrayview,110,organic apples,vegetable,2024-06-22,1.0,16.95,16.95
1958,alexis braun,24.0,new stephenmouth,176,almond butter,organic,2024-01-08,1.0,18.92,18.92
1959,jesse jones,63.0,jeromefort,103,fresh milk,snack,2024-06-02,1.0,4.46,4.46
1960,stephanie chapman,79.0,north elizabeth,134,almond butter,organic,2024-04-18,1.0,13.89,13.89
1961,victoria cook,26.0,west jonathanton,149,almond butter,dairy,2024-05-07,2.0,3.41,6.82
1962,william trevino,40.0,brianfurt,170,kale,vegetable,2024-10-03,4.0,14.28,57.12
1963,shannon harrison,19.0,williamschester,135,tofu,organic,2024-06-24,157.0,18.64,2926.48
1964,robert martinez,43.0,youngstad,105,almond butter,dairy,2024-10-30,1.0,19.81,19.81
1965,eric clay,69.0,michaelside,193,organic apples,dairy,2024-07-15,4.0,17.48,69.92
1966,nathan keller,49.0,burtonport,120,almond butter,dairy,2024-04-08,3.0,16.85,50.55
1967,jason flores,44.0,lake deanview,123,kale,dairy,2024-02-12,2.0,16.24,32.48
1968,brian hull,32.0,alexanderhaven,185,kale,organic,2024-03-23,3.0,9.6,28.8
1969,matthew thomas,25.0,ryanview,150,organic apples,organic,2024-06-26,1.0,17.25,17.25
1970,calvin jacobs,41.0,east maryland,169,almond butter,organic,2024-03-05,2.0,7.99,15.98
1971,jonathan barker,18.0,andrewmouth,190,tofu,dairy,2024-02-19,4.0,17.24,68.96
1972,lee robinson,31.0,lynchshire,191,tofu,snack,2024-04-08,3.0,14.12,42.36
1973,sara garcia,46.0,east anthony,149,granola,vegetable,2024-04-10,1.0,4.02,4.02
1974,paul freeman,39.0,north sherry,122,granola,vegetable,2024-01-06,3.0,17.62,52.86
1975,devon guzman,74.0,kingchester,151,tofu,dairy,2024-07-06,1.0,17.67,17.67
1976,jordan hill,65.0,jamieside,111,tofu,snack,2024-07-08,2.0,4.69,9.38
1977,jessica perez,52.0,port brandy,143,fresh milk,dairy,2024-04-10,3.0,10.53,31.59
1978,abigail lee,64.0,stephanieberg,197,fresh milk,organic,2024-08-25,4.0,14.49,57.96
1979,stephanie ryan,31.0,nancyland,191,granola,snack,2024-10-21,1.0,17.2,17.2
1980,aimee cooke phd,48.0,lake jenniferberg,142,organic apples,snack,2024-10-17,4.0,6.67,26.68
1981,tiffany tran,25.0,east maria,142,fresh milk,organic,2024-01-24,4.0,14.03,56.12
1982,lydia rodriguez,29.0,danielstown,165,organic apples,dairy,2024-05-17,1.0,18.9,18.9
1983,dale dunn,68.0,lake annefort,130,organic apples,dairy,2024-04-25,3.0,3.34,10.02
1984,kelly wells,41.0,lake deniseburgh,195,tofu,dairy,2024-06-25,1.0,19.26,19.26
1985,joshua bean,75.0,laurieburgh,183,tofu,organic,2024-02-07,1.0,12.99,12.99
1986,tyrone rodriguez,54.0,deniseside,174,kale,vegetable,2024-01-29,3.0,11.27,33.81
1987,robert butler,48.0,jameshaven,172,tofu,dairy,2024-10-24,1.0,17.78,17.78
1988,megan alexander,29.0,underwoodville,116,granola,vegetable,2024-05-20,4.0,1.46,5.84
1989,lisa williams,62.0,hoodmouth,131,tofu,vegetable,2024-10-21,2.0,16.75,33.5
1990,paul brown,57.0,millertown,127,tofu,organic,2024-05-21,2.0,19.62,39.24
1991,gregory campbell,50.0,stewartmouth,181,tofu,dairy,2024-02-17,4.0,17.15,68.6
1992,lauren rogers,37.0,brandonville,184,granola,vegetable,2024-02-24,1.0,19.18,19.18
1993,kathryn henderson,68.0,lake brittany,112,almond butter,dairy,2024-01-09,4.0,2.88,11.52
1994,chase mckenzie,30.0,lake angelachester,178,kale,vegetable,2024-02-06,1.0,7.47,7.47
1995,megan ortiz,45.0,north kristen,162,organic apples,snack,2024-09-16,1.0,19.73,19.73
1996,jerry rivera,26.0,mooreborough,166,granola,organic,2024-04-23,2.0,15.12,30.24
1997,matthew nicholson,63.0,south gregoryville,194,almond butter,organic,2024-02-15,1.0,8.22,8.22
1998,douglas hoffman,62.0,new alan,195,tofu,snack,2024-04-02,2.0,2.4,4.8
2000,james jones,52.0,stephaniebury,176,kale,organic,2024-05-14,1.0,19.08,19.08
2001,joshua white,47.0,ramosfurt,135,fresh milk,snack,2024-01-29,2.0,3.71,7.42
2002,ray riddle,54.0,port lisa,181,kale,vegetable,2024-04-03,4.0,15.06,60.24
2003,rebecca morales,46.0,north benjaminview,148,tofu,dairy,2024-08-14,2.0,3.23,6.46
2004,joanna hughes,79.0,port kyleside,147,almond butter,dairy,2024-02-16,2.0,3.63,7.26
2005,kristi orr,78.0,new amanda,193,tofu,vegetable,2024-05-08,4.0,4.44,17.76
2006,breanna moreno,64.0,east bonnie,177,kale,vegetable,2024-07-17,4.0,126.31,505.24
2007,michael cervantes,71.0,pennyberg,109,fresh milk,organic,2024-09-15,2.0,5.26,10.52
2008,robert jordan,66.0,andersonfurt,113,almond butter,dairy,2024-06-17,1.0,7.3,7.3
2009,andrea daniels,67.0,summersport,103,kale,snack,2024-07-30,163.0,1.2,195.6
2010,gregory rivers,45.0,rogxrsmouth,105,kale,vegetable,2024-05-10,4.0,2.02,8.08
2011,kathy young,64.0,north ericfurt,102,granola,vegetable,2024-03-12,1.0,16.78,16.78
2012,shannon miller,21.0,elizabethmouth,138,organic apples,dairy,2024-09-28,1.0,11.73,11.73
2013,wendy booth,35.0,newlkatie,123,kale,dairy,2024-06-29,2.0,7.81,15.62
2014,brandon morgan,59.0,east adamton,195,tofu,organic,2024-07-31,3.0,3.77,11.31
2015,joann mitchell,79.0,lake katherineborough,169,kale,snack,2024-02-28,2.0,5.25,10.5
2017,susan moon,79.0,west erikamouth,169,fresh milk,snack,2024-04-03,3.0,8.72,26.160000000000004
2018,taylor bauer,64.0,pearsonton,171,almond butter,organic,2024-05-30,4.0,9.49,37.96
2019,mr. derrick donaldson,45.0,sharonshire,192,almond butter,dairy,2024-06-26,3.0,9.82,29.46
2020,alicia hanson,67.0,west andrewburgh,175,granola,dairy,2024-10-02,2.0,7.91,15.82
2021,brandi bond,56.0,port brian,110,almond butter,snack,2024-04-02,3.0,8.32,24.96
2022,amanda owens dvm,72.0,jensenchester,148,almond butter,organic,2024-10-21,3.0,7.75,23.25
2023,valerie sanchez,55.0,lisashire,125,organic apples,dairy,2024-04-13,176.0,10.08,1774.08
2024,raymond snow,18.0,reyesside,197,tofu,dairy,2024-04-19,3.0,13.11,39.33
2025,brenda nguyen,66.0,south williamville,127,granola,organic,2024-01-19,4.0,10.99,43.96
2026,patricia barnes,19.0,patelland,118,organic apples,vegetable,2024-02-28,2.0,2.85,5.7
2027,mr. gordon garza,72.0,cartermouth,151,granola,organic,2024-07-10,3.0,15.17,45.51
2028,ernest herrera,62.0,whitneyville,158,organic apples,dairy,2024-07-17,1.0,8.89,8.89
2029,john porter,21.0,north jonathan,189,almond butter,organic,2024-03-25,4.0,4.51,18.04
2030,patricia martinez,60.0,carrfort,195,almond butter,dairy,2024-07-18,2.0,4.85,9.7
2031,molly solomon,43.0,east pamela,138,almond butter,snack,2024-01-11,4.0,11.36,45.44
2032,matthew evans,34.0,austinland,194,kale,organic,2024-06-02,4.0,17.36,69.44
2033,julie holmes,75.0,north alexanderberg,169,organic apples,organic,2024-05-23,4.0,17.68,70.72
2034,andrea thompson,55.0,richardstad,155,kale,dairy,2024-05-17,4.0,12.35,49.4
2035,stephen caldwell,26.0,south hollyton,148,kale,vegetable,2024-04-03,1.0,9.71,9.71
2036,jack boone,63.0,bonnietown,131,organic apples,organic,2024-07-21,2.0,17.33,34.66
2037,christopher dunn,62.0,matthewberg,130,almond butter,dairy,2024-05-08,4.0,15.68,62.72
2038,tracey swanson,48.0,cortezburgh,121,organic apples,dairy,2024-06-11,2.0,1.08,2.16
2039,rebecca collins,31.0,north benjamintown,125,fresh milk,dairy,2024-04-08,2.0,17.03,34.06
2040,matthew kelly,77.0,matthewburgh,125,kale,dairy,2024-09-20,3.0,7.57,22.71
2041,dr. erica lawrence dds,61.0,jordanburgh,185,tofu,vegetable,2024-06-28,1.0,9.67,9.67
2042,thomas wallace,77.0,west annaview,136,kale,dairy,2024-05-21,3.0,18.18,54.54
2043,shelly buck,69.0,north shannonberg,170,tofu,snack,2024-05-03,3.0,5.34,16.02
2044,adam johnson,66.0,meltonton,175,granola,dairy,2024-01-20,4.0,17.17,68.68
2046,gabriel johnson,68.0,north jodi,126,kale,dairy,2024-09-10,4.0,3.9,15.6
2047,shannon skinner,67.0,youngview,112,fresh milk,snack,2024-09-24,4.0,14.33,57.32
2048,stephanie young,53.0,fowlertown,144,organic apples,vegetable,2024-02-18,4.0,13.44,53.76
2049,julie bowen,28.0,markmouth,165,kale,vegetable,2024-03-11,3.0,19.32,57.96
2050,lance watts,78.0,dennisside,154,tofu,organic,2024-08-11,3.0,8.3,24.9
2051,amanda smith,57.0,adamview,169,fresh milk,vegetable,2024-01-14,3.0,2.68,8.040000000000001
2053,david whitaker,58.0,wrightshire,157,granola,snack,2024-02-15,4.0,15.23,60.92
2054,jay johnson,60.0,south jameston,148,almond butter,dairy,2024-04-11,2.0,4.39,8.78
2055,laura pearson,25.0,new meganland,198,tofu,organic,2024-10-07,1.0,12.78,12.78
2056,stephanie schmitt,46.0,jesseberg,112,granola,vegetable,2024-08-31,1.0,12.98,12.98
2057,robert harris,66.0,north christinastad,110,kale,organic,2024-07-03,3.0,15.38,46.14
2058,david poole,71.0,south patrickton,116,almond butter,dairy,2024-10-24,1.0,7.76,7.76
2059,martha walker,46.0,lake jeffrey,169,almond butter,vegetable,2024-07-21,3.0,10.0,30.0
2060,joseph harris,70.0,north patriciaberg,158,almond butter,organic,2024-05-04,3.0,12.5,37.5
2061,richard fletcher,78.0,charlesport,143,tofu,dairy,2024-03-07,2.0,5.95,11.9
2062,jill brown,19.0,rogerston,192,organic apples,organic,2024-10-16,1.0,9.21,9.21
2063,ashley crawford,78.0,woodfort,173,kale,vegetable,2024-10-25,4.0,7.3,29.2
2064,dr. mary mullins,31.0,mcclainhaven,166,organic apples,snack,2024-03-06,1.0,2.91,2.91
2065,maria wheeler,63.0,danaside,134,kale,organic,2024-05-19,4.0,6.83,27.32
2066,cheyenne salinas,66.0,benderberg,172,tofu,organic,2024-09-27,4.0,7.09,28.36
2067,miss allison brooks,50.0,north carolineburgh,134,tofu,snack,2024-09-01,4.0,18.85,75.4
2068,amy garza,48.0,garyview,166,fresh milk,organic,2024-02-14,3.0,10.94,32.82
2069,william reid,59.0,taylorview,156,fresh milk,vegetable,2024-10-30,1.0,14.63,14.63
2070,randy jones,63.0,east patricia,154,granola,organic,2024-05-10,1.0,5.64,5.64
2071,robert hernandez,49.0,osbornechester,184,kale,dairy,2024-10-27,3.0,19.98,59.94
2072,andrew cruz jr.,79.0,noroh karenhaven,116,granola,vegetable,2024-08-04,4.0,7.4,29.6
2074,julie stevens,21.0,thomasfurt,129,fresh milk,organic,2024-03-16,1.0,12.78,12.78
2075,matthew young,74.0,port carl,169,fresh milk,dairy,2024-04-04,3.0,15.75,47.25
2076,clinton scott,67.0,heathermouth,170,fresh milk,dairy,2024-10-04,2.0,14.39,28.78
2077,victoria schmitt,65.0,jamesside,157,fresh milk,vegetable,2024-07-16,3.0,14.3,42.900000000000006
2078,michael arroyo,64.0,north kimberly,149,kale,organic,2024-08-14,3.0,1.14,3.42
2079,kristen clark,50.0,port richard,139,fresh milk,vegetable,2024-04-22,1.0,1.57,1.57
2080,lawrence fox,74.0,west bruce,179,kale,snack,2024-07-12,1.0,7.3,7.3
2081,dana dunn,22.0,wileyburgh,171,fresh milk,snack,2024-04-09,2.0,1.96,3.92
2082,abigail gonzalez,19.0,robertport,164,fresh milk,organic,2024-09-10,4.0,7.74,30.96
2083,brian davis,51.0,kellihaven,103,organic apples,organic,2024-06-05,3.0,15.54,46.62
2084,george house,68.0,east kyle,138,organic apples,snack,2024-04-16,2.0,15.03,30.06
2085,samantha frey,78.0,new dylan,179,tofu,snack,2024-09-19,2.0,15.02,30.04
2086,brittney gonzalez,44.0,port jessica,179,granola,dairy,2024-06-21,4.0,12.96,51.84
2087,scott benitez,33.0,south jessicastad,119,granola,dairy,2024-10-07,2.0,6.41,12.82
2088,ronald williams,66.0,west terri,111,kale,vegetable,2024-10-09,4.0,7.43,29.72
2089,gregory jones,29.0,bowersland,184,organic apples,snack,2024-01-13,4.0,18.29,73.16
2090,brett snyder,22.0,karenshire,149,fresh milk,dairy,2024-01-15,3.0,18.36,55.08
2091,natasha martinez,42.0,south rebeccafurt,148,granola,dairy,2024-02-27,3.0,12.82,38.46
2092,ryan flores,70.0,kaufmanmouth,116,organic apples,snack,2024-03-11,1.0,14.5,14.5
2093,miss stephanie davis,32.0,maryborough,193,kale,organic,2024-01-11,3.0,8.94,26.82
2094,john cook,20.0,west jodi,197,kale,snack,2024-05-13,3.0,12.56,37.68
2095,robert davis,51.0,west jenniferside,180,kale,snack,2024-06-21,3.0,13.81,41.43
2096,emily donovan,39.0,north christophertown,187,granola,dairy,2024-10-20,4.0,2.47,9.88
2097,travis lee,44.0,new leslie,124,tofu,organic,2024-03-05,1.0,5.41,5.41
2098,mark henry,34.0,kathrynmouth,120,kale,vegetable,2024-04-25,4.0,3.11,12.44
2099,james robertson md,30.0,wilkinsbury,195,granola,vegetable,2024-09-09,2.0,14.85,29.7
2100,john montgomery,77.0,east johnmouth,101,almond butter,organic,2024-02-10,4.0,1.17,4.68
2101,benjamin schultz,68.0,east cristianhaven,111,organic apples,vegetable,2024-04-02,1.0,11.8,11.8
2102,mary collins,19.0,lake elizabeth,104,granola,organic,2024-07-26,4.0,1.75,7.0
2103,chelsea freeman,64.0,lake thomasport,130,granola,organic,2024-06-20,3.0,2.7,8.100000000000001
2104,amber davis,35.0,campbellville,127,organic apples,snack,2024-04-03,3.0,16.61,49.83
2105,christopher gonzalez,53.0,south amandabury,198,almond butter,organic,2024-06-13,3.0,9.26,27.78
2106,heather osborne,61.0,port paul,196,granola,snack,2024-01-25,4.0,17.72,70.88
2107,mrs. sandra clark,44.0,williamport,148,fresh milk,snack,2024-03-23,1.0,17.49,17.49
2108,christopher fisher,34.0,padillaborough,152,fresh milk,snack,2024-10-12,3.0,1.54,4.62
2109,derrick williams,75.0,perezmouth,113,granola,organic,2024-04-28,1.0,5.77,5.77
2110,kelly arnold,40.0,west justinshire,113,almond butter,snack,2024-01-25,3.0,13.8,41.400000000000006
2111,kaitlyn freeman,33.0,johnsonside,141,granola,snack,2024-01-25,3.0,16.71,50.13
2112,joseph salinas,58.0,alishaton,117,granola,dairy,2024-08-30,2.0,10.05,20.1
2113,alexandra dixon,68.0,howellshire,194,granola,organic,2024-02-09,4.0,10.34,41.36
2114,veronica herrera,28.0,clementsshire,185,fresh milk,dairy,2024-01-22,3.0,12.76,38.28
2116,alan martin,78.0,thomasfort,134,fresh milk,organic,2024-05-29,2.0,1.49,2.98
2117,maria wade,32.0,south jennifer,125,almond butter,vegetable,2024-03-01,2.0,5.97,11.94
2118,carol gould,36.0,port karahaven,157,tofu,vegetable,2024-08-25,3.0,9.19,27.57
2120,allen moyer,23.0,east colton,189,tofu,organic,2024-05-28,3.0,1.85,5.550000000000001
2121,ruben fox,19.0,port jeremyhaven,187,organic apples,vegetable,2024-10-27,1.0,8.84,8.84
2122,corey taylor,70.0,east scott,118,granola,organic,2024-10-12,1.0,19.2,19.2
2123,kristina rivas,42.0,north daniel,167,organic apples,organic,2024-11-03,3.0,19.49,58.47
2125,nicholas cole,23.0,taramouth,134,kale,snack,2024-04-13,3.0,4.27,12.81
2126,michael edwards,76.0,torresstad,143,granola,vegetable,2024-06-04,3.0,15.24,45.72
2127,timothy wilson,74.0,wrightfort,146,tofu,vegetable,2024-02-18,4.0,6.9,27.6
2128,justin underwood,68.0,new deborah,182,almond butter,snack,2024-05-01,4.0,9.53,38.12
2129,peter burns,57.0,bobside,161,fresh milk,organic,2024-09-27,3.0,3.02,9.06
2130,michelle stanley,54.0,new david,170,tofu,snack,2024-09-16,1.0,12.87,12.87
2131,harry smith,67.0,perezfort,112,tofu,vegetable,2024-04-29,1.0,6.05,6.05
2132,david carter,19.0,east codyburgh,171,almond butter,vegetable,2024-03-27,1.0,1.98,1.98
2133,christina green,47.0,north adammouth,156,kale,organic,2024-03-16,4.0,10.88,43.52
2134,thomas young,45.0,new barryborough,189,tofu,organic,2024-04-05,4.0,2.8,11.2
2135,nicole williams,23.0,grayview,193,almond butter,organic,2024-07-10,4.0,19.07,76.28
2136,kyle mcdonald,64.0,port kyle,119,organic apples,dairy,2024-09-22,2.0,5.08,10.16
2137,daniel hernandez,76.0,port cristianton,136,fresh milk,dairy,2024-03-28,3.0,3.85,11.55
2139,michael carlson,48.0,stevenberg,163,fresh milk,organic,2024-01-15,4.0,5.96,23.84
2140,joshua williams,35.0,andersonmouth,160,almond butter,dairy,2024-02-07,1.0,9.73,9.73
2141,samuel thompson,62.0,west cesar,118,almond butter,organic,2024-10-16,4.0,9.6,38.4
2142,sarah stewart,73.0,annashire,178,fresh milk,dairy,2024-01-12,2.0,19.82,39.64
2143,alexander mays,25.0,new heiditon,158,fresh milk,dairy,2024-09-09,1.0,15.26,15.26
2144,ryan mcpherson,37.0,clarkfort,160,kale,vegetable,2024-05-08,4.0,6.26,25.04
2145,wanda jones,53.0,aguilarport,141,kale,snack,2024-01-17,2.0,9.54,19.08
2146,elizabeth cook,78.0,riddlemouth,157,kale,organic,2024-10-15,4.0,19.84,79.36
2147,luke travis,38.0,jenniferburgh,155,granola,snack,2024-11-04,3.0,2.33,6.99
2148,angela cardenas,48.0,kington,102,organic apples,snack,2024-05-29,2.0,7.27,14.54
2149,joshua khan,25.0,lake adam,152,almond butter,snack,2024-03-02,3.0,4.13,12.39
2150,phillip meza,40.0,port theresaton,120,fresh milk,organic,2024-01-07,1.0,14.91,14.91
2151,martha noble,76.0,south anthony,192,tofu,snack,2024-09-02,4.0,230.08,920.32
2152,ryan davis,44.0,sharonland,175,granola,dairy,2024-05-24,2.0,3.75,7.5
2153,manuel williams,44.0,suarezborough,102,almond butter,organic,2024-06-04,3.0,17.62,52.86
2154,tracy johnston,42.0,port teresamouth,108,fresh milk,dairy,2024-06-27,1.0,13.69,13.69
2156,paige west,22.0,francischester,116,tofu,snack,2024-10-28,4.0,11.09,44.36
2157,andre booth,54.0,north gregory,193,granola,vegetable,2024-02-20,1.0,4.88,4.88
2158,cynthia collins,34.0,east mariabury,140,tofu,snack,2024-03-11,4.0,14.03,56.12
2160,raven kim,73.0,west laurenshire,196,fresh milk,dairy,2024-07-29,3.0,13.93,41.79
2161,steven miller,60.0,hayesmouth,102,granola,organic,2024-04-16,4.0,14.23,56.92
2162,wendy hall,52.0,martineztown,127,tofu,dairy,2024-03-20,1.0,9.59,9.59
2163,tracy andrews,67.0,stevenview,140,tofu,organic,2024-03-27,2.0,11.59,23.18
2164,roberta mahoney,75.0,mooreborough,132,organic apples,dairy,2024-04-21,1.0,6.35,6.35
2165,deborah shepherd,63.0,victorialand,154,almond butter,dairy,2024-09-07,4.0,18.45,73.8
2166,teresa hudson,77.0,new devinview,161,kale,snack,2024-06-25,4.0,17.76,71.04
2167,anthony bautista,36.0,smithborough,169,organic apples,organic,2024-05-19,1.0,12.89,12.89
2168,linda ellis,52.0,north elizabethbury,150,organic apples,dairy,2024-04-13,2.0,5.46,10.92
2169,natalie johnson,75.0,hernandezmouth,173,tofu,snack,2024-11-03,2.0,4.22,8.44
2170,danny hardin,32.0,lake thomasfort,129,almond butter,snack,2024-05-14,4.0,1.63,6.52
2172,brooke mills,20.0,port kimberlymouth,105,kale,snack,2024-09-30,2.0,19.27,38.54
2173,angel bauer,24.0,wrightmouth,195,fresh milk,vegetable,2024-10-14,2.0,5.2,10.4
2174,travis patrick,74.0,matthewburgh,157,granola,dairy,2024-09-15,3.0,5.46,16.38
2175,maria shea,56.0,west aaronland,197,tofu,snack,2024-03-16,2.0,5.92,11.84
2176,drew martinez,44.0,porh kerri,111,almond butter,snack,2024-06-25,173.0,18.72,3238.56
2177,lisa sharp,21.0,frankfurt,141,almond butter,vegetable,2024-08-20,2.0,6.0,12.0
2178,cody jackson,35.0,tiffanyfurt,159,kale,organic,2024-07-02,4.0,1.93,7.72
2179,veronica perry,33.0,sanchezmouth,114,almond butter,snack,2024-02-22,2.0,12.33,24.66
2180,jessica roberts,77.0,west nicholasstad,102,tofu,dairy,2024-08-08,3.0,14.32,42.96
2181,denise cooper,30.0,lake douglaston,186,tofu,dairy,2024-09-25,4.0,18.54,74.16
2182,nicholas robinson,57.0,east matthewchester,170,fresh milk,organic,2024-07-27,4.0,9.09,36.36
2183,michael lozano,74.0,danielfurt,131,almond butter,vegetable,2024-01-18,1.0,18.52,18.52
2184,gwendolyn bishop,45.0,holderborough,106,tofu,organic,2024-06-08,4.0,9.45,37.8
2186,jessica martinez,76.0,thomasborough,141,almond butter,organic,2024-07-31,3.0,16.46,49.38
2187,sandra stein,61.0,new susanside,196,fresh milk,snack,2024-08-17,3.0,5.03,15.09
2188,mario ayala,77.0,new patricia,143,tofu,organic,2024-07-11,1.0,16.82,16.82
2189,stephen vega,31.0,pattersonmouth,104,tofu,dairy,2024-03-27,2.0,14.92,29.84
2190,terri moore,38.0,port andremouth,194,tofu,dairy,2024-05-26,2.0,15.89,31.78
2191,samantha sanders,19.0,west joseph,106,organic apples,snack,2024-02-11,3.0,15.46,46.38
2192,theresa barnes,22.0,matthewsberg,130,organic apples,organic,2024-09-29,3.0,16.24,48.72
2193,carrie mcneil,22.0,north michael,154,kale,snack,2024-07-03,3.0,19.5,58.5
2194,bryce hensley,61.0,north justin,178,tofu,snack,2024-01-05,3.0,4.34,13.02
2195,david ortiz,38.0,andrewberg,120,organic apples,vegetable,2024-02-23,3.0,11.8,35.400000000000006
2196,lisa morales,48.0,martinhaven,118,kale,vegetable,2024-03-24,3.0,17.2,51.6
2197,evan arnold,51.0,east katherineside,157,fresh milk,dairy,2024-05-02,2.0,7.14,14.28
2198,susan lowe,26.0,east jesustown,123,organic apples,snack,2024-03-16,1.0,17.79,17.79
2199,ricky nelson,21.0,port jonathan,171,almond butter,vegetable,2024-10-28,1.0,10.54,10.54
2201,stephen martin,48.0,robertsville,168,almond butter,dairy,2024-09-29,3.0,8.1,24.3
2202,thomas roth,34.0,new charlene,154,tofu,snack,2024-11-02,2.0,4.88,9.76
2204,angelica duarte,64.0,perezfurt,143,kale,vegetable,2024-03-09,2.0,1.98,3.96
2205,thomas bailey,52.0,new brandonview,152,organic apples,snack,2024-11-02,4.0,2.49,9.96
2206,kelly ferguson,75.0,port mary,119,fresh milk,snack,2024-10-12,2.0,13.1,26.2
2207,todd andrade,65.0,port kevinstad,102,fresh milk,snack,2024-01-15,4.0,19.81,79.24
2208,carol morgan,33.0,east stevenmouth,138,granola,vegetable,2024-02-23,3.0,1.9,5.699999999999999
2209,mr. juan hansen,37.0,michaelport,183,kale,snack,2024-03-27,3.0,9.96,29.880000000000003
2210,amanda thomas,78.0,guerrerostad,118,kale,dairy,2024-01-05,1.0,16.94,16.94
2211,phillip harris,52.0,lake sarahton,117,tofu,vegetable,2024-05-18,1.0,14.71,14.71
2212,jason mueller md,77.0,bowenborough,184,granola,dairy,2024-03-25,4.0,17.28,69.12
2213,anthony austin,24.0,garcialand,173,organic apples,snack,2024-09-23,3.0,1.09,3.2700000000000005
2214,william griffin,62.0,east christopherville,132,granola,dairy,2024-06-08,4.0,11.71,46.84
2215,mia rangel,38.0,dawntown,130,fresh milk,snack,2024-09-04,2.0,3.91,7.82
2216,michael ferguson,42.0,vancemouth,194,granola,snack,2024-01-30,4.0,16.11,64.44
2217,melissa russell,34.0,paulaton,175,granola,organic,2024-08-30,4.0,1.32,5.28
2218,daniel jones,40.0,richardstad,116,fresh milk,vegetable,2024-08-21,1.0,10.33,10.33
2219,denise herrera,56.0,griffinchester,187,granola,organic,2024-07-19,3.0,8.27,24.81
2220,ashley morgan,75.0,williamtown,175,kale,dairy,2024-09-02,2.0,5.98,11.96
2221,joe johnson,53.0,martinberg,109,tofu,organic,2024-04-26,4.0,18.52,74.08
2222,daniel griffith,69.0,kimshire,137,tofu,snack,2024-02-15,4.0,15.04,60.16
2223,amanda gallagher,47.0,melissamouth,110,kale,snack,2024-01-28,4.0,18.56,74.24
2224,michelle fry,75.0,north tina,196,granola,vegetable,2024-02-11,4.0,10.99,43.96
2225,laura collins,49.0,thompsontown,186,granola,dairy,2024-02-10,2.0,10.78,21.56
2226,aaron castro,32.0,lake christineport,163,almond butter,snack,2024-05-31,3.0,17.75,53.25
2227,parker barnett,33.0,trujillohaven,172,granola,dairy,2024-01-04,4.0,2.87,11.48
2228,nichole roberson,48.0,north sheilatown,108,granola,vegetable,2024-06-08,4.0,18.3,73.2
2229,taylor jimenez,65.0,west trevorchester,198,kale,organic,2024-01-26,3.0,12.75,38.25
2230,raymond clements,36.0,east william,158,granola,snack,2024-02-21,1.0,4.23,4.23
2231,jessica valencia,51.0,davidland,170,granola,snack,2024-06-15,3.0,4.06,12.18
2232,eric scott,30.0,jeremymouth,187,tofu,organic,2024-06-11,2.0,11.37,22.74
2233,juan owens,74.0,port lauriestad,164,kale,snack,2024-07-28,4.0,15.48,61.92
2234,gabriel payne,20.0,north rebeccafort,175,granola,snack,2024-04-22,1.0,6.06,6.06
2235,robert davis,54.0,richardfort,180,fresh milk,dairy,2024-01-14,3.0,8.62,25.86
2236,deanna moss,71.0,new laura,162,tofu,vegetable,2024-03-08,2.0,8.13,16.26
2237,carrie coleman,27.0,new andreashire,144,almond butter,vegetable,2024-08-19,2.0,13.72,27.44
2238,marcus munoz,29.0,taylorbury,177,kale,dairy,2024-06-27,2.0,14.7,29.4
2240,carl rivas,65.0,lake donald,137,fresh milk,organic,2024-11-05,4.0,5.26,21.04
2241,michael freeman,60.0,north shelly,130,fresh milk,snack,2024-05-17,4.0,2.24,8.96
2243,sara anderson,64.0,jenniferville,176,kale,snack,2024-06-03,2.0,11.97,23.94
2244,sara camacho,71.0,kanebury,160,almond butter,snack,2024-04-03,2.0,13.48,26.96
2245,ashley alexander,65.0,port william,124,almond butter,organic,2024-02-15,3.0,18.31,54.92999999999999
2246,taylor munoz,41.0,port kathy,149,kale,dairy,2024-10-29,2.0,13.12,26.24
2247,kathleen ruiz,50.0,walterview,182,almond butter,snack,2024-04-26,4.0,7.66,30.64
2248,samantha simmons,23.0,stephenstad,141,fresh milk,dairy,2024-02-18,4.0,16.21,64.84
2249,michael robinson,61.0,port danielleside,105,granola,snack,2024-10-20,3.0,18.26,54.78
2250,robert andrews,57.0,new kristinchester,136,kale,snack,2024-06-09,1.0,17.51,17.51
2251,julie jones,36.0,lake joseph,141,organic apples,vegetable,2024-11-06,2.0,6.06,12.12
2252,patricia brady,66.0,hillville,103,almond butter,vegetable,2024-05-07,3.0,14.97,44.91
2253,kimberly reed,53.0,foxshire,119,almond butter,dairy,2024-01-12,2.0,7.68,15.36
2255,todd mckay,26.0,east annport,190,tofu,vegetable,2024-07-13,4.0,14.58,58.32
2256,roger nixon,27.0,hartmanfurt,105,organic apples,dairy,2024-01-16,1.0,14.76,14.76
2257,dawn waters,69.0,west denisechester,121,tofu,vegetable,2024-04-23,1.0,18.28,18.28
2258,michael conley,42.0,danielchester,153,granola,vegetable,2024-08-29,1.0,7.34,7.34
2259,david carter,49.0,lisashire,133,kale,snack,2024-03-14,3.0,19.78,59.34
2260,angela smith,25.0,bookerstad,188,almond butter,dairy,2024-04-02,1.0,3.94,3.94
2261,angela dorsey,73.0,meganmouth,132,fresh milk,organic,2024-08-26,4.0,8.68,34.72
2262,katelyn lee,41.0,veronicaborough,138,kale,organic,2024-05-12,1.0,16.99,16.99
2264,peter shaw,68.0,meganport,160,organic apples,organic,2024-08-05,4.0,13.01,52.04
2265,katelyn arellano,25.0,tonyport,166,organic apples,snack,2024-07-19,4.0,2.95,11.8
2266,rebecca mathews,47.0,sanderston,191,tofu,dairy,2024-01-14,2.0,2.66,5.32
2267,crystal jackson,30.0,south amy,167,almond butter,vegetable,2024-09-20,1.0,7.17,7.17
2268,sergio scott,73.0,marquezland,104,tofu,organic,2024-07-27,4.0,6.89,27.56
2269,clinton austin,56.0,south markmouth,175,kale,dairy,2024-04-25,2.0,3.28,6.56
2270,emily gray,66.0,west ellenland,118,granola,vegetable,2024-08-21,1.0,12.12,12.12
2271,ashley solis dvm,44.0,michaelmouth,149,organic apples,vegetable,2024-02-01,2.0,19.97,39.94
2272,don hopkins,69.0,huertaport,102,tofu,organic,2024-10-07,4.0,5.85,23.4
2273,patricia huynh,30.0,lake albert,142,tofu,vegetable,2024-01-01,3.0,16.08,48.24
2274,peter warren dds,53.0,lake johnport,148,granola,organic,2024-04-14,4.0,12.95,51.8
2275,deborah andrews,42.0,new harold,105,fresh milk,vegetable,2024-01-30,1.0,3.79,3.79
2276,rebecca boyle,51.0,jacksonbury,196,tofu,vegetable,2024-10-08,4.0,19.93,79.72
2277,connor estes,18.0,north lonnie,177,fresh milk,snack,2024-05-29,2.0,13.23,26.46
2278,latoya bryant,29.0,riostown,101,tofu,organic,2024-11-05,2.0,17.09,34.18
2279,jessica taylor,74.0,taylorstad,173,granola,snack,2024-09-12,3.0,19.84,59.52
2280,michael buchanan,61.0,arnoldland,116,granola,organic,2024-05-11,2.0,8.01,16.02
2281,louis kramer dds,24.0,east matthew,131,tofu,vegetable,2024-08-28,3.0,6.52,19.56
2282,michael smith,51.0,ronaldshire,124,organic apples,dairy,2024-04-10,3.0,6.25,18.75
2283,john edwards,23.0,jenniferburgh,198,kale,organic,2024-02-09,2.0,7.71,15.42
2285,casey rivers,68.0,new jennifer,165,kale,dairy,2024-03-20,3.0,9.74,29.22
2286,kristy barnett,61.0,obrienland,128,fresh milk,snack,2024-07-14,2.0,12.55,25.1
2287,jason miller,29.0,simpsontown,169,kale,snack,2024-06-01,3.0,7.03,21.09
2288,alexis orozco,51.0,morrisfort,196,tofu,dairy,2024-10-24,2.0,17.54,35.08
2289,ryan evans,69.0,lake amy,194,kale,snack,2024-07-07,4.0,11.03,44.12
2290,andrea johnson,43.0,kyleview,167,tofu,organic,2024-03-13,1.0,7.41,7.41
2291,jason gray,25.0,jessicahaven,118,organic apples,snack,2024-03-19,3.0,9.23,27.69
2292,joe davis,36.0,south kelly,145,tofu,organic,2024-09-25,1.0,8.5,8.5
2293,linda wells,68.0,barbaraberg,184,organic apples,dairy,2024-05-26,4.0,16.62,66.48
2294,daniel schultz,26.0,caitlinport,166,organic apples,snack,2024-06-16,1.0,7.4,7.4
2295,alejandro johnson,52.0,martinhaven,195,organic apples,vegetable,2024-09-02,3.0,5.37,16.11
2296,jeanne brown,47.0,perryborough,154,organic apples,dairy,2024-05-17,4.0,3.09,12.36
2297,elizabeth evans,72.0,east andrewtown,121,organic apples,vegetable,2024-04-07,3.0,12.35,37.05
2299,darrell weaver,42.0,west paige,168,fresh milk,dairy,2024-09-08,1.0,17.86,17.86
2300,robert morgan,56.0,younghaven,183,fresh milk,organic,2024-07-31,4.0,19.86,79.44
2301,paul graham,77.0,west joseph,150,tofu,organic,2024-03-15,2.0,2.14,4.28
2302,ryan long,47.0,north andreafort,152,almond butter,dairy,2024-05-24,1.0,4.15,4.15
2303,kari moses,50.0,knightville,137,granola,vegetable,2024-10-14,4.0,6.03,24.12
2304,heather poole,52.0,south dianeview,125,fresh milk,vegetable,2024-08-09,1.0,6.36,6.36
2305,michael parker,79.0,north eric,173,granola,vegetable,2024-03-28,1.0,1.54,1.54
2306,aaron cole,77.0,litfleview,139,fresh milk,snack,2024-03-04,2.0,3.91,7.82
2307,jessica johnson,36.0,north tonya,114,fresh milk,vegetable,2024-08-24,1.0,4.18,4.18
2309,alexander banks,50.0,new alvinshire,163,almond butter,vegetable,2024-08-06,3.0,10.38,31.14
2311,phyllis simpson,63.0,ethanborough,186,tofu,organic,2024-04-05,3.0,15.14,45.42
2312,kayla jackson,43.0,rubenville,149,fresh milk,dairy,2024-03-14,2.0,14.28,28.56
2313,amy anthony,24.0,michaelhaven,100,kale,vegetable,2024-01-01,1.0,4.55,4.55
2314,clifford harper,30.0,margaretton,126,organic apples,dairy,2024-04-26,1.0,8.92,8.92
2315,george briggs,47.0,ritterborough,149,almond butter,vegetable,2024-07-14,1.0,9.38,9.38
2316,cory johnson,64.0,brownborough,156,almond butter,vegetable,2024-06-14,4.0,19.55,78.2
2317,kenneth mora,54.0,north brentfurt,198,almond butter,organic,2024-09-16,1.0,8.31,8.31
2318,marie lopez,75.0,riclardsonton,167,tofu,dairy,2024-02-04,1.0,9.53,9.53
2319,gwendolyn franklin,74.0,bradleyborough,184,granola,organic,2024-09-08,1.0,17.55,17.55
2320,charles smith,74.0,timothymouth,106,tofu,dairy,2024-09-27,1.0,8.33,8.33
2321,christopher andrews,72.0,lake zachary,166,fresh milk,organic,2024-01-20,2.0,12.04,24.08
2322,amber smith,35.0,robertsonmouth,162,tofu,snack,2024-09-29,2.0,15.03,30.06
2323,adrian watkins,30.0,lake john,170,almond butter,dairy,2024-04-25,3.0,3.38,10.14
2324,jessica reed,23.0,morrisbury,171,organic apples,snack,2024-04-21,4.0,15.09,60.36
2325,alyssa lewis,53.0,taramouth,105,almond butter,dairy,2024-01-24,3.0,1.32,3.96
2326,clinton shaw,53.0,hernandezton,145,fresh milk,dairy,2024-02-25,1.0,13.7,13.7
2327,traci welch,72.0,ronaldfort,120,almond butter,vegetable,2024-01-22,2.0,12.45,24.9
2329,dr. sabrina hickman,58.0,south mary,167,almond butter,vegetable,2024-09-21,4.0,18.96,75.84
2330,debra peterson,77.0,waynemouth,151,almond butter,snack,2024-05-04,1.0,16.84,16.84
2331,victor shields,73.0,east lisaville,175,organic apples,snack,2024-10-14,2.0,16.68,33.36
2332,robert walton,22.0,lopezport,120,fresh milk,dairy,2024-05-24,183.0,3.07,561.81
2333,terry wiggins,49.0,east jesse,147,almond butter,snack,2024-05-05,4.0,8.69,34.76
2334,summer graham,23.0,north karahaven,179,granola,dairy,2024-07-16,4.0,8.31,33.24
2335,nicholas brown,72.0,new christinaburgh,121,organic apples,vegetable,2024-01-25,4.0,12.91,51.64
2336,douglas fritz,58.0,south brian,150,organic apples,organic,2024-04-19,4.0,15.74,62.96
2337,christopher garcia,31.0,west david,132,almond butter,snack,2024-02-19,1.0,6.6,6.6
2339,hannah gardner,70.0,west daniel,193,organic apples,snack,2024-06-03,2.0,6.46,12.92
2340,shannon vasquez,64.0,huertaside,172,organic apples,dairy,2024-11-03,3.0,6.66,19.98
2341,elizabeth pratt,32.0,port stephanieside,142,organic apples,dairy,2024-05-15,3.0,4.48,13.44
2342,william thompson,69.0,new stephanie,142,kale,snack,2024-10-24,1.0,1.73,1.73
2344,bradley brown,19.0,romeroview,124,almond butter,organic,2024-09-25,3.0,2.61,7.83
2345,benjamin sandoval,20.0,washingtonview,120,granola,snack,2024-11-01,2.0,7.3,14.6
2346,mr. larry yang,63.0,kimberlymouth,182,granola,organic,2024-03-12,3.0,18.2,54.6
2347,angela gallagher,67.0,brisgettown,154,kale,dairy,2024-08-24,2.0,18.88,37.76
2348,adam juarez,36.0,chadfurt,173,almond butter,dairy,2024-09-03,1.0,7.55,7.55
2349,tina howard,69.0,johnsontown,197,fresh milk,organic,2024-06-22,4.0,18.56,74.24
2350,patrick osborn,28.0,jensenmouth,135,kale,organic,2024-08-25,3.0,12.32,36.96
2351,francis richardson,35.0,markstad,123,organic apples,snack,2024-02-18,1.0,17.22,17.22
2352,megan brown,33.0,virginiabury,185,granola,organic,2024-02-21,1.0,19.7,19.7
2353,christopher richard,72.0,moralesburgh,159,tofu,snack,2024-06-26,4.0,19.51,78.04
2354,jessica martinez,61.0,east james,140,tofu,snack,2024-10-21,2.0,18.11,36.22
2356,cindy moreno,49.0,meganfurt,147,organic apples,vegetable,2024-11-07,116.0,7.0,812.0
2357,daniel little,45.0,darrellmouth,150,tofu,vegetable,2024-09-03,1.0,13.22,13.22
2358,kimberly myers,35.0,robertville,168,granola,snack,2024-09-25,1.0,4.35,4.35
2359,david solis,33.0,north heatherville,190,fresh milk,vegetable,2024-05-25,2.0,16.01,32.02
2360,thomas hughes,64.0,east laurentown,192,organic apples,vegetable,2024-02-08,3.0,15.96,47.88
2361,nicholas anderson,54.0,greenview,107,fresh milk,vegetable,2024-06-13,4.0,9.33,37.32
2362,jamie chen,54.0,joshuaside,195,almond butter,snack,2024-10-23,2.0,11.74,23.48
2363,brian carter,63.0,south joshuaport,188,kale,organic,2024-07-23,3.0,4.4,13.2
2364,danielle johnson,63.0,robertmouth,116,fresh milk,organic,2024-08-22,3.0,15.47,46.41
2365,david silva,28.0,east pamelaborough,186,almond butter,organic,2024-09-05,1.0,3.56,3.56
2366,john roberts,69.0,christopherstad,166,tofu,vegetable,2024-02-10,1.0,17.39,17.39
2368,erin walls,37.0,joshuamouth,170,fresh milk,dairy,2024-10-27,2.0,211.1,422.2
2369,emily russell,56.0,lake jeremyview,183,fresh milk,dairy,2024-06-12,1.0,3.73,3.73
2371,shannon sandoval,51.0,kimberlyhaven,151,organic apples,vegetable,2024-08-11,1.0,19.71,19.71
2372,teresa clark,56.0,south steven,141,kale,snack,2024-04-02,3.0,16.02,48.06
2373,heather dillon,69.0,fergusonbury,164,granola,organic,2024-04-16,3.0,14.6,43.8
2374,terry wilson,57.0,port kimmouth,171,tofu,dairy,2024-09-12,4.0,17.2,68.8
2375,nicole rodriguez,74.0,lake jennaberg,123,organic apples,organic,2024-04-07,141.0,16.42,2315.2200000000003
2376,diane lawrence,45.0,johnsontown,191,almond butter,snack,2024-08-03,1.0,8.72,8.72
2377,brenda perry md,78.0,marktown,155,kale,organic,2024-04-22,3.0,8.09,24.27
2378,justin bell,67.0,south cindy,125,kale,snack,2024-03-09,2.0,19.67,39.34
2379,jennifer salinas,61.0,south michele,197,tofu,organic,2024-10-24,3.0,19.02,57.06
2380,brian griffin,51.0,aliciaborough,161,organic apples,organic,2024-01-17,3.0,8.15,24.450000000000003
2381,jonathan jennings,25.0,east vanessa,160,tofu,dairy,2024-07-10,2.0,13.04,26.08
2382,nancy gordon,34.0,east gilbertport,165,almond butter,dairy,2024-07-22,3.0,13.13,39.39
2383,james brennan,70.0,new jessicatown,118,almond butter,snack,2024-04-24,3.0,6.46,19.38
2384,brittany lewis,30.0,romantown,138,organic apples,vegetable,2024-09-29,2.0,13.27,26.54
2385,michelle richard,60.0,north keithhaven,148,tofu,organic,2024-04-02,2.0,4.56,9.12
2386,alison wilson,19.0,north katherine,197,granola,dairy,2024-03-03,1.0,14.39,14.39
2387,virginia silva,37.0,ryanborough,142,almond butter,organic,2024-01-08,1.0,12.45,12.45
2388,mr. anthony crawford phd,38.0,pork emily,115,fresh milk,vegetable,2024-10-31,3.0,19.93,59.79
2390,melissa salinas,61.0,lake kristina,136,fresh milk,organic,2024-03-25,3.0,11.55,34.650000000000006
2391,jennifer ramos,46.0,west rachelshire,109,tofu,vegetable,2024-01-05,1.0,14.57,14.57
2392,james mitchell,54.0,alvaradoland,195,fresh milk,dairy,2024-09-19,2.0,8.25,16.5
2393,matthew parker,38.0,martinezmouth,148,organic apples,organic,2024-09-07,1.0,15.62,15.62
2394,amy lewis,68.0,aprilburgh,103,granola,snack,2024-09-18,2.0,2.49,4.98
2395,kevin smith,77.0,ethanberg,132,tofu,organic,2024-04-20,2.0,11.71,23.42
2396,brittany martinez,33.0,port dustin,129,organic apples,vegetable,2024-06-30,3.0,4.52,13.56
2397,adam wagner,21.0,maryville,195,almond butter,organic,2024-03-22,1.0,11.99,11.99
2398,steven may,63.0,new tammy,126,tofu,vegetable,2024-06-11,4.0,7.27,29.08
2399,brenda martin,79.0,west stephanietown,166,fresh milk,organic,2024-06-22,1.0,17.66,17.66
2400,rachel mcfarland,48.0,bradleyton,169,organic apples,organic,2024-06-18,1.0,9.43,9.43
2401,lori martinez,39.0,port danastad,112,kale,vegetable,2024-10-27,3.0,17.15,51.45
2402,lisa dean,24.0,west brian,141,organic apples,vegetable,2024-10-02,2.0,11.73,23.46
2403,denise clark,62.0,ramostown,112,granola,snack,2024-10-11,3.0,8.82,26.46
2404,tammy williams,62.0,lake james,144,fresh milk,snack,2024-07-18,3.0,16.24,48.72
2405,lindsey gallagher,20.0,port paigechester,131,fresh milk,organic,2024-04-28,4.0,9.52,38.08
2406,victoria wood,77.0,vancehaven,101,kale,snack,2024-01-09,3.0,4.36,13.080000000000002
2407,douglas west,36.0,west russellchester,175,fresh milk,vegetable,2024-02-24,1.0,18.45,18.45
2409,brian miller,50.0,new danielborough,190,granola,organic,2024-06-19,4.0,10.44,41.76
2410,matthew cross,34.0,lake anne,191,kale,snack,2024-10-06,3.0,8.86,26.58
2411,dr. john ward,57.0,east michelle,139,organic apples,vegetable,2024-09-25,3.0,10.17,30.51
2412,ian lopez,77.0,perezville,106,fresh milk,vegetable,2024-07-02,3.0,2.77,8.31
2414,michael roberts,68.0,south annfort,182,almond butter,snack,2024-04-09,4.0,10.78,43.12
2415,ashley solis,48.0,susanburgh,157,granola,dairy,2024-03-26,1.0,18.02,18.02
2416,george perez ii,47.0,new melinda,142,tofu,snack,2024-10-22,3.0,9.36,28.08
2417,kimberly dominguez,58.0,becserhaven,191,tofu,vegetable,2024-06-19,1.0,14.89,14.89
2418,linda hayes,72.0,wadeshire,160,organic apples,organic,2024-01-29,3.0,15.48,46.44
2419,mrs. ashley ortiz,48.0,poro timothyburgh,135,fresh milk,organic,2024-06-04,4.0,1.34,5.36
2420,patrick patrick,48.0,west hailey,169,organic apples,organic,2024-07-20,1.0,3.87,3.87
2421,rachel henderson,71.0,murphyhaven,103,fresh milk,dairy,2024-08-10,1.0,2.1,2.1
2422,adam good,38.0,murphyburgh,196,fresh milk,vegetable,2024-06-04,2.0,13.91,27.82
2423,jose lee,67.0,south brittany,188,organic apples,organic,2024-01-02,4.0,14.63,58.52
2424,joshua soto,63.0,port andreafort,193,granola,snack,2024-01-31,1.0,9.86,9.86
2425,erica andrews,40.0,garciastad,187,fresh milk,snack,2024-10-03,3.0,3.39,10.17
2427,monica johnson,45.0,heatherborough,166,granola,vegetable,2024-03-19,4.0,8.32,33.28
2428,cindy browning,46.0,south donnachester,151,almond butter,vegetable,2024-01-30,4.0,6.94,27.76
2429,mariah patel,77.0,barnettfort,101,tofu,dairy,2024-04-16,2.0,14.09,28.18
2430,jeremy luna,22.0,lake samantha,152,almond butter,snack,2024-05-18,4.0,8.5,34.0
2431,lori ortiz,35.0,south david,159,tofu,organic,2024-03-07,111.0,14.09,1563.99
2432,david morrow,30.0,lake stephanie,123,almond butter,snack,2024-04-01,1.0,17.07,17.07
2433,dale ramirez,67.0,alvarezville,145,kale,dairy,2024-02-04,1.0,11.34,11.34
2436,joshua benson,29.0,lake williamshire,103,kale,vegetable,2024-08-25,2.0,13.58,27.16
2437,gina webb,32.0,lake saramouth,190,granola,dairy,2024-05-01,2.0,16.11,32.22
2439,michael henderson,33.0,rosetown,189,kale,dairy,2024-02-18,4.0,13.0,52.0
2440,erica moore,53.0,amandaton,142,granola,organic,2024-08-12,1.0,10.95,10.95
2441,robin myers,50.0,north josephview,153,kale,dairy,2024-04-23,4.0,1.24,4.96
2442,sara hernandez,34.0,south elizabethview,141,granola,vegetable,2024-06-15,3.0,15.96,47.88
2443,cody gray,59.0,south katherine,124,tofu,snack,2024-03-28,1.0,18.52,18.52
2444,lisa cole,40.0,lawsonside,180,tofu,organic,2024-01-27,2.0,3.83,7.66
2445,charles rivera,64.0,east elizabethton,136,granola,dairy,2024-09-11,4.0,8.73,34.92
2446,dana myers,78.0,olsonstad,141,tofu,dairy,2024-11-08,2.0,18.63,37.26
2447,brett garrett,41.0,lake james,164,granola,vegetable,2024-05-25,1.0,9.99,9.99
2448,kayla dodson,76.0,lake david,159,tofu,vegetable,2024-05-16,4.0,18.64,74.56
2449,sarah villegas,43.0,mcgrathhaven,133,fresh milk,organic,2024-01-17,4.0,19.68,78.72
2450,jodi barker,68.0,smithburgh,197,fresh milk,vegetable,2024-10-18,4.0,14.64,58.56
2451,tiffany gibson,57.0,east patricia,186,almond butter,organic,2024-05-04,4.0,9.36,37.44
2452,christina coleman,35.0,tapiaview,129,almond butter,snack,2024-07-28,1.0,5.64,5.64
2453,hannah cannon,54.0,francesbury,161,organic apples,vegetable,2024-01-17,4.0,17.24,68.96
2454,abigail schultz,26.0,new katie,103,tofu,organic,2024-10-28,3.0,11.71,35.13
2455,joel ortega,56.0,west adambury,109,kale,dairy,2024-05-30,2.0,4.18,8.36
2456,jason peterson,21.0,north jasonhaven,195,organic apples,organic,2024-04-17,4.0,19.33,77.32
2457,emily estes,18.0,lauraville,147,almond butter,snack,2024-01-12,4.0,6.64,26.56
2458,kimberly dudley,60.0,east robin,183,organic apples,dairy,2024-05-30,4.0,2.41,9.64
2459,john green,21.0,port mary,195,almond butter,vegetable,2024-04-19,4.0,1.48,5.92
2460,lisa johnston,36.0,robertstad,136,almond butter,organic,2024-03-09,1.0,18.51,18.51
2461,ashley hudson,19.0,jeanfort,176,fresh milk,vegetable,2024-03-11,2.0,2.5,5.0
2462,brittany andrews,62.0,alejandrabury,112,tofu,dairy,2024-10-21,4.0,2.76,11.04
2463,erin carey,76.0,east anneport,194,granola,organic,2024-04-25,1.0,4.7,4.7
2465,dr. ann hernandez,30.0,nathanchester,170,granola,organic,2024-04-09,2.0,3.9,7.8
2466,edward hicks,64.0,north jeffrey,100,granola,snack,2024-03-16,1.0,15.13,15.13
2467,anne obrien,51.0,kimberlymouth,132,tofu,snack,2024-07-02,2.0,18.0,36.0
2468,zachary rich,64.0,bakermouth,182,almond butter,dairy,2024-07-11,2.0,7.54,15.08
2469,donna wheeler,65.0,josephburgh,109,tofu,organic,2024-06-07,2.0,5.76,11.52
2470,olivia torres,31.0,north cherylland,154,almond butter,organic,2024-04-24,1.0,1.63,1.63
2471,brandon warner,67.0,new patrick,160,almond butter,organic,2024-01-06,3.0,16.83,50.49
2472,erika young,29.0,south allen,179,fresh milk,organic,2024-06-18,3.0,7.32,21.96
2473,carl armstrong,47.0,west christopher,103,granola,vegetable,2024-04-06,1.0,2.5,2.5
2474,daniel kim,65.0,new jennifershire,170,organic apples,vegetable,2024-03-08,3.0,6.9,20.700000000000003
2475,christina schneider,78.0,autumnchester,132,tofu,organic,2024-04-13,3.0,2.02,6.0600000000000005
2476,brandon knapp,57.0,bradleymouth,169,kale,vegetable,2024-02-01,3.0,6.69,20.07
2477,gregory johnson,24.0,lake danielle,176,fresh milk,vegetable,2024-05-10,4.0,19.93,79.72
2478,mr. derrick orozco,70.0,west ryan,109,organic apples,vegetable,2024-06-27,4.0,8.51,34.04
2479,veronica schmidt,72.0,christophermouth,177,kale,snack,2024-08-03,1.0,18.34,18.34
2480,david martinez,42.0,danielborough,105,organic apples,organic,2024-01-09,4.0,14.75,59.0
2481,derrick lopez,39.0,brandyhaven,193,organic apples,organic,2024-08-18,1.0,12.14,12.14
2482,david martin,66.0,north walter,132,tofu,dairy,2024-04-23,3.0,13.26,39.78
2483,kimberly cervantes,64.0,taylorfurt,198,organic apples,organic,2024-10-10,4.0,1.64,6.56
2484,courtney moore,59.0,north rhondamouth,180,tofu,dairy,2024-02-06,2.0,16.28,32.56
2486,ashley mitchell,22.0,wagnerland,180,almond butter,dairy,2024-02-24,1.0,3.76,3.76
2487,jason kim,62.0,port matthewland,118,tofu,dairy,2024-01-29,1.0,12.69,12.69
2488,todd morgan,40.0,east samantha,172,almond butter,snack,2024-09-13,4.0,8.76,35.04
2489,ivan blair,38.0,lake andreabury,109,kale,snack,2024-03-20,3.0,16.12,48.36
2490,maxwell garcia,20.0,north andrewburgh,125,kale,dairy,2024-07-23,2.0,5.66,11.32
2491,lisa hunt,52.0,new nicholeburgh,178,almond butter,organic,2024-05-24,2.0,15.68,31.36
2492,james jarvis,73.0,davisberg,147,granola,organic,2024-09-13,1.0,6.21,6.21
2493,anthony brandt,25.0,amyburgh,131,kale,snack,2024-05-29,4.0,12.54,50.16
2494,daniel olson,26.0,port chelseachester,186,fresh milk,dairy,2024-07-21,4.0,19.07,76.28
2495,jennifer murphy,33.0,lauraview,149,organic apples,organic,2024-05-08,2.0,2.88,5.76
2496,jonathan bell,31.0,west adamfurt,133,organic apples,vegetable,2024-06-29,4.0,1.68,6.72
2497,emily ross,79.0,davisside,120,organic apples,vegetable,2024-09-05,3.0,4.37,13.11
2498,alexa jenkins,64.0,east timothy,144,granola,vegetable,2024-10-26,3.0,4.54,13.62
2499,shannon powell,67.0,jacquelineshire,126,granola,organic,2024-02-04,3.0,10.51,31.53
2500,amber carpenter,32.0,lakx stephanie,150,tofu,snack,2024-07-10,3.0,6.59,19.77
2501,andrea stewart,54.0,phillipsborough,108,almond butter,vegetable,2024-07-31,4.0,16.57,66.28
2502,michael hogan,76.0,xavierfurt,141,almond butter,dairy,2024-05-18,1.0,7.61,7.61
2503,angelica diaz,68.0,north jamieshire,158,almond butter,vegetable,2024-07-22,1.0,4.07,4.07
2504,terry blair,29.0,martinmouth,131,almond butter,organic,2024-01-10,2.0,18.73,37.46
2505,gabrielle cummings,55.0,ricjardsonview,118,granola,organic,2024-02-10,4.0,7.54,30.16
2506,billy smith,64.0,port maxbury,174,tofu,snack,2024-07-10,2.0,2.0,4.0
2507,carl gray,19.0,hallland,126,granola,vegetable,2024-09-02,2.0,4.59,9.18
2508,mary welch,71.0,south thomas,148,fresh milk,organic,2024-10-10,3.0,11.05,33.150000000000006
2509,christopher wilkerson,48.0,kennethside,121,granola,organic,2024-01-23,2.0,13.07,26.14
2510,stephanie green,41.0,johnborough,113,fresh milk,dairy,2024-08-24,3.0,3.82,11.46
2511,rebecca leonard,69.0,joseburgh,155,fresh milk,snack,2024-03-06,4.0,17.65,70.6
2512,monica harrison,27.0,holtport,161,fresh milk,snack,2024-03-12,1.0,7.27,7.27
2513,molly lutz,19.0,maryburgh,196,kale,organic,2024-07-30,2.0,9.4,18.8
2514,chad harris,56.0,east amandamouth,164,tofu,dairy,2024-07-28,2.0,17.78,35.56
2515,kristina burnett,70.0,north sharon,148,fresh milk,vegetable,2024-09-09,4.0,1.22,4.88
2516,tammy roth,76.0,oliverside,131,organic apples,organic,2024-08-06,3.0,16.8,50.400000000000006
2517,kimberly robinson,36.0,christopherfort,133,organic apples,dairy,2024-08-16,4.0,16.56,66.24
2518,lisa fox,45.0,villarrealton,197,almond butter,dairy,2024-06-06,1.0,10.81,10.81
2519,james giles,44.0,ashleyfort,186,fresh milk,dairy,2024-05-04,2.0,8.65,17.3
2520,kenneth reyes,36.0,north nicholasborough,191,granola,dairy,2024-01-23,4.0,1.51,6.04
2521,juan castro,74.0,port tracy,114,kale,snack,2024-01-21,3.0,1.19,3.57
2522,jesus alvarez,40.0,south kevinton,157,fresh milk,snack,2024-11-06,4.0,7.7,30.8
2523,stephanie ortiz,37.0,torresstad,118,almond butter,snack,2024-02-11,2.0,7.97,15.94
2524,kimberly ford,46.0,triciaborough,112,granola,organic,2024-04-06,4.0,5.4,21.6
2525,kristen scott,40.0,susanhaven,130,kale,organic,2024-04-30,4.0,18.6,74.4
2526,tiffany jones,26.0,penningtonfurt,155,organic apples,organic,2024-08-22,1.0,14.78,14.78
2527,willie ford,33.0,north jamesmouth,168,granola,organic,2024-01-16,3.0,1.84,5.5200000000000005
2528,james davis,55.0,changtown,123,tofu,organic,2024-04-14,1.0,8.98,8.98
2529,anita briggs,73.0,new davidfort,171,fresh milk,snack,2024-03-16,1.0,11.57,11.57
2531,xavier kelley,30.0,west williamview,131,kale,dairy,2024-01-28,1.0,19.74,19.74
2532,stephen hicks,59.0,west jason,151,kale,dairy,2024-10-17,4.0,2.35,9.4
2533,richard monroe,40.0,port kathleen,128,tofu,dairy,2024-07-01,4.0,17.61,70.44
2534,alexandra harrington,23.0,east dustin,112,granola,dairy,2024-07-13,4.0,12.04,48.16
2535,frank lee,39.0,ericfurt,105,organic apples,snack,2024-01-22,3.0,3.18,9.54
2536,tammy noble,75.0,west danielshire,195,fresh milk,organic,2024-08-30,4.0,6.62,26.48
2537,kenneth prince,23.0,new john,191,organic apples,snack,2024-03-04,1.0,4.09,4.09
2538,terri porter,28.0,port caitlin,169,granola,dairy,2024-04-23,3.0,12.64,37.92
2539,april campbell,75.0,alexandraville,103,kale,organic,2024-08-11,3.0,2.39,7.17
2540,joshua carrillo,51.0,atkinsfurt,114,almond butter,snack,2024-02-27,1.0,9.69,9.69
2541,bobby roberts,75.0,michaelland,175,tofu,dairy,2024-10-11,2.0,11.12,22.24
2542,bradley castaneda,77.0,port amy,165,granola,vegetable,2024-10-26,3.0,17.85,53.55
2543,gina stevenson,31.0,port christinaburgh,125,organic apples,snack,2024-10-31,4.0,8.05,32.2
2544,james hall,41.0,kennethberg,149,granola,dairy,2024-09-01,4.0,16.38,65.52
2545,jessica pitts,36.0,east makayla,115,organic apples,vegetable,2024-05-16,1.0,12.59,12.59
2546,christopher spencer,26.0,brianstad,178,granola,snack,2024-02-20,3.0,15.05,45.150000000000006
2547,philip foster,28.0,nataliefurt,111,kale,dairy,2024-01-17,4.0,11.42,45.68
2548,craig morales,70.0,port lawrenceton,117,granola,organic,2024-09-29,3.0,19.07,57.21
2549,jennifer hunt,27.0,morganbury,173,tofu,snack,2024-05-24,1.0,16.92,16.92
2551,john davis,76.0,scottbury,127,almond butter,organic,2024-03-16,3.0,4.8,14.4
2553,michael perry,30.0,monicashire,180,almond butter,vegetable,2024-02-24,3.0,6.19,18.57
2554,kristine roberts,22.0,thomasborough,147,organic apples,vegetable,2024-10-16,4.0,10.85,43.4
2555,nathan johnson,71.0,amberchester,172,fresh milk,dairy,2024-03-19,3.0,11.55,34.650000000000006
2556,pamela miller,25.0,andrewsmouth,170,tofu,snack,2024-03-11,2.0,8.95,17.9
2557,kelly bird,18.0,north kurt,176,almond butter,snack,2024-06-13,3.0,12.36,37.08
2558,ryan donaldson,47.0,lake kathrynville,162,granola,snack,2024-01-06,2.0,1.54,3.08
2559,kristina hernandez md,19.0,south amystad,138,almond butter,snack,2024-05-09,4.0,2.84,11.36
2560,andrea miller,43.0,jacobfurt,154,fresh milk,organic,2024-06-25,1.0,10.14,10.14
2561,michael greer,34.0,mendezmouth,136,tofu,organic,2024-08-22,1.0,6.51,6.51
2562,david moss,64.0,east justinton,114,organic apples,snack,2024-10-08,2.0,11.53,23.06
2563,christopher grant,72.0,jonesburgh,142,kale,snack,2024-03-15,1.0,10.68,10.68
2564,justin lucero,25.0,new joannaview,153,tofu,dairy,2024-02-13,4.0,6.37,25.48
2565,robert henson,65.0,thompsonmouth,120,tofu,dairy,2024-08-22,3.0,4.05,12.15
2566,sarah miller,50.0,west stacy,129,granola,vegetable,2024-08-07,1.0,5.22,5.22
2567,anita smith,36.0,merrittshire,178,organic apples,vegetable,2024-05-30,4.0,18.78,75.12
2568,joseph warner,77.0,north andrea,171,almond butter,organic,2024-03-04,3.0,12.73,38.19
2569,olivia harris,22.0,schultzchester,194,organic apples,organic,2024-08-31,2.0,2.33,4.66
2570,timothy martinez,35.0,peterland,124,almond butter,snack,2024-10-12,3.0,8.24,24.72
2571,joyce mann,71.0,gordonmouth,142,almond butter,vegetable,2024-05-27,156.0,2.68,418.08
2572,raymond andrews,41.0,new jasonville,187,tofu,snack,2024-02-07,3.0,8.2,24.6
2573,charles romero,20.0,east lisa,160,tofu,dairy,2024-03-09,2.0,2.13,4.26
2574,dr. anthony walters,60.0,port maryside,187,organic apples,dairy,2024-02-07,2.0,14.39,28.78
2575,megan adams,71.0,new kyle,109,granola,dairy,2024-05-26,2.0,11.67,23.34
2576,maria jackson,25.0,west eric,147,almond butter,dairy,2024-08-08,4.0,17.56,70.24
2577,dennis terry,68.0,port zachary,124,almond butter,organic,2024-09-15,1.0,19.56,19.56
2578,william hicks,38.0,new john,128,organic apples,organic,2024-01-03,4.0,5.59,22.36
2579,victoria miller,42.0,lake ianport,162,organic apples,snack,2024-04-01,2.0,8.15,16.3
2580,suzanne porter,19.0,new jamesberg,103,kale,snack,2024-10-05,1.0,17.06,17.06
2581,shelby may,18.0,lake sean,180,kale,vegetable,2024-04-02,3.0,7.0,21.0
2582,james horton,24.0,prestonland,161,almond butter,snack,2024-01-27,3.0,17.93,53.79
2583,crystal ortega,33.0,west josephhaven,161,kale,organic,2024-09-20,2.0,18.17,36.34
2584,thomas gomez,74.0,kochchester,191,almond butter,vegetable,2024-10-17,2.0,19.47,38.94
2585,lauren james,79.0,hernandezhaven,158,granola,vegetable,2024-01-01,4.0,6.64,26.56
2586,angela lozano,73.0,north nancy,146,fresh milk,vegetable,2024-03-31,4.0,1.4,5.6
2587,brett lane,34.0,estradaview,150,granola,vegetable,2024-04-25,2.0,5.01,10.02
2588,edward ward,71.0,south julie,152,tofu,vegetable,2024-03-14,3.0,5.85,17.549999999999997
2589,elizabeth green,60.0,ashleyborough,174,tofu,snack,2024-03-25,1.0,6.71,6.71
2591,sara hanson,78.0,vanyssatown,173,almond butter,dairy,2024-11-06,1.0,6.15,6.15
2592,diana ruiz,79.0,east kevinville,126,granola,dairy,2024-09-30,3.0,18.02,54.06
2593,melissa stevens,67.0,riceside,168,tofu,organic,2024-06-30,4.0,16.68,66.72
2594,ronald white,18.0,port luis,173,granola,organic,2024-08-12,1.0,13.36,13.36
2595,denise hughes,63.0,south kristin,132,organic apples,organic,2024-05-15,2.0,15.42,30.84
2596,jocelyn adams,22.0,east richardhaven,155,tofu,dairy,2024-04-05,2.0,2.73,5.46
2597,daniel wallace,33.0,lake brian,179,fresh milk,vegetable,2024-08-25,2.0,9.21,18.42
2598,john reynolds,71.0,singhton,107,granola,organic,2024-06-15,3.0,7.29,21.87
2599,lisa torres,65.0,castroland,167,fresh milk,organic,2024-03-26,3.0,14.99,44.97
2602,erin white,58.0,reidstad,131,granola,dairy,2024-03-12,4.0,15.65,62.6
2603,kimberly mcgrath,45.0,juarville,100,granola,organic,2024-10-11,1.0,9.19,9.19
2604,tiffany bailey,79.0,south sandraton,169,kale,vegetable,2024-06-08,1.0,19.49,19.49
2605,mary thompson,29.0,west michael,130,tofu,organic,2024-08-27,2.0,16.41,32.82
2606,crystal rodriguez,21.0,belltown,178,almond butter,organic,2024-07-02,1.0,9.12,9.12
2607,kevin smith,57.0,lake sara,147,fresh milk,vegetable,2024-07-23,3.0,1.51,4.53
2608,jason lopez,47.0,south rachelmouth,125,almond butter,vegetable,2024-03-09,4.0,16.26,65.04
2609,corey hood,45.0,joelland,174,organic apples,organic,2024-03-25,4.0,15.91,63.64
2610,beth hodges,21.0,lake alison,118,fresh milk,organic,2024-02-08,4.0,10.8,43.2
2611,lauren donovan dds,32.0,east robert,150,tofu,vegetable,2024-07-08,4.0,15.58,62.32
2612,linda johnson,22.0,chandlerborough,124,organic apples,vegetable,2024-01-27,2.0,8.41,16.82
2613,craig jenkins,26.0,south michelemouth,194,granola,vegetable,2024-06-13,4.0,8.19,32.76
2614,allison goodwin,37.0,lake jessicastad,103,fresh milk,dairy,2024-01-14,3.0,12.89,38.67
2615,daniel booth,23.0,stevensport,186,almond butter,snack,2024-01-26,4.0,14.26,57.04
2616,robert stafford,24.0,east joyce,100,organic apples,vegetable,2024-04-14,3.0,9.78,29.34
2617,thomas alexander,40.0,new matthewshire,132,tofu,dairy,2024-03-04,2.0,12.76,25.52
2618,lance trujillo,79.0,simonhaven,166,granola,organic,2024-10-10,3.0,18.39,55.17
2619,robert carrillo,76.0,stephanieport,134,tofu,dairy,2024-06-01,3.0,16.66,49.98
2620,mary harris,62.0,west josephside,116,almond butter,organic,2024-05-25,3.0,8.8,26.4
2622,alex smith,40.0,north cheryl,138,tofu,vegetable,2024-10-11,1.0,18.62,18.62
2623,keith wood,33.0,north amy,133,kale,vegetable,2024-02-18,3.0,10.74,32.22
2624,elizabeth evans,55.0,north sandramouth,165,granola,organic,2024-02-29,1.0,16.07,16.07
2625,amber gonzalez,21.0,west kellymouth,150,organic apples,snack,2024-07-09,3.0,6.73,20.19
2626,christopher montoya,50.0,east laurieberg,121,fresh milk,snack,2024-06-30,2.0,12.4,24.8
2627,lauren austin,32.0,riosstad,176,tofu,snack,2024-04-14,4.0,3.89,15.56
2628,bryan golden,70.0,tammymouth,169,granola,vegetable,2024-07-03,1.0,4.31,4.31
2629,eric avila,62.0,sellersborough,147,organic apples,vegetable,2024-03-19,176.0,14.89,2620.6400000000003
2630,david stanton,48.0,kevinport,107,almond butter,snack,2024-09-23,3.0,5.65,16.950000000000003
2631,jennifer rivera,45.0,south williamberg,193,fresh milk,dairy,2024-07-20,4.0,14.24,56.96
2632,daniel rios,35.0,rosefort,139,fresh milk,dairy,2024-08-24,1.0,14.75,14.75
2633,laura morales,22.0,hoflmanstad,111,almond butter,organic,2024-04-26,3.0,4.74,14.22
2634,samuel holt,60.0,melissaview,166,granola,organic,2024-07-05,2.0,14.62,29.24
2635,mr. tom snow,59.0,west rebecca,180,almond butter,snack,2024-02-04,4.0,6.28,25.12
2636,janet torres,62.0,south suzannefurt,118,kale,snack,2024-06-07,2.0,14.43,28.86
2637,michele parker,75.0,joelmouth,191,tofu,vegetable,2024-06-30,4.0,18.05,72.2
2639,kaitlin cardenas,58.0,figueroastad,189,fresh milk,dairy,2024-03-25,2.0,6.67,13.34
2640,mr. maurice reed,24.0,lake tony,127,kale,snack,2024-06-17,2.0,6.08,12.16
2641,bobby williams,28.0,mercadoton,118,organic apples,vegetable,2024-05-06,123.0,7.62,937.26
2642,kimberly taylor,72.0,samuelberg,161,granola,vegetable,2024-01-11,3.0,17.9,53.7
2643,clinton fleming,79.0,robertmouth,113,tofu,snack,2024-10-23,3.0,7.69,23.07
2645,andre becker,50.0,new jessica,196,kale,dairy,2024-03-24,3.0,15.65,46.95
2646,angela woodward,56.0,jenniferberg,127,kale,organic,2024-07-18,1.0,17.82,17.82
2647,edward meyer,55.0,east cynthiaberg,194,almond butter,snack,2024-03-06,3.0,16.91,50.73
2648,joshua johnson,22.0,jennachester,116,granola,vegetable,2024-03-12,4.0,17.59,70.36
2649,joshua washington,59.0,thompsonmouth,193,fresh milk,organic,2024-02-14,1.0,14.71,14.71
2650,jessica raymond,44.0,rhondachester,171,kale,vegetable,2024-10-25,2.0,6.87,13.74
2651,danielle dixon,56.0,wellsberg,140,organic apples,vegetable,2024-04-13,3.0,3.19,9.57
2652,julie davis,32.0,fishermouth,159,tofu,vegetable,2024-04-04,1.0,1.41,1.41
2653,harry liu,52.0,new robertland,121,organic apples,snack,2024-02-19,2.0,15.51,31.02
2654,scott sheppard,64.0,new diane,162,organic apples,snack,2024-09-12,1.0,10.95,10.95
2655,kelly green,65.0,hollyshire,173,organic apples,snack,2024-02-03,3.0,5.38,16.14
2656,laura pena,27.0,west davidmouth,181,almond butter,vegetable,2024-08-21,2.0,9.17,18.34
2657,brittany lopez,62.0,lake dianeberg,102,granola,dairy,2024-03-06,3.0,11.95,35.849999999999994
2658,lauren jones,76.0,port coryland,134,granola,vegetable,2024-06-25,4.0,1.01,4.04
2659,jocelyn gomez,30.0,guerrerotown,124,organic apples,vegetable,2024-02-07,2.0,9.89,19.78
2660,john harris,28.0,lake matthewshire,195,organic apples,organic,2024-07-31,2.0,7.44,14.88
2661,cynthia moore,48.0,alexandermouth,180,organic apples,dairy,2024-10-14,1.0,3.55,3.55
2662,thomas jones,37.0,north thomas,129,almond butter,snack,2024-07-28,1.0,1.63,1.63
2663,laura holmes,77.0,north lori,110,tofu,organic,2024-02-26,3.0,11.58,34.74
2664,christine henderson,68.0,new christineland,161,fresh milk,organic,2024-04-09,4.0,9.87,39.48
2665,sean garrison,52.0,port hollyhaven,148,granola,snack,2024-08-27,3.0,14.96,44.88
2666,amber price,76.0,alyssamouth,130,fresh milk,snack,2024-04-12,1.0,1.14,1.14
2668,james murphy,40.0,berryside,184,almond butter,dairy,2024-03-29,3.0,1.65,4.949999999999999
2670,breanna smith,67.0,west elizabethberg,184,almond butter,vegetable,2024-09-06,3.0,17.6,52.8
2672,anne wheeler,54.0,jennybury,141,kale,snack,2024-05-30,2.0,18.1,36.2
2673,angela miller,34.0,johnsonshire,114,granola,organic,2024-01-06,2.0,15.42,30.84
2674,debra wilcox,32.0,aliciaport,199,organic apples,dairy,2024-01-09,1.0,2.61,2.61
2675,paul lyons,18.0,moniquefurt,188,fresh milk,organic,2024-03-27,4.0,12.46,49.84
2676,eric foster,23.0,west davidview,197,granola,snack,2024-01-24,3.0,10.65,31.950000000000003
2677,lori hobbs,38.0,smithtown,136,tofu,vegetable,2024-02-18,4.0,9.29,37.16
2678,christopher wilson,48.0,lake scott,189,almond butter,vegetable,2024-04-01,1.0,256.68,256.68
2679,gregory snyder,21.0,north jessica,172,tofu,organic,2024-03-07,3.0,9.45,28.35
2680,kevin lopez,73.0,shannonshire,126,fresh milk,dairy,2024-04-01,4.0,11.41,45.64
2681,austin frank,40.0,henryland,102,tofu,dairy,2024-10-12,2.0,19.67,39.34
2682,jeffrey carr,29.0,lake mark,181,organic apples,snack,2024-05-15,4.0,9.66,38.64
2683,linda myers,67.0,east darlene,198,tofu,organic,2024-10-24,1.0,12.25,12.25
2684,brenda ortiz,71.0,kevinburgh,112,organic apples,dairy,2024-06-27,4.0,10.55,42.2
2685,molly fisher,37.0,east bridget,153,granola,organic,2024-02-07,1.0,6.17,6.17
2686,mariah stanley,76.0,fergusonmouth,144,kale,dairy,2024-04-09,4.0,17.02,68.08
2687,timothy booker,28.0,port maryfurt,171,almond butter,organic,2024-08-18,3.0,1.35,4.050000000000001
2688,abigail velez,18.0,schmittbury,159,kale,organic,2024-05-05,4.0,17.01,68.04
2689,john christensen,50.0,guzmanchester,133,tofu,snack,2024-07-25,4.0,14.59,58.36
2690,elizabeth smith,21.0,gregorytown,158,almond butter,vegetable,2024-02-23,3.0,15.77,47.31
2691,maria james,57.0,williamstad,191,organic apples,organic,2024-10-05,4.0,3.09,12.36
2692,ashley rice,47.0,alexanderland,181,granola,dairy,2024-02-23,3.0,12.96,38.88
2693,julie harris,79.0,new annetteport,192,almond butter,dairy,2024-08-13,4.0,2.57,10.28
2695,colin porter,66.0,west allen,106,kale,vegetable,2024-06-12,3.0,16.12,48.36
2696,sergio newman,27.0,jayside,151,tofu,vegetable,2024-08-21,1.0,8.57,8.57
2697,sylvia snyder,29.0,hansontown,184,tofu,organic,2024-04-27,3.0,17.0,51.0
2698,nancy robinson,46.0,howardberg,175,organic apples,vegetable,2024-08-06,1.0,9.52,9.52
2699,brenda thomas,52.0,lisafort,152,kale,snack,2024-03-04,1.0,3.87,3.87
2700,james smith,78.0,terrellhaven,127,fresh milk,snack,2024-01-14,1.0,13.02,13.02
2701,janice rhodes,61.0,port carlos,178,kale,vegetable,2024-05-18,2.0,8.74,17.48
2702,lisa jones,46.0,anthonytown,128,kale,vegetable,2024-09-05,4.0,12.44,49.76
2703,sandra simmons,51.0,north elizabethmouth,138,tofu,snack,2024-08-17,3.0,16.83,50.49
2704,randy gallegos,53.0,heathershire,106,fresh milk,dairy,2024-02-06,1.0,9.86,9.86
2705,jillian pollard md,36.0,barbarastad,192,almond butter,dairy,2024-02-22,1.0,18.67,18.67
2706,john cummings,64.0,south benjaminfort,115,almond butter,dairy,2024-09-14,4.0,10.21,40.84
2707,mary sampson,78.0,lake julie,143,granola,vegetable,2024-08-26,4.0,17.86,71.44
2708,emily bennett,27.0,trujilloborough,105,tofu,organic,2024-04-18,2.0,17.33,34.66
2709,raven tran,34.0,clarkville,128,almond butter,dairy,2024-04-12,1.0,17.69,17.69
2710,kathryn rice,35.0,west kenneth,160,almond butter,snack,2024-05-18,2.0,14.4,28.8
2711,tony edwards,60.0,west williambury,107,organic apples,snack,2024-01-09,1.0,14.16,14.16
2712,isaac randall,41.0,sosamouth,128,tofu,organic,2024-10-21,1.0,3.24,3.24
2713,christopher acevedo,68.0,reedbury,134,fresh milk,vegetable,2024-09-21,2.0,6.38,12.76
2714,laura goodman,69.0,north stacy,182,tofu,snack,2024-09-17,2.0,15.88,31.76
2715,natasha rogers,49.0,east michellemouth,150,fresh milk,vegetable,2024-08-01,132.0,11.67,1540.44
2716,william wright,20.0,harringtonberg,102,almond butter,vegetable,2024-09-04,3.0,11.0,33.0
2717,taylor cooper,22.0,lewisview,106,organic apples,dairy,2024-01-04,2.0,1.2,2.4
2718,lisa west,39.0,west timothy,123,kale,organic,2024-03-16,4.0,7.07,28.28
2719,dr. kimberly sherman,18.0,port jeffrey,188,granola,organic,2024-02-17,2.0,9.72,19.44
2720,rachel coleman,38.0,angelaborough,163,tofu,snack,2024-01-25,3.0,6.06,18.18
2722,richard burnett,48.0,phelpschester,144,almond butter,vegetable,2024-10-25,2.0,9.88,19.76
2723,tina kelly,68.0,east michelle,154,tofu,snack,2024-03-14,1.0,10.02,10.02
2724,daniel vaughn,51.0,butlerton,191,organic apples,organic,2024-07-03,4.0,376.99,1507.96
2725,james richard,57.0,loweside,168,fresh milk,organic,2024-05-10,4.0,7.7,30.8
2726,nicholas baxter,55.0,deborahland,155,tofu,dairy,2024-01-09,2.0,16.19,32.38
2727,mr. fernando ochoa,79.0,ericshire,176,kale,organic,2024-11-08,4.0,7.8,31.2
2728,sharon white,70.0,leeton,132,almond butter,vegetable,2024-03-12,3.0,16.58,49.74
2729,jerry tran,73.0,alvinview,113,tofu,dairy,2024-01-29,4.0,13.21,52.84
2730,paul garcia,44.0,claytontown,134,granola,snack,2024-02-12,2.0,14.69,29.38
2731,emily stanley,70.0,rileyland,148,granola,snack,2024-03-15,4.0,8.09,32.36
2732,daniel garner,25.0,west lisaview,174,organic apples,organic,2024-02-11,198.0,15.55,3078.9
2733,nicole reeves,39.0,west amy,119,granola,organic,2024-06-28,1.0,6.85,6.85
2734,crystal fernandez,63.0,west jennifer,134,almond butter,vegetable,2024-07-22,4.0,3.0,12.0
2735,kimberly allen,32.0,wendyborough,184,granola,snack,2024-09-17,4.0,15.83,63.32
2736,maria gray,23.0,gardnerberg,176,granola,vegetable,2024-02-27,2.0,12.6,25.2
2737,lauren brady,20.0,perezfort,163,organic apples,snack,2024-10-20,1.0,11.39,11.39
2738,robert watkins,68.0,port robertport,184,granola,organic,2024-08-18,4.0,1.73,6.92
2739,troy kramer,62.0,taylorport,182,kale,dairy,2024-03-23,4.0,7.02,28.08
2740,joshua hill,25.0,west melissa,157,organic apples,organic,2024-07-14,3.0,6.79,20.37
2741,alexis richmond,59.0,evansborough,105,fresh milk,vegetable,2024-01-14,2.0,17.53,35.06
2742,jennifer howard,48.0,lake miguelborough,157,fresh milk,dairy,2024-05-12,4.0,8.48,33.92
2744,kelsey crosby,32.0,espinozaland,195,organic apples,snack,2024-02-15,2.0,1.78,3.56
2745,nicholas huff,65.0,johnfort,150,kale,vegetable,2024-01-30,3.0,9.01,27.03
2746,mr. gerald soto,72.0,markport,100,almond butter,organic,2024-04-19,1.0,1.74,1.74
2747,bryan ramirez,69.0,west lisafurt,125,kale,dairy,2024-09-24,2.0,1.86,3.72
2748,karen stephens,59.0,south valeriehaven,125,fresh milk,dairy,2024-09-08,2.0,3.57,7.14
2749,tyrone garrett,49.0,josephview,154,kale,organic,2024-02-25,2.0,2.85,5.7
2750,christina nichols,37.0,meyerton,192,granola,dairy,2024-07-03,3.0,5.65,16.950000000000003
2751,charles hunt,57.0,new joshuamouth,183,fresh milk,snack,2024-01-03,2.0,18.71,37.42
2752,audrey lucas,29.0,lake cynthia,187,fresh milk,organic,2024-10-03,2.0,15.31,30.62
2753,mary beltran,51.0,lake kevinborough,156,organic apples,dairy,2024-01-01,4.0,11.4,45.6
2754,amber brown,37.0,alexanderborough,110,granola,dairy,2024-01-13,2.0,16.98,33.96
2755,jon jordan,46.0,lake leslie,143,organic apples,vegetable,2024-01-15,4.0,12.3,49.2
2756,tammy graham,42.0,lake eric,148,organic apples,vegetable,2024-05-18,2.0,10.81,21.62
2757,mikayla thompson,27.0,brettton,198,kale,dairy,2024-03-25,3.0,6.46,19.38
2758,ryan yates,48.0,mcdonaldside,198,tofu,snack,2024-03-25,2.0,3.07,6.14
2759,michael martin,65.0,murraystad,148,fresh milk,snack,2024-09-23,3.0,3.44,10.32
2760,patricia martin,58.0,nancyview,194,organic apples,vegetable,2024-04-08,1.0,6.6,6.6
2761,rebekah walton,74.0,south kristinside,131,kale,dairy,2024-07-19,3.0,10.96,32.88
2762,mr. brian long,72.0,gutierrezburgh,186,organic apples,vegetable,2024-02-24,177.0,18.89,3343.53
2764,michael valdez,47.0,patrickberg,162,almond butter,organic,2024-03-28,3.0,11.71,35.13
2765,jennifer williams,33.0,north deanna,114,granola,vegetable,2024-01-15,2.0,11.13,22.26
2766,kevin roth,78.0,wadeport,183,almond butter,vegetable,2024-08-06,1.0,2.73,2.73
2767,jacqueline harrison,37.0,north anthonyport,179,granola,vegetable,2024-04-14,4.0,8.33,33.32
2768,cindy bean,25.0,lake patricia,182,kale,organic,2024-02-27,2.0,3.47,6.94
2769,james bell,75.0,howelltown,103,almond butter,organic,2024-09-08,3.0,13.27,39.81
2770,rebecca andrews,43.0,lake mark,107,granola,vegetable,2024-05-15,2.0,2.79,5.58
2771,vernon vang,40.0,jaimechester,178,organic apples,vegetable,2024-09-20,2.0,11.32,22.64
2772,mathew gonzalez,66.0,east mollyborough,106,kale,dairy,2024-05-26,1.0,6.81,6.81
2773,howard jackson,35.0,larsonside,191,almond butter,organic,2024-10-16,1.0,2.53,2.53
2774,ryan fisher,36.0,west robert,184,organic apples,organic,2024-08-22,2.0,4.81,9.62
2775,mary levine,27.0,riceshire,157,kale,dairy,2024-07-16,2.0,12.04,24.08
2776,rachel smith,62.0,santosbury,169,organic apples,snack,2024-05-20,4.0,3.31,13.24
2777,terry zamora,73.0,adammouth,198,granola,snack,2024-05-03,4.0,8.47,33.88
2778,jacob weaver,28.0,jacobville,193,almond butter,dairy,2024-09-03,1.0,15.11,15.11
2779,melissa carpenter,41.0,petersview,103,almond butter,organic,2024-08-05,1.0,1.79,1.79
2780,angela marshall,74.0,deborahtown,184,fresh milk,dairy,2024-10-17,1.0,14.5,14.5
2782,ashley lopez,78.0,west shirley,196,tofu,organic,2024-07-27,3.0,18.76,56.28
2783,sheryl logan,58.0,east joel,125,kale,dairy,2024-09-23,4.0,12.24,48.96
2784,julia warner,40.0,north tiffany,195,tofu,organic,2024-09-02,1.0,9.17,9.17
2785,raymond reilly,58.0,torresberg,158,tofu,vegetable,2024-09-14,1.0,18.53,18.53
2786,elizabeth adams,40.0,new christinatown,112,kale,organic,2024-02-13,4.0,6.4,25.6
2787,erin hoover,53.0,rachelmouth,195,fresh milk,vegetable,2024-11-08,2.0,15.04,30.08
2788,brenda wilson,72.0,haileystad,157,fresh milk,organic,2024-04-28,2.0,2.39,4.78
2789,patricia berry,18.0,east chelsea,121,organic apples,organic,2024-06-03,3.0,8.11,24.33
2790,cindy smith,33.0,north kevin,160,organic apples,organic,2024-06-02,3.0,19.85,59.55
2792,tanya henry dvm,18.0,east alex,101,granola,vegetable,2024-01-14,2.0,17.55,35.1
2793,jessica floyd,56.0,south rogerchester,166,almond butter,dairy,2024-10-12,1.0,15.35,15.35
2794,theresa jones,78.0,lake thomasside,120,granola,organic,2024-04-06,1.0,11.24,11.24
2795,jeffrey gonzalez,21.0,ellisside,178,organic apples,snack,2024-07-14,1.0,13.25,13.25
2796,brent martinez,44.0,bruceshire,153,organic apples,organic,2024-07-22,1.0,13.72,13.72
2797,joseph campbell,75.0,vincentbury,197,organic apples,dairy,2024-08-14,4.0,17.83,71.32
2798,jesse williams,66.0,guerreroview,132,almond butter,dairy,2024-10-06,4.0,11.49,45.96
2799,sherry jones,72.0,carrhaven,147,fresh milk,vegetable,2024-08-08,4.0,1.4,5.6
2800,martin schwartz,70.0,lake alicia,101,granola,snack,2024-10-07,2.0,3.96,7.92
2801,daniel lam,66.0,sarahville,123,fresh milk,snack,2024-09-06,2.0,6.6,13.2
2803,dustin velazquez,43.0,west danielle,188,granola,vegetable,2024-05-14,1.0,17.01,17.01
2804,david wiley,70.0,port aaronland,161,kale,organic,2024-10-22,1.0,9.83,9.83
2805,jason washington,55.0,west garyshire,184,kale,vegetable,2024-08-20,1.0,3.74,3.74
2806,james barnes,31.0,marcinport,183,kale,snack,2024-02-05,2.0,14.73,29.46
2807,tina rice,48.0,north triciaborough,159,organic apples,dairy,2024-09-02,2.0,11.78,23.56
2808,robert hardy,26.0,christopherfurt,199,fresh milk,snack,2024-09-17,2.0,17.81,35.62
2809,jose diaz,67.0,port linda,101,kale,dairy,2024-01-03,2.0,12.37,24.74
2810,erica tran,28.0,meyerburgh,154,almond butter,dairy,2024-09-08,2.0,8.15,16.3
2811,erin silva,19.0,patrickbury,124,granola,organic,2024-04-07,4.0,18.59,74.36
2812,aaron brown,58.0,taylorbury,169,granola,dairy,2024-01-19,4.0,11.9,47.6
2813,emily hernandez,65.0,west juanfort,157,granola,dairy,2024-08-20,1.0,17.31,17.31
2814,howard montgomery,69.0,lake paulfort,187,granola,snack,2024-10-30,1.0,13.4,13.4
2815,raymond flores,47.0,south timothy,174,almond butter,snack,2024-05-12,3.0,14.09,42.27
2816,colin barker,46.0,new ericachester,152,organic apples,organic,2024-07-15,3.0,6.35,19.05
2817,amanda mendez,72.0,bartlettbury,195,fresh milk,organic,2024-07-14,1.0,9.11,9.11
2819,cody collins,22.0,north crystal,143,almond butter,snack,2024-04-22,4.0,16.97,67.88
2820,justin page,29.0,west andreaport,144,tofu,organic,2024-10-16,1.0,7.04,7.04
2821,courtney henry,30.0,west lukefurt,157,almond butter,vegetable,2024-10-23,4.0,13.15,52.6
2822,antonio harmon,49.0,mcconnellchester,112,organic apples,dairy,2024-06-22,2.0,5.28,10.56
2823,douglas adams,24.0,marktown,142,fresh milk,snack,2024-04-13,4.0,1.38,5.52
2824,gregory baker,46.0,south james,127,kale,organic,2024-07-06,4.0,1.38,5.52
2825,dale gonzales,56.0,alantown,137,tofu,dairy,2024-06-12,1.0,4.92,4.92
2826,lauren marquez,78.0,north melissaville,135,kale,dairy,2024-04-07,2.0,7.67,15.34
2827,crystal collins,56.0,tonyatown,154,almond butter,snack,2024-07-30,1.0,16.15,16.15
2828,scott fox,77.0,east saraville,119,kale,snack,2024-02-22,4.0,17.41,69.64
2829,ashley johnston,29.0,stefanieville,170,fresh milk,dairy,2024-05-23,1.0,11.47,11.47
2830,eric smith,53.0,craigfurt,156,kale,dairy,2024-10-21,1.0,4.02,4.02
2831,michael bender,47.0,north james,136,almond butter,snack,2024-09-24,4.0,1.34,5.36
2833,sandra evans,61.0,jimenezland,130,kale,organic,2024-09-07,3.0,8.94,26.82
2834,darren hernandez,60.0,lake davidchester,142,granola,vegetable,2024-06-22,2.0,8.57,17.14
2835,michael jackson,20.0,butlerfurt,171,kale,vegetable,2024-02-12,2.0,10.23,20.46
2836,john rodriguez,26.0,north patriciafort,105,organic apples,snack,2024-09-04,2.0,5.91,11.82
2837,emily page,37.0,new jeffrey,178,almond butter,dairy,2024-04-05,3.0,6.37,19.11
2838,michael ryan,56.0,lindsayhaven,121,tofu,snack,2024-09-20,1.0,12.02,12.02
2840,edgar kelly,56.0,east jeremytown,158,granola,snack,2024-05-31,3.0,18.97,56.91
2841,shawn levy,21.0,porj victoria,185,almond butter,dairy,2024-09-09,1.0,12.19,12.19
2842,zachary johnson,20.0,west danielhaven,125,almond butter,vegetable,2024-05-27,4.0,14.4,57.6
2843,yvette erickson,79.0,lake zachary,149,almond butter,vegetable,2024-09-14,1.0,19.36,19.36
2844,jennifer brown,41.0,west josephton,183,organic apples,snack,2024-06-05,1.0,16.54,16.54
2845,elizabeth diaz,22.0,williamhaven,127,kale,dairy,2024-05-26,2.0,13.71,27.42
2846,michael meyer,59.0,north bethstad,127,tofu,vegetable,2024-05-17,1.0,7.24,7.24
2847,michael dunn,70.0,east nicoleshire,108,granola,organic,2024-11-04,4.0,13.09,52.36
2848,chad lee,19.0,freystad,183,kale,vegetable,2024-09-15,4.0,17.7,70.8
2849,maria cabrera,39.0,east timothystad,153,granola,organic,2024-07-15,2.0,12.09,24.18
2851,richard hill,31.0,douglasside,198,almond butter,organic,2024-05-04,4.0,9.17,36.68
2853,stacy sampson,39.0,west adamhaven,199,granola,dairy,2024-08-06,3.0,12.66,37.98
2854,sarah castro,33.0,markbury,189,almond butter,snack,2024-02-20,3.0,2.14,6.42
2855,jeffrey hill,44.0,eriktown,172,kale,snack,2024-02-29,4.0,13.99,55.96
2856,james randolph,54.0,smithview,161,almond butter,organic,2024-06-14,3.0,16.85,50.55
2857,jared perez,33.0,kellyland,107,fresh milk,snack,2024-02-23,2.0,7.05,14.1
2858,philip schaefer,61.0,bairdland,179,fresh milk,dairy,2024-07-18,4.0,6.99,27.96
2859,james jensen,42.0,west brian,180,tofu,organic,2024-06-03,2.0,1.57,3.14
2860,alyssa medina,64.0,coryport,167,tofu,organic,2024-06-05,4.0,1.21,4.84
2861,drew flores,71.0,new scottview,199,tofu,dairy,2024-05-10,1.0,17.71,17.71
2862,carol williams,70.0,south jeremyview,194,almond butter,organic,2024-11-02,3.0,19.35,58.05
2863,wanda simon,33.0,snyderberg,193,kale,organic,2024-06-01,4.0,8.91,35.64
2864,kathleen taylor,57.0,lake danielleville,154,kale,dairy,2024-06-08,2.0,1.1,2.2
2865,brian jones,36.0,west kevinshire,111,tofu,snack,2024-11-08,1.0,7.85,7.85
2866,patricia bennett,55.0,christinebury,194,almond butter,dairy,2024-10-26,4.0,19.34,77.36
2867,vanessa harris,76.0,robertston,197,almond butter,dairy,2024-01-15,1.0,15.09,15.09
2868,carmen walton,36.0,port courtneystad,104,organic apples,organic,2024-04-23,3.0,19.97,59.91
2869,michelle stephens,40.0,elizabethton,144,fresh milk,dairy,2024-03-20,2.0,1.87,3.74
2870,sarah bates,27.0,colemouth,146,kale,dairy,2024-03-17,3.0,16.45,49.35
2871,jennifer lang,34.0,stephaniehaven,180,almond butter,dairy,2024-02-28,3.0,19.76,59.28
2872,stacey james,54.0,jonathanmouth,168,tofu,vegetable,2024-04-19,1.0,4.39,4.39
2873,laura love,33.0,jordanton,112,kale,dairy,2024-05-18,1.0,12.3,12.3
2874,erica lewis,69.0,jamesberg,159,fresh milk,vegetable,2024-08-16,2.0,11.43,22.86
2875,matthew everett,57.0,north derekfort,121,almond butter,organic,2024-08-10,2.0,15.89,31.78
2876,mary walker,56.0,south christopher,110,fresh milk,vegetable,2024-01-31,4.0,16.52,66.08
2877,allison parker,36.0,joseborough,191,almond butter,vegetable,2024-10-01,4.0,15.44,61.76
2878,edward lam,36.0,robinville,159,fresh milk,vegetable,2024-06-09,2.0,4.64,9.28
2879,william gibbs,50.0,lake veronica,197,fresh milk,snack,2024-09-01,3.0,18.29,54.87
2880,natalie moore,56.0,hannahshire,143,tofu,organic,2024-07-20,3.0,14.77,44.31
2881,mark watts,70.0,north brian,159,kale,dairy,2024-08-07,4.0,7.33,29.32
2882,mark lewis,53.0,west katherineton,181,tofu,snack,2024-07-28,1.0,7.99,7.99
2883,sean burns,29.0,lake heatherfurt,140,tofu,dairy,2024-08-23,3.0,5.91,17.73
2884,mike waller,69.0,mackfort,166,organic apples,vegetable,2024-03-05,1.0,107.72,107.72
2885,joshua pena,41.0,east joytown,140,granola,organic,2024-01-24,1.0,17.24,17.24
2886,gregory martinez,25.0,port brenda,141,organic apples,dairy,2024-05-21,3.0,7.9,23.700000000000003
2887,tammy vaughn,29.0,west ericside,125,granola,dairy,2024-02-12,1.0,4.1,4.1
2888,jennifer hayes,63.0,nguyenville,189,almond butter,snack,2024-01-22,4.0,5.98,23.92
2889,kayla navarro,44.0,matthewport,160,tofu,snack,2024-04-15,4.0,2.64,10.56
2890,kyle miller,79.0,west elizabeth,101,organic apples,organic,2024-06-28,3.0,14.05,42.150000000000006
2891,lisa brown,51.0,englishside,183,kale,organic,2024-02-25,2.0,16.71,33.42
2892,daniel smith,40.0,monicaton,125,fresh milk,snack,2024-06-27,2.0,14.36,28.72
2893,stephanie moss phd,45.0,new christineport,151,tofu,organic,2024-09-16,2.0,18.46,36.92
2894,sara robertson,29.0,lake john,137,granola,dairy,2024-10-14,2.0,13.01,26.02
2895,christina martinez,23.0,christineland,132,tofu,organic,2024-02-11,2.0,3.97,7.94
2896,daniel velasquez,39.0,north elizabeth,162,organic apples,snack,2024-04-04,2.0,3.05,6.1
2897,david adams,76.0,marcusview,117,almond butter,snack,2024-03-11,4.0,2.46,9.84
2898,joseph lloyd,69.0,theresaborough,191,organic apples,vegetable,2024-03-03,1.0,7.22,7.22
2899,wendy hill,42.0,castillostad,152,organic apples,organic,2024-08-14,1.0,7.49,7.49
2900,jennifer berg,62.0,jasmineton,146,tofu,organic,2024-10-06,4.0,6.72,26.88
2901,ray taylor,19.0,michaelborough,114,granola,snack,2024-03-27,2.0,12.66,25.32
2902,john ross,45.0,west randyhaven,187,almond butter,organic,2024-08-01,1.0,14.82,14.82
2903,jimmy gray,56.0,lake tonyaberg,105,fresh milk,dairy,2024-09-28,4.0,17.79,71.16
2904,thomas callahan,29.0,wilsonshire,105,almond butter,organic,2024-07-29,1.0,8.91,8.91
2905,katherine chambers,62.0,jacobburgh,175,kale,organic,2024-06-29,3.0,9.0,27.0
2906,allison austin,26.0,lopezport,189,almond butter,dairy,2024-03-27,4.0,18.1,72.4
2907,emily johnson,62.0,north eric,137,almond butter,organic,2024-07-04,3.0,14.63,43.89
2908,adam monroe,25.0,south jonathan,134,organic apples,dairy,2024-10-11,3.0,2.02,6.0600000000000005
2909,april burton,75.0,port jamesside,171,kale,organic,2024-07-03,3.0,18.82,56.46
2910,kristen carey md,39.0,new terryburgh,111,almond butter,vegetable,2024-04-07,3.0,3.68,11.04
2911,bryan pace,76.0,port michaelshire,108,fresh milk,snack,2024-07-26,4.0,19.09,76.36
2912,deborah nicholson,66.0,east jamesport,155,kale,vegetable,2024-07-31,2.0,19.47,38.94
2913,laura michael,19.0,lake ethanchester,168,fresh milk,dairy,2024-02-09,3.0,10.63,31.89
2914,alyssa collier,22.0,darinland,165,organic apples,dairy,2024-04-08,3.0,5.71,17.13
2915,steve coffey,64.0,south ashleyborough,110,kale,organic,2024-07-10,2.0,10.96,21.92
2917,stephen price,39.0,east jacqueline,152,kale,dairy,2024-03-02,4.0,7.89,31.56
2918,tony strong,28.0,morrisonview,164,almond butter,organic,2024-10-16,2.0,10.72,21.44
2919,jessica santos,25.0,christopherstad,136,almond butter,vegetable,2024-05-26,2.0,16.26,32.52
2920,rachel baker,23.0,nicholasmouth,185,fresh milk,vegetable,2024-10-06,3.0,5.92,17.759999999999998
2921,daniel berry,65.0,lake alexander,113,tofu,dairy,2024-03-24,2.0,8.1,16.2
2922,cory bell,40.0,anthonyland,119,kale,snack,2024-09-24,2.0,1.77,3.54
2923,henry king,58.0,south tami,101,granola,vegetable,2024-08-20,3.0,3.04,9.12
2924,tammie miles,23.0,thomasfurt,126,almond butter,vegetable,2024-07-18,1.0,15.45,15.45
2925,david burns,30.0,colestad,113,kale,vegetable,2024-09-27,1.0,2.89,2.89
2926,amber hubbard,41.0,south ginaview,139,kale,snack,2024-03-12,2.0,4.98,9.96
2927,mary anderson,29.0,east leah,108,tofu,vegetable,2024-10-25,2.0,13.81,27.62
2929,wendy carson,54.0,new brenda,118,organic apples,dairy,2024-10-03,4.0,2.3,9.2
2930,thomas black,78.0,west ruth,109,almond butter,dairy,2024-04-04,4.0,2.72,10.88
2931,sarah smith,30.0,newmanberg,138,almond butter,organic,2024-09-17,2.0,17.13,34.26
2932,tammy henry,60.0,campbellview,102,granola,organic,2024-07-29,1.0,12.8,12.8
2933,stephen garcia,18.0,south jesus,162,almond butter,dairy,2024-05-12,1.0,15.57,15.57
2934,aaron jordan,40.0,north christopher,179,granola,snack,2024-07-20,4.0,13.36,53.44
2935,francisco olsen,18.0,goodwinshire,158,almond butter,organic,2024-10-16,1.0,15.1,15.1
2936,darryl zimmerman,22.0,port joshuafort,175,granola,snack,2024-10-24,2.0,18.69,37.38
2937,edward jones,69.0,alexandershire,109,granola,snack,2024-08-24,1.0,15.16,15.16
2938,barbara griffin dds,49.0,jacksonborough,181,almond butter,dairy,2024-04-05,4.0,4.64,18.56
2939,mike moore,27.0,east danielle,130,fresh milk,vegetable,2024-06-21,2.0,5.34,10.68
2940,scott haney,30.0,south stephanie,173,almond butter,dairy,2024-01-09,3.0,4.75,14.25
2941,jean thompson,29.0,sarahhaven,183,granola,vegetable,2024-09-07,4.0,19.77,79.08
2942,curtis clark,68.0,east jamie,180,granola,organic,2024-03-26,2.0,2.85,5.7
2943,cindy arroyo,29.0,west thomas,198,granola,dairy,2024-02-20,4.0,4.99,19.96
2944,samuel smith,78.0,west jessicaburgh,153,granola,dairy,2024-01-04,3.0,3.72,11.16
2945,john monroe,46.0,port robertmouth,157,fresh milk,vegetable,2024-09-01,4.0,4.56,18.24
2946,courtney wade,36.0,east davidmouth,156,fresh milk,organic,2024-02-21,1.0,19.82,19.82
2947,phillip lee,35.0,lake pennytown,127,tofu,dairy,2024-01-13,3.0,18.16,54.48
2948,scott hawkins,22.0,rodriguezside,108,tofu,vegetable,2024-10-19,4.0,4.75,19.0
2949,john young,19.0,harrismouth,155,tofu,organic,2024-02-19,3.0,18.61,55.83
2950,george cain,54.0,east heatherport,102,fresh milk,dairy,2024-04-21,2.0,10.47,20.94
2951,amber hale,70.0,new jacobchester,172,organic apples,snack,2024-08-22,1.0,14.08,14.08
2952,marie nash,54.0,castanedatown,160,kale,snack,2024-10-22,2.0,1.66,3.32
2953,james brown,19.0,new paul,164,organic apples,organic,2024-11-02,1.0,19.64,19.64
2954,karen weber,46.0,dianamouth,184,organic apples,snack,2024-02-16,2.0,13.61,27.22
2955,molly fletcher,44.0,ashleyborough,168,kale,organic,2024-09-03,4.0,19.83,79.32
2956,william morris,60.0,amandaburgh,115,almond butter,vegetable,2024-03-26,3.0,12.38,37.14
2957,phillip petty,79.0,marissamouth,121,almond butter,dairy,2024-06-16,2.0,15.05,30.1
2958,jennifer gallagher,75.0,josephville,170,tofu,snack,2024-01-24,3.0,17.11,51.33
2959,kelly little,35.0,gabrielleland,173,tofu,dairy,2024-09-24,2.0,7.63,15.26
2960,lacey cooper,42.0,walkerberg,144,kale,vegetable,2024-05-25,4.0,16.76,67.04
2961,ashley hoffman,32.0,lutzhaven,127,kale,snack,2024-01-06,4.0,11.98,47.92
2962,olivia davis,19.0,east timothyview,193,granola,vegetable,2024-06-01,2.0,1.35,2.7
2965,jacob jordan,64.0,new jonathan,132,almond butter,organic,2024-04-18,2.0,6.99,13.98
2966,daniel lane,58.0,barbarashire,191,almond butter,organic,2024-08-30,4.0,16.94,67.76
2967,ricardo clark,30.0,west emily,195,tofu,snack,2024-05-29,4.0,14.18,56.72
2968,shannon silva,29.0,port johnhaven,146,almond butter,vegetable,2024-03-05,2.0,9.83,19.66
2969,ethan montgomery,49.0,port jenna,164,almond butter,vegetable,2024-04-27,3.0,1.15,3.45
2970,sean luna,44.0,gillfurt,144,kale,vegetable,2024-05-23,2.0,7.24,14.48
2971,rhonda cochran,27.0,rodneymouth,187,fresh milk,dairy,2024-08-02,3.0,137.55,412.65
2972,kristine sweeney,31.0,port phillip,167,kale,vegetable,2024-05-22,4.0,13.33,53.32
2974,rebecca wheeler,48.0,joanneview,101,tofu,dairy,2024-01-10,4.0,16.91,67.64
2975,sarah cook,51.0,port paula,172,almond butter,organic,2024-07-30,1.0,16.29,16.29
2976,lindsey kim,54.0,johnsonstad,163,almond butter,organic,2024-06-13,4.0,17.43,69.72
2977,elizabeth gonzalez md,68.0,jennaside,147,kale,organic,2024-10-15,137.0,3.23,442.51
2978,david davis,43.0,east adrian,121,organic apples,organic,2024-08-28,1.0,3.13,3.13
2979,kimberly salazar,48.0,north amybury,101,organic apples,snack,2024-09-02,4.0,14.29,57.16
2980,colleen acosta,30.0,east barbara,123,kale,organic,2024-02-23,4.0,13.97,55.88
2981,david brown,40.0,south andrewshire,158,fresh milk,dairy,2024-10-26,4.0,9.41,37.64
2982,brandon jones,57.0,michaelside,135,almond butter,vegetable,2024-08-03,3.0,14.55,43.650000000000006
2983,alicia leonard,24.0,castanedamouth,184,granola,organic,2024-02-16,1.0,4.71,4.71
2984,amy owen,50.0,south alexa,125,almond butter,organic,2024-09-20,1.0,5.15,5.15
2985,pamela hansen,68.0,moralesville,147,kale,snack,2024-03-15,1.0,18.41,18.41
2986,darrell bell,48.0,gonzalezton,196,kale,organic,2024-11-08,2.0,14.31,28.62
2987,katie jordan,50.0,lucasville,197,kale,snack,2024-07-10,3.0,2.67,8.01
2988,brent woods,51.0,ronnieberg,147,fresh milk,organic,2024-02-29,3.0,14.71,44.13
2989,stephanie stanley,43.0,mcdowellville,199,almond butter,dairy,2024-06-18,4.0,1.94,7.76
2990,kathryn perry,25.0,south emma,151,tofu,organic,2024-04-28,4.0,4.28,17.12
2991,matthew castaneda,59.0,west john,187,fresh milk,snack,2024-11-01,3.0,19.04,57.12
2993,tiffany malone,26.0,carolfort,150,tofu,vegetable,2024-06-05,1.0,12.24,12.24
2995,darrell robinson,58.0,batesmouth,171,kale,dairy,2024-07-13,2.0,11.4,22.8
2996,erin lee,50.0,robertport,100,kale,vegetable,2024-10-05,3.0,15.28,45.84
2997,charles woods,57.0,west robertfort,198,kale,dairy,2024-07-17,1.0,4.58,4.58
2998,emily knapp,57.0,swansonberg,177,fresh milk,dairy,2024-05-02,4.0,12.54,50.16
2999,deborah matthews,42.0,south kerry,126,granola,snack,2024-06-21,2.0,6.04,12.08
3000,joshua frost,54.0,new brandi,132,tofu,dairy,2024-09-04,2.0,13.08,26.16
3001,robin turner,78.0,heatherville,157,kale,snack,2024-03-25,2.0,2.73,5.46
3002,alyssa peters,39.0,lake meaganton,187,tofu,organic,2024-07-07,4.0,6.22,24.88
3003,michael wilson,71.0,north ryan,181,fresh milk,vegetable,2024-02-28,2.0,6.97,13.94
3004,brittany fitzgerald,68.0,south debra,180,tofu,snack,2024-10-15,1.0,11.6,11.6
3005,katie garcia,34.0,new luisstad,150,granola,snack,2024-05-13,2.0,14.73,29.46
3006,andrew williams,46.0,pollardfurt,132,organic apples,vegetable,2024-03-07,1.0,8.21,8.21
3007,peggy wells,43.0,west johnmouth,108,fresh milk,organic,2024-10-01,3.0,3.39,10.17
3008,kelly hodge,63.0,sandyfurt,157,almond butter,snack,2024-05-20,2.0,17.18,34.36
3009,terry ramirez,69.0,novakmouth,115,almond butter,organic,2024-09-12,1.0,17.69,17.69
3010,michelle singh,32.0,miguelberg,109,fresh milk,organic,2024-07-31,1.0,10.73,10.73
3011,mr. jeffrey weeks,55.0,port josephshire,196,kale,organic,2024-08-26,2.0,5.96,11.92
3012,catherine stone,54.0,lake anthonyport,130,almond butter,dairy,2024-01-19,1.0,12.88,12.88
3014,tamara farrell,55.0,mcguirechester,163,organic apples,dairy,2024-11-06,3.0,6.54,19.62
3015,harold lee,32.0,north jacqueline,146,granola,vegetable,2024-04-06,1.0,10.54,10.54
3016,teresa horn,55.0,thompsonchester,128,organic apples,organic,2024-05-16,3.0,14.53,43.59
3017,amber fernandez,34.0,west lisaland,139,organic apples,vegetable,2024-07-12,1.0,4.69,4.69
3018,timothy johnson,26.0,west julieton,155,kale,vegetable,2024-10-24,1.0,14.15,14.15
3019,james jackson,53.0,north davidhaven,111,almond butter,snack,2024-09-14,3.0,10.52,31.56
3020,mark dunlap,48.0,south damon,199,organic apples,vegetable,2024-03-26,2.0,9.63,19.26
3022,joanne norman,45.0,north jessicahaven,147,granola,organic,2024-05-20,2.0,12.23,24.46
3023,alicia delgado,55.0,elizabethside,184,organic apples,snack,2024-05-19,3.0,1.05,3.1500000000000004
3024,toni miller,71.0,keybury,196,tofu,vegetable,2024-06-01,3.0,2.04,6.12
3025,michael stevenson,51.0,north joshua,148,tofu,dairy,2024-01-03,4.0,6.74,26.96
3026,melissa hall,75.0,south sarahstad,182,fresh milk,vegetable,2024-09-07,2.0,3.62,7.24
3027,robert yates,67.0,lisaville,165,fresh milk,snack,2024-10-02,1.0,1.96,1.96
3028,christopher kelly,55.0,south robert,173,granola,snack,2024-03-30,4.0,2.06,8.24
3029,mark dixon,65.0,kentport,144,fresh milk,organic,2024-09-16,4.0,18.45,73.8
3030,victor smith,51.0,lake dustinhaven,198,almond butter,vegetable,2024-01-15,1.0,7.58,7.58
3031,daniel chavez,34.0,buchananville,194,kale,organic,2024-11-05,3.0,11.8,35.400000000000006
3032,tamara medina,36.0,amberfurt,109,almond butter,vegetable,2024-09-23,1.0,14.28,14.28
3033,meghan peters,62.0,fordside,106,kale,organic,2024-04-27,1.0,13.06,13.06
3034,lindsey jefferson,41.0,tiffanyborough,161,granola,vegetable,2024-03-29,1.0,2.16,2.16
3035,jasmine aguilar,70.0,brewerborough,113,fresh milk,dairy,2024-08-31,3.0,13.4,40.2
3037,carlos jordan,22.0,johnsonchester,140,almond butter,dairy,2024-09-27,2.0,10.67,21.34
3038,rachel swanson,72.0,harrisberg,110,organic apples,dairy,2024-01-06,3.0,16.34,49.02
3040,chelsey waller,67.0,knightfort,174,organic apples,vegetable,2024-03-15,4.0,16.12,64.48
3041,devin sanders,21.0,port spencer,184,kale,vegetable,2024-01-17,1.0,14.96,14.96
3042,robert jordan,53.0,moralesland,137,almond butter,organic,2024-03-16,1.0,7.69,7.69
3044,michael johnson,40.0,south williamville,148,kale,snack,2024-03-23,3.0,2.9,8.7
3045,megan hill,21.0,wyattmouth,190,granola,dairy,2024-10-14,1.0,4.34,4.34
3047,paul walker,18.0,north brandon,162,tofu,dairy,2024-03-02,2.0,5.69,11.38
3048,bruce kane,71.0,south tarahaven,158,kale,vegetable,2024-11-01,3.0,5.57,16.71
3049,megan thomas,71.0,lake johnton,158,tofu,dairy,2024-10-25,2.0,19.09,38.18
3050,allen turner,26.0,samuelmouth,130,almond butter,vegetable,2024-05-07,2.0,19.8,39.6
3051,david love,24.0,north jonathanview,135,granola,dairy,2024-10-01,113.0,3.7,418.1
3052,katie contreras,29.0,north cheryl,145,fresh milk,organic,2024-07-13,2.0,4.48,8.96
3053,joseph hurst,30.0,dixonmouth,106,granola,vegetable,2024-10-16,4.0,9.5,38.0
3054,eugene ali,53.0,lake victoriachester,141,granola,organic,2024-05-31,4.0,16.9,67.6
3055,william davis,23.0,lake sandrahaven,120,kale,snack,2024-08-05,2.0,17.01,34.02
3056,maurice johnson,52.0,brandyburgh,143,fresh milk,snack,2024-03-03,4.0,16.47,65.88
3057,sherry martinez,44.0,olsonmouth,120,organic apples,snack,2024-02-20,4.0,11.03,44.12
3058,karen bell,22.0,west catherinefurt,175,organic apples,organic,2024-02-16,3.0,15.5,46.5
3059,laura thompson,21.0,south devonborough,173,fresh milk,vegetable,2024-11-01,1.0,6.54,6.54
3060,christopher gregory,78.0,north joshua,126,kale,vegetable,2024-05-12,2.0,1.83,3.66
3061,melanie davis,70.0,north jesusborough,145,organic apples,snack,2024-05-28,2.0,14.71,29.42
3062,jessica clayton,36.0,south kathleen,114,kale,snack,2024-10-22,4.0,12.35,49.4
3063,michael hicks,43.0,east lori,121,organic apples,vegetable,2024-05-02,2.0,18.06,36.12
3064,michael adams,44.0,south daltonfort,119,fresh milk,snack,2024-07-30,3.0,1.61,4.83
3065,sarah bennett,40.0,lopezhaven,111,organic apples,snack,2024-02-09,2.0,12.75,25.5
3066,sandra burnett,61.0,jacobsonville,181,fresh milk,organic,2024-03-18,2.0,11.78,23.56
3067,patrick smith,46.0,garciaberg,138,tofu,organic,2024-04-14,3.0,10.69,32.07
3068,daniel payne,66.0,north mirandaton,122,almond butter,organic,2024-08-12,1.0,13.71,13.71
3069,ethan lewis,35.0,tonyastad,175,organic apples,organic,2024-05-30,3.0,7.9,23.700000000000003
3070,miguel henderson,66.0,lake brianaport,165,granola,dairy,2024-08-16,4.0,1.56,6.24
3071,alicia estes,20.0,port tyler,108,fresh milk,vegetable,2024-06-26,1.0,3.69,3.69
3072,michael richardson,75.0,lanefurt,122,granola,vegetable,2024-08-14,4.0,14.87,59.48
3073,sandra holland,19.0,east nicholasville,128,granola,vegetable,2024-05-31,3.0,12.47,37.41
3074,louis king,37.0,port jamesberg,152,kale,dairy,2024-01-14,4.0,13.97,55.88
3075,joseph alvarez,26.0,hectorside,116,almond butter,dairy,2024-07-06,1.0,4.46,4.46
3076,daniel myers,42.0,duketon,168,organic apples,organic,2024-01-29,1.0,2.16,2.16
3077,deanna brown,49.0,reyesland,132,almond butter,snack,2024-01-25,4.0,7.64,30.56
3078,juan allen,47.0,north todd,163,organic apples,dairy,2024-06-28,2.0,14.07,28.14
3080,james zavala,66.0,north joseville,155,almond butter,dairy,2024-06-17,1.0,15.73,15.73
3081,scott klein,40.0,south samanthashire,145,organic apples,dairy,2024-08-28,2.0,8.77,17.54
3082,melissa johnson,68.0,north mariotown,119,granola,snack,2024-03-31,2.0,19.25,38.5
3083,jessica sanford,44.0,lewisbury,142,organic apples,vegetable,2024-08-17,2.0,11.26,22.52
3084,melinda ross,36.0,jasonstad,162,fresh milk,organic,2024-07-06,1.0,11.63,11.63
3085,betty harper,49.0,underwoodtown,157,kale,organic,2024-05-20,1.0,15.88,15.88
3086,eric jones,50.0,south tanyafurt,169,organic apples,organic,2024-10-15,1.0,4.17,4.17
3087,chelsea hobbs,18.0,dianeside,150,kale,snack,2024-07-23,1.0,12.02,12.02
3088,christopher padilla,21.0,lake jackview,156,fresh milk,organic,2024-07-22,3.0,19.39,58.17
3089,brian allen,68.0,susanborough,154,granola,vegetable,2024-04-27,1.0,16.63,16.63
3090,david garcia,70.0,north michael,177,kale,snack,2024-05-28,3.0,12.15,36.45
3091,rebecca wright,27.0,south vanessa,186,organic apples,snack,2024-09-13,1.0,1.9,1.9
3092,anna watkins,27.0,new melissafurt,151,kale,organic,2024-06-26,4.0,15.32,61.28
3093,samuel taylor,23.0,west john,115,organic apples,dairy,2024-10-27,1.0,16.99,16.99
3094,casey french,67.0,gonzalezland,141,granola,snack,2024-10-01,4.0,11.85,47.4
3095,harold conner,21.0,sullivanville,194,almond butter,dairy,2024-02-16,3.0,14.05,42.150000000000006
3096,mikayla gamble,33.0,west kristin,190,organic apples,vegetable,2024-01-01,1.0,19.22,19.22
3097,taylor barber,46.0,lake david,160,kale,organic,2024-01-06,1.0,19.45,19.45
3098,anthony wheeler,60.0,newcmeganhaven,116,kale,vegetable,2024-06-21,1.0,13.48,13.48
3099,bradley riddle,76.0,south shelia,156,tofu,organic,2024-06-28,1.0,5.5,5.5
3100,jessica young,29.0,bakerborough,134,kale,organic,2024-03-19,3.0,16.07,48.21
3102,george burch,52.0,port michelle,189,almond butter,dairy,2024-05-29,4.0,8.11,32.44
3103,denise brady,20.0,cameronburgh,105,granola,vegetable,2024-09-10,2.0,12.49,24.98
3104,robert saunders,20.0,zamorachester,169,granola,vegetable,2024-07-05,4.0,13.83,55.32
3105,heidi sullivan,58.0,lake jeremiahfort,141,kale,dairy,2024-08-21,3.0,17.59,52.77
3106,tammy nguyen,67.0,garciaport,119,kale,organic,2024-02-13,1.0,13.08,13.08
3107,jason ramirez,30.0,ashleymouth,135,kale,vegetable,2024-09-18,3.0,14.2,42.6
3108,robin thompson,65.0,port jason,164,granola,vegetable,2024-01-10,2.0,4.28,8.56
3109,jason pierce,53.0,lake sara,192,tofu,vegetable,2024-02-11,2.0,4.06,8.12
3110,justin ellis,22.0,burgessmouth,127,tofu,snack,2024-04-09,4.0,12.4,49.6
3111,trevor bowman,56.0,new ryanville,185,granola,vegetable,2024-05-09,2.0,10.93,21.86
3112,alyssa watson,24.0,brownmouth,164,tofu,organic,2024-04-10,4.0,2.07,8.28
3113,jeremiah perry,29.0,olsonhaven,139,fresh milk,organic,2024-07-21,4.0,15.44,61.76
3114,kevin pruitt,45.0,port angela,168,granola,organic,2024-02-12,4.0,12.67,50.68
3115,andrea garcia,60.0,north jeremy,192,almond butter,vegetable,2024-06-03,1.0,16.38,16.38
3116,monica hall,44.0,sosaburgh,157,tofu,organic,2024-10-02,1.0,17.34,17.34
3117,michelle nichols,50.0,michaelbury,126,kale,snack,2024-08-15,4.0,16.94,67.76
3118,james ballard,69.0,jenniferville,161,fresh milk,dairy,2024-02-23,4.0,10.71,42.84
3119,alexander martinez,28.0,west phyllis,193,granola,snack,2024-02-14,4.0,14.16,56.64
3120,angela phillips,50.0,watsonmouth,171,fresh milk,dairy,2024-09-13,3.0,7.95,23.85
3121,amy dorsey,76.0,sheilatown,182,organic apples,snack,2024-11-07,2.0,19.48,38.96
3122,douglas adams,20.0,johnsonborough,113,granola,organic,2024-03-22,3.0,4.87,14.61
3123,diana barber,20.0,new feliciatown,147,fresh milk,snack,2024-03-28,4.0,15.11,60.44
3124,megan mack,25.0,crystalfort,147,almond butter,snack,2024-04-03,3.0,17.69,53.07000000000001
3125,john schwartz,38.0,east jamiechester,113,kale,snack,2024-10-05,4.0,4.91,19.64
3127,whitney reilly,77.0,east robertmouth,159,tofu,vegetable,2024-08-14,1.0,2.99,2.99
3128,jonathan nixon,18.0,brianmouth,135,almond butter,snack,2024-09-07,1.0,2.17,2.17
3129,travis washington,35.0,brianburgh,159,granola,snack,2024-05-28,1.0,9.96,9.96
3130,thomas melendez,68.0,palmerborough,195,kale,organic,2024-06-11,1.0,8.95,8.95
3131,brittany herring,61.0,east dianafort,150,kale,snack,2024-03-24,4.0,12.92,51.68
3132,theodore wells,22.0,taylorhaven,127,granola,dairy,2024-08-19,3.0,4.47,13.41
3133,april white,58.0,lake susan,129,organic apples,vegetable,2024-10-04,4.0,19.21,76.84
3134,darrell evans,64.0,carterfort,177,fresh milk,dairy,2024-02-01,3.0,18.03,54.09
3135,george leach,51.0,greenland,120,kale,dairy,2024-05-17,2.0,13.35,26.7
3136,jennifer medina,72.0,east maria,139,organic apples,dairy,2024-06-26,1.0,17.67,17.67
3137,jeremy morgan,23.0,east joshua,152,tofu,dairy,2024-03-07,1.0,17.02,17.02
3138,tracy rogers,35.0,munozside,125,almond butter,vegetable,2024-05-08,1.0,12.96,12.96
3139,brittany perez,60.0,flemingport,156,almond butter,vegetable,2024-07-04,3.0,10.5,31.5
3140,peter shah,34.0,herrerashire,174,fresh milk,organic,2024-01-29,3.0,18.04,54.12
3141,brandy swanson,63.0,seanland,176,almond butter,organic,2024-04-09,1.0,7.57,7.57
3142,miss jennifer fox,65.0,hollyfort,142,organic apples,snack,2024-11-08,4.0,4.26,17.04
3143,diane ponce,48.0,east kevin,151,tofu,dairy,2024-08-12,4.0,3.88,15.52
3144,anthony ramirez,53.0,east timothy,134,tofu,dairy,2024-09-29,4.0,8.8,35.2
3145,rachel wong,43.0,matthewbury,142,tofu,snack,2024-02-16,4.0,5.75,23.0
3146,mark sims,27.0,north tracey,113,kale,dairy,2024-09-15,1.0,428.91,428.91
3148,samantha gutierrez,39.0,andresborough,145,tofu,vegetable,2024-04-25,3.0,10.86,32.58
3150,edward moran,50.0,port kennethview,178,kale,vegetable,2024-06-14,1.0,13.11,13.11
3151,alice bullock,41.0,haynesport,138,organic apples,snack,2024-01-20,1.0,14.91,14.91
3152,annette hicks,45.0,peggymouth,138,fresh milk,dairy,2024-03-18,4.0,1.27,5.08
3153,robert oliver,26.0,janeborough,187,fresh milk,organic,2024-08-23,4.0,7.78,31.12
3154,juan burnett,69.0,fletcherfurt,143,almond butter,organic,2024-03-04,2.0,19.6,39.2
3156,kristy mercado,22.0,lake sarafort,198,granola,snack,2024-04-08,1.0,11.31,11.31
3157,jacob novak,22.0,garciamouth,148,granola,snack,2024-09-18,4.0,4.14,16.56
3159,joyce chen,47.0,west jessica,139,fresh milk,vegetable,2024-01-11,2.0,13.61,27.22
3160,teresa harper,44.0,jillianchester,194,kale,vegetable,2024-03-11,1.0,6.03,6.03
3161,brandi armstrong,66.0,swansonport,121,fresh milk,vegetable,2024-02-08,3.0,1.61,4.83
3162,kimberly bennett,30.0,maldonadomouth,184,kale,dairy,2024-04-19,1.0,19.51,19.51
3163,matthew martinez,52.0,north edward,106,kale,vegetable,2024-10-06,2.0,16.85,33.7
3164,rachel mcclain,78.0,torresville,172,organic apples,snack,2024-05-14,1.0,16.91,16.91
3165,jacob anderson,31.0,lake christinamouth,189,granola,vegetable,2024-10-13,4.0,8.89,35.56
3166,angela bryan,70.0,christopherview,186,tofu,snack,2024-07-27,4.0,11.64,46.56
3167,brian neal,69.0,south kelly,188,fresh milk,vegetable,2024-05-01,2.0,13.46,26.92
3168,randall shaw,69.0,south jamieburgh,181,granola,vegetable,2024-08-03,4.0,5.84,23.36
3169,erin patton,63.0,richardsonberg,153,kale,organic,2024-09-20,3.0,1.21,3.63
3170,daniel wright,77.0,traceymouth,166,granola,snack,2024-08-09,3.0,17.98,53.94
3171,daniel sellers,41.0,samanthaland,115,almond butter,dairy,2024-09-08,3.0,13.13,39.39
3172,angelica acosta,29.0,west kellyborough,171,granola,snack,2024-03-26,1.0,9.39,9.39
3173,david garcia,50.0,warrenchester,165,almond butter,organic,2024-06-24,3.0,15.38,46.14
3174,david garcia,68.0,mercerville,134,fresh milk,organic,2024-06-07,3.0,12.48,37.44
3175,michael diaz,34.0,maryburgh,172,kale,dairy,2024-02-28,1.0,2.17,2.17
3176,alexandria jarvis,30.0,lake diana,177,organic apples,organic,2024-04-02,3.0,13.97,41.91
3177,anthony cobb,49.0,west kevinshire,124,organic apples,snack,2024-05-01,4.0,1.63,6.52
3178,christopher smith,59.0,kennethburgh,177,almond butter,vegetable,2024-06-28,1.0,18.68,18.68
3179,andrew schultz,50.0,port williefurt,148,granola,vegetable,2024-01-12,1.0,13.3,13.3
3180,kelly anderson,61.0,east jamestown,169,tofu,snack,2024-05-22,2.0,400.32,800.64
3182,donald smith,34.0,howellshire,105,tofu,vegetable,2024-06-07,4.0,18.75,75.0
3183,sabrina barajas,51.0,east deborahburgh,157,organic apples,snack,2024-09-15,4.0,17.09,68.36
3184,jennifer nelson,51.0,west elizabethfurt,130,fresh milk,snack,2024-07-02,4.0,19.03,76.12
3185,kristen elliott,31.0,jacksontown,142,organic apples,vegetable,2024-03-15,3.0,9.9,29.700000000000003
3186,theresa smith,40.0,lake sandra,130,granola,vegetable,2024-02-23,1.0,4.62,4.62
3188,mario barnett,76.0,port brandimouth,169,tofu,snack,2024-03-06,1.0,10.29,10.29
3189,paul buchanan,27.0,paulland,123,almond butter,organic,2024-04-18,3.0,4.33,12.99
3190,johnny wolfe,77.0,barneston,110,organic apples,organic,2024-01-15,4.0,5.52,22.08
3191,patricia munoz,76.0,south derrick,131,almond butter,dairy,2024-06-22,2.0,15.52,31.04
3192,scott moore,70.0,jacksonport,183,almond butter,snack,2024-10-01,4.0,12.35,49.4
3193,maria stevenson,73.0,andreabury,187,organic apples,vegetable,2024-05-09,2.0,15.9,31.8
3194,timothy orr,49.0,davidview,140,kale,dairy,2024-09-27,4.0,10.2,40.8
3195,nicholas myers,70.0,ronpldberg,116,organic apples,organic,2024-02-17,2.0,9.73,19.46
3196,katherine pitts,42.0,west samanthastad,129,organic apples,organic,2024-11-05,1.0,13.17,13.17
3197,mark farrell,58.0,codyville,152,almond butter,dairy,2024-10-01,2.0,11.87,23.74
3198,melissa hansen,36.0,new bethanyview,199,almond butter,organic,2024-08-23,4.0,7.0,28.0
3199,charlotte santos,58.0,brooksview,105,kale,vegetable,2024-06-21,1.0,8.2,8.2
3200,heather bowers,32.0,lake jessica,114,granola,vegetable,2024-01-22,3.0,7.91,23.73
3201,willie adkins,53.0,north teresafort,107,organic apples,organic,2024-04-29,3.0,3.6,10.8
3202,jane west,77.0,calhounfort,126,tofu,organic,2024-06-10,4.0,4.3,17.2
3204,amanda warren,51.0,east jennifer,105,organic apples,snack,2024-08-20,2.0,18.68,37.36
3205,diana jones,58.0,west davidborough,149,fresh milk,organic,2024-05-12,3.0,3.66,10.98
3207,joshua miller,74.0,lake leefurt,141,fresh milk,organic,2024-10-18,3.0,3.77,11.31
3208,maria elliott,19.0,west amber,157,organic apples,snack,2024-06-30,2.0,6.24,12.48
3209,gregory mcbride,26.0,scotthaven,109,granola,vegetable,2024-10-31,2.0,16.37,32.74
3210,emily smith,71.0,west nicholas,142,fresh milk,organic,2024-05-08,3.0,16.46,49.38
3211,melissa nguyen,39.0,west matthew,141,granola,organic,2024-01-13,4.0,6.19,24.76
3212,christine lee,38.0,west meganport,150,almond butter,vegetable,2024-05-11,3.0,10.67,32.01
3213,clarence walter,24.0,west karenbury,161,granola,organic,2024-05-01,2.0,11.91,23.82
3214,andrew alvarado,41.0,garciahaven,156,almond butter,organic,2024-05-11,3.0,13.83,41.49
3215,frank oconnell,22.0,dennisview,179,tofu,vegetable,2024-06-08,3.0,12.3,36.900000000000006
3216,mark henry,54.0,port ryanshire,131,almond butter,dairy,2024-01-17,3.0,4.69,14.07
3217,timothy berger,22.0,whitebury,189,fresh milk,organic,2024-02-11,2.0,19.33,38.66
3218,vernon mata,49.0,new lee,166,tofu,vegetable,2024-03-23,1.0,19.29,19.29
3219,shirley cunningham,70.0,jennashire,100,tofu,dairy,2024-04-19,2.0,12.71,25.42
3220,stephanie green,34.0,thomasport,140,fresh milk,dairy,2024-06-08,1.0,19.16,19.16
3221,diana anderson,75.0,port alexanderfort,180,kale,organic,2024-08-15,3.0,14.07,42.21
3222,gary aguilar,24.0,east sydney,199,granola,organic,2024-08-22,3.0,15.78,47.34
3223,james miller,77.0,south sherri,198,fresh milk,dairy,2024-06-20,2.0,7.65,15.3
3224,mr. aaron washington,69.0,west wendy,171,fresh milk,snack,2024-05-08,3.0,4.77,14.31
3225,christy sandoval,54.0,lake courtneyfurt,108,granola,organic,2024-02-21,3.0,14.21,42.63
3226,kimberly hansen,48.0,north shane,104,granola,organic,2024-06-06,2.0,17.48,34.96
3227,jason roberts,56.0,port edwardburgh,154,fresh milk,snack,2024-10-20,3.0,9.09,27.27
3228,dean cummings,60.0,new joseph,194,organic apples,organic,2024-07-16,3.0,14.19,42.57
3229,rachel morales,68.0,east linda,124,organic apples,vegetable,2024-06-19,3.0,6.5,19.5
3230,rebecca watson,62.0,millerborough,158,almond butter,dairy,2024-01-17,2.0,13.89,27.78
3231,luke jones,70.0,east kristopherchester,114,fresh milk,dairy,2024-01-03,2.0,8.13,16.26
3232,jesse smith,35.0,madisonport,106,kale,dairy,2024-09-27,1.0,8.6,8.6
3233,vicki zavala,52.0,brownfort,133,tofu,dairy,2024-06-01,1.0,6.95,6.95
3234,morgan young,66.0,wilkinsonberg,128,tofu,dairy,2024-10-25,3.0,16.83,50.49
3235,lauren mcmahon,25.0,jackieport,131,kale,organic,2024-02-16,2.0,4.53,9.06
3236,dr. anna lopez,20.0,matthewfort,186,tofu,vegetable,2024-01-21,1.0,2.53,2.53
3237,meagan higgins,24.0,north joshua,164,kale,dairy,2024-09-13,1.0,9.79,9.79
3238,patrick obrien,20.0,port billy,155,fresh milk,organic,2024-10-05,4.0,4.87,19.48
3239,christina mays,22.0,new heatherburgh,106,granola,dairy,2024-01-24,4.0,13.08,52.32
3240,steven lowe,36.0,east christopher,192,organic apples,organic,2024-01-08,3.0,6.23,18.69
3241,john foster,61.0,owensfurt,102,tofu,snack,2024-08-24,4.0,6.99,27.96
3242,patricia barr,29.0,port lisahaven,117,organic apples,dairy,2024-06-20,140.0,16.05,2247.0
3243,robert gonzalez,37.0,east roy,179,organic apples,vegetable,2024-08-03,4.0,3.77,15.08
3244,mr. brian white jr.,68.0,east john,192,fresh milk,snack,2024-10-25,4.0,12.88,51.52
3245,christina hayden,26.0,east brendamouth,151,organic apples,vegetable,2024-10-19,1.0,19.44,19.44
3247,alison perry,79.0,west briana,130,granola,snack,2024-04-19,149.0,8.62,1284.38
3248,kathryn hartman,21.0,parkerside,142,almond butter,organic,2024-03-10,3.0,15.92,47.76
3249,jeremy morris,46.0,brandtbury,197,kale,dairy,2024-08-03,4.0,7.19,28.76
3250,pamela mack,28.0,port lindsey,105,fresh milk,vegetable,2024-04-22,3.0,4.76,14.28
3251,raymond hanna,37.0,stephaniestad,169,kale,vegetable,2024-01-05,1.0,6.66,6.66
3252,erin simmons,68.0,port nancystad,165,organic apples,snack,2024-01-31,3.0,8.72,26.160000000000004
3253,carly weeks,21.0,port kaitlyn,155,organic apples,snack,2024-02-18,3.0,6.08,18.24
3254,francisco hall,78.0,michelleburgh,125,granola,vegetable,2024-03-24,4.0,12.03,48.12
3255,kevin baker,25.0,veronicaborough,166,tofu,vegetable,2024-05-16,2.0,5.35,10.7
3256,edwin richards,38.0,jamesland,181,organic apples,dairy,2024-03-24,2.0,14.54,29.08
3257,caitlin mcgee,48.0,joanneshire,133,almond butter,organic,2024-03-02,3.0,18.82,56.46
3259,stephanie scott,79.0,new james,130,fresh milk,snack,2024-10-30,2.0,14.34,28.68
3260,arthur humphrey,66.0,lake jon,136,organic apples,organic,2024-09-27,3.0,5.75,17.25
3261,mario hunt,75.0,north benjamin,176,fresh milk,vegetable,2024-01-23,2.0,16.17,32.34
3262,isabella harris,28.0,stephenstad,142,organic apples,dairy,2024-09-21,3.0,18.37,55.11
3263,catherine burns,79.0,jamesview,185,fresh milk,dairy,2024-10-15,4.0,3.42,13.68
3264,dustin marks,64.0,kennethville,190,kale,vegetable,2024-06-17,4.0,4.67,18.68
3265,jonathan jimenez md,51.0,west matthew,166,almond butter,organic,2024-10-19,3.0,12.96,38.88
3266,susan neal,30.0,schneidershire,149,organic apples,dairy,2024-04-17,4.0,2.37,9.48
3267,kelsey watson,36.0,deleonfort,122,organic apples,organic,2024-08-25,1.0,16.26,16.26
3268,corey johnson,44.0,morrisville,136,almond butter,vegetable,2024-08-30,3.0,15.64,46.92
3269,rachel mora,36.0,port kathy,114,tofu,organic,2024-02-18,4.0,12.79,51.16
3270,matthew lin,35.0,lake tracychester,163,almond butter,vegetable,2024-06-27,1.0,8.33,8.33
3271,valerie kelly,52.0,new josemouth,123,organic apples,snack,2024-04-27,3.0,6.66,19.98
3272,timothy rogers,55.0,west jasmine,158,granola,snack,2024-08-22,1.0,9.04,9.04
3273,peter ramirez,20.0,east seanfort,145,organic apples,snack,2024-05-23,4.0,5.41,21.64
3274,brandon humphrey,33.0,new heidi,118,tofu,organic,2024-01-30,4.0,4.03,16.12
3275,sarah russell,68.0,bruceview,127,kale,snack,2024-10-15,4.0,19.48,77.92
3276,hunter johnson,22.0,shawnberg,110,kale,snack,2024-04-04,3.0,10.35,31.05
3277,michaela jones,59.0,port hannahmouth,170,tofu,snack,2024-02-28,2.0,4.24,8.48
3278,brent bennett,64.0,lake rebecca,118,tofu,vegetable,2024-02-05,4.0,2.97,11.88
3279,john davidson,73.0,ingramfort,183,fresh milk,snack,2024-07-04,2.0,17.3,34.6
3280,lisa arellano,41.0,kylefort,142,organic apples,dairy,2024-08-19,1.0,8.76,8.76
3281,amy parker,33.0,lake kendratown,119,almond butter,organic,2024-10-16,4.0,6.99,27.96
3282,jeanne ryan,32.0,christineville,168,kale,vegetable,2024-06-14,1.0,5.84,5.84
3283,erica pena,73.0,jenniferton,119,organic apples,organic,2024-08-07,4.0,11.97,47.88
3284,samuel adkins,56.0,new benjamintown,141,kale,snack,2024-07-29,3.0,7.06,21.18
3285,nathan taylor,67.0,new brianshire,126,organic apples,dairy,2024-02-12,2.0,3.4,6.8
3286,eric rivera,19.0,west james,128,almond butter,dairy,2024-06-03,3.0,13.63,40.89
3287,mary leon md,28.0,east todd,157,tofu,dairy,2024-10-30,3.0,8.72,26.160000000000004
3288,robert garcia,18.0,hillton,180,almond butter,dairy,2024-10-03,1.0,1.08,1.08
3289,kenneth forbes,60.0,new leslie,198,granola,snack,2024-01-27,2.0,8.94,17.88
3290,paul luna,72.0,adkinshaven,164,fresh milk,vegetable,2024-08-24,3.0,14.58,43.74
3291,paul white,66.0,west joseph,107,organic apples,dairy,2024-01-18,2.0,13.4,26.8
3292,jessica jennings,20.0,west abigailmouth,198,fresh milk,vegetable,2024-01-18,3.0,5.67,17.009999999999998
3293,david osborn,61.0,north nicholas,147,tofu,dairy,2024-02-05,1.0,7.57,7.57
3294,jeffrey taylor,75.0,dickersonport,177,kale,organic,2024-01-22,3.0,7.6,22.8
3295,tyler ewing,64.0,michellechester,142,tofu,snack,2024-04-26,4.0,13.78,55.12
3296,roy soto,44.0,taylorview,149,granola,vegetable,2024-09-07,4.0,8.13,32.52
3297,kristin thompson,44.0,south victoria,104,tofu,dairy,2024-03-20,1.0,5.77,5.77
3300,kendra johnson,39.0,santanashire,130,tofu,snack,2024-05-30,2.0,17.28,34.56
3301,alexander johnson,69.0,cummingsview,135,organic apples,vegetable,2024-05-05,3.0,6.14,18.42
3302,deborah todd,21.0,dylanburgh,146,fresh milk,dairy,2024-04-10,4.0,19.78,79.12
3303,donna blake,31.0,bryanville,194,almond butter,dairy,2024-10-09,2.0,3.32,6.64
3304,rachel richmond,77.0,julieville,130,organic apples,dairy,2024-08-29,2.0,2.01,4.02
3305,cynthia conway,79.0,port lorihaven,140,granola,snack,2024-10-22,2.0,14.17,28.34
3306,michael beasley,74.0,east kristin,162,fresh milk,dairy,2024-09-27,3.0,1.5,4.5
3307,deborah martin,64.0,east robert,141,tofu,organic,2024-11-02,2.0,18.93,37.86
3308,renee rasmussen,21.0,joelfurt,122,fresh milk,dairy,2024-03-05,1.0,5.93,5.93
3309,dakota clark,70.0,west ethan,126,granola,snack,2024-04-07,1.0,3.65,3.65
3310,emma barker,60.0,new beth,190,granola,vegetable,2024-01-10,1.0,15.21,15.21
3311,michael harmon,19.0,lake ericaburgh,140,fresh milk,snack,2024-06-05,1.0,9.6,9.6
3312,isabel baker,44.0,west jamiefort,182,fresh milk,dairy,2024-01-17,4.0,8.67,34.68
3313,tyler stewart,58.0,port tim,189,organic apples,vegetable,2024-03-04,3.0,13.7,41.1
3314,brandy lopez,77.0,simmonston,162,fresh milk,dairy,2024-04-17,2.0,19.41,38.82
3315,sarah williams,39.0,katiefurt,117,tofu,dairy,2024-03-27,4.0,7.77,31.08
3316,melissa kim,18.0,diazstad,142,fresh milk,dairy,2024-03-30,1.0,5.85,5.85
3317,steven hanna,54.0,east david,150,granola,dairy,2024-08-12,4.0,4.31,17.24
3318,rebecca sullivan,75.0,port garrettchester,105,kale,dairy,2024-06-04,3.0,2.83,8.49
3319,cory thompson,28.0,east elizabeth,155,almond butter,vegetable,2024-02-24,3.0,1.15,3.45
3320,brittney williams,66.0,elizabethfurt,170,almond butter,vegetable,2024-09-10,4.0,18.11,72.44
3321,david allen,26.0,desireestad,139,almond butter,vegetable,2024-04-13,2.0,1.42,2.84
3322,bradley russell,36.0,north jaredtown,184,almond butter,vegetable,2024-07-11,3.0,8.05,24.15
3323,thomas olsen,61.0,east ashley,183,kale,vegetable,2024-09-15,4.0,2.1,8.4
3324,christopher hester,32.0,port scottmouth,190,organic apples,snack,2024-06-14,2.0,2.94,5.88
3325,maria rojas,41.0,walshstad,133,fresh milk,dairy,2024-05-04,2.0,16.43,32.86
3326,ashley johnson,40.0,new laura,105,fresh milk,vegetable,2024-03-25,3.0,1.84,5.5200000000000005
3327,charles brown,18.0,candicechester,171,kale,snack,2024-07-30,2.0,1.38,2.76
3328,jennifer jennings,23.0,south nicholasborough,164,granola,vegetable,2024-08-16,4.0,3.1,12.4
3329,lawrence forbes,41.0,west melissa,188,kale,snack,2024-08-02,2.0,17.39,34.78
3330,alyssa jenkins,72.0,port dean,142,fresh milk,dairy,2024-08-24,1.0,18.69,18.69
3331,janice warren,72.0,kimberlyfurt,176,tofu,organic,2024-05-28,3.0,10.29,30.87
3332,james lloyd,26.0,north donaldchester,183,fresh milk,organic,2024-08-04,1.0,9.78,9.78
3333,ashley fitzgerald md,65.0,lake kaitlynfurt,105,tofu,vegetable,2024-09-01,2.0,11.99,23.98
3334,mr. roger jefferson,47.0,east victoriaborough,196,granola,dairy,2024-05-23,2.0,11.87,23.74
3335,oscar grant,59.0,west mandy,165,granola,organic,2024-06-12,3.0,7.44,22.32
3336,thomas harris,38.0,west mary,145,organic apples,dairy,2024-02-25,2.0,8.4,16.8
3337,justin norris,34.0,north sarahport,168,almond butter,organic,2024-07-09,2.0,17.13,34.26
3338,austin odom,29.0,santanaland,198,almond butter,vegetable,2024-06-30,2.0,3.89,7.78
3339,dr. kenneth reyes,29.0,new robert,122,granola,vegetable,2024-05-30,2.0,7.44,14.88
3340,lisa tate,57.0,williamhaven,128,organic apples,snack,2024-04-11,3.0,7.17,21.51
3341,zachary lewis,74.0,debbiestad,138,fresh milk,organic,2024-06-17,1.0,4.73,4.73
3342,sergio adams,63.0,tiffanymouth,115,fresh milk,vegetable,2024-06-13,1.0,19.74,19.74
3343,manuel hunt,62.0,cervanteshaven,148,organic apples,dairy,2024-06-10,1.0,8.43,8.43
3344,blake oconnor,57.0,east kevin,174,fresh milk,snack,2024-10-14,1.0,5.16,5.16
3346,sherry munoz,28.0,port patrick,182,granola,vegetable,2024-06-12,4.0,18.14,72.56
3347,matthew adams,71.0,davidside,137,granola,vegetable,2024-02-12,2.0,16.23,32.46
3348,melissa lewis,33.0,lake craig,141,kale,dairy,2024-04-24,4.0,4.67,18.68
3349,jeffery griffin,38.0,new tracifort,120,almond butter,dairy,2024-09-21,1.0,19.33,19.33
3350,joseph bryant,69.0,marshallfort,160,granola,dairy,2024-07-08,2.0,15.84,31.68
3351,suzanne schneider,47.0,rachelstad,135,fresh milk,dairy,2024-02-03,3.0,7.72,23.16
3352,joshua garcia,64.0,east gregorystad,193,tofu,dairy,2024-04-20,2.0,16.19,32.38
3353,brian johnson,26.0,lake sherrybury,194,almond butter,dairy,2024-09-14,2.0,7.48,14.96
3354,ethan best,32.0,lake madisonfurt,108,organic apples,dairy,2024-06-05,4.0,5.87,23.48
3355,melissa smith,25.0,new kevinport,158,kale,dairy,2024-04-26,2.0,2.55,5.1
3356,drew thomas,74.0,breedaport,147,organic apples,snack,2024-02-01,2.0,4.77,9.54
3357,megan friedman,57.0,jonathanmouth,106,fresh milk,organic,2024-02-17,4.0,5.61,22.44
3358,andrew williams,72.0,east amyside,154,fresh milk,vegetable,2024-03-01,1.0,8.13,8.13
3359,michael lyons,39.0,new john,106,kale,dairy,2024-01-31,3.0,11.65,34.95
3360,christopher smith,61.0,anthonyview,163,granola,dairy,2024-06-23,3.0,3.62,10.86
3361,brittany luna,41.0,lake carolyn,176,fresh milk,vegetable,2024-04-14,2.0,2.51,5.02
3362,michael davis,45.0,west lydiaport,143,almond butter,vegetable,2024-03-25,2.0,5.54,11.08
3363,michele cabrera,31.0,jordanhaven,183,kale,organic,2024-07-22,1.0,7.41,7.41
3364,david harmon,43.0,krystalmouth,184,almond butter,dairy,2024-01-31,2.0,17.05,34.1
3365,amy turner,40.0,east andrewton,140,organic apples,vegetable,2024-01-31,4.0,8.74,34.96
3366,cody chavez,67.0,north samuel,130,organic apples,vegetable,2024-10-22,3.0,11.54,34.62
3367,michelle griffith,43.0,cherryberg,109,organic apples,organic,2024-11-02,2.0,12.1,24.2
3368,andrew tran,46.0,andersonton,138,granola,snack,2024-09-20,4.0,7.95,31.8
3369,donald greene,34.0,littleside,139,granola,dairy,2024-05-08,2.0,4.41,8.82
3370,melissa roach,38.0,jonesbury,181,almond butter,organic,2024-07-27,3.0,12.69,38.07
3371,dawn martinez,53.0,stewarttown,194,kale,dairy,2024-04-28,2.0,18.29,36.58
3372,katherine miller,35.0,kelseyburgh,169,fresh milk,vegetable,2024-06-26,3.0,9.82,29.46
3373,robert blair,35.0,lake gabrielashire,155,fresh milk,vegetable,2024-08-07,1.0,5.76,5.76
3374,karen reynolds,67.0,anthonyport,181,fresh milk,dairy,2024-10-24,4.0,12.05,48.2
3375,mary humphrey,36.0,port michaelville,188,granola,dairy,2024-08-30,1.0,17.45,17.45
3376,thomas frederick,46.0,andrewsmouth,197,almond butter,dairy,2024-09-24,1.0,18.28,18.28
3377,andrew morales,50.0,port raymond,177,tofu,vegetable,2024-01-27,3.0,15.4,46.2
3379,amber miller,20.0,lake shannonberg,134,fresh milk,vegetable,2024-02-22,2.0,17.41,34.82
3380,jeff harris,34.0,brianville,199,almond butter,dairy,2024-07-05,1.0,19.92,19.92
3381,mark wong,22.0,new william,172,kale,organic,2024-09-08,1.0,9.07,9.07
3382,brian klein,67.0,new donna,157,organic apples,dairy,2024-01-06,3.0,10.62,31.86
3383,eugene berry,60.0,collinsshire,165,tofu,dairy,2024-05-27,1.0,3.8,3.8
3384,alyssa mcneil,59.0,brendanmouth,119,granola,vegetable,2024-10-10,3.0,1.69,5.07
3385,clayton davis,46.0,south jimmyfort,133,granola,organic,2024-03-05,2.0,6.26,12.52
3386,david cohen,71.0,new michaelmouth,185,organic apples,vegetable,2024-06-25,1.0,7.43,7.43
3388,sara kaufman,53.0,port zacharyborough,180,granola,vegetable,2024-06-26,1.0,13.48,13.48
3389,tina foster,77.0,west ashleychester,188,kale,dairy,2024-09-12,4.0,8.9,35.6
3390,george wagner,74.0,north stephanieview,117,almond butter,snack,2024-05-29,140.0,12.04,1685.6
3391,christy ellison,48.0,lake tracyland,140,almond butter,organic,2024-09-22,3.0,16.29,48.87
3392,david jackson,62.0,luismouth,132,tofu,vegetable,2024-04-20,1.0,16.45,16.45
3393,yolanda knight,49.0,new shannonport,189,fresh milk,organic,2024-01-30,2.0,4.1,8.2
3394,thomas gallegos,79.0,port danielview,127,organic apples,organic,2024-02-28,3.0,6.16,18.48
3395,kenneth dean,66.0,josephside,188,fresh milk,vegetable,2024-01-29,3.0,12.83,38.49
3396,richard hartman,19.0,north diane,105,organic apples,dairy,2024-01-24,1.0,12.45,12.45
3397,louis estrada,79.0,jordanville,177,fresh milk,snack,2024-09-30,1.0,6.54,6.54
3398,adam johnson,25.0,alexanderfurt,172,almond butter,dairy,2024-01-23,4.0,5.57,22.28
3399,mrs. charlotte murphy md,76.0,dorseymouth,137,fresh milk,snack,2024-06-04,2.0,9.94,19.88
3400,bethany moore,76.0,west jose,149,kale,organic,2024-09-02,2.0,18.84,37.68
3401,joe black,22.0,erikmouth,164,kale,dairy,2024-08-09,4.0,13.66,54.64
3402,laura eaton,28.0,new karenview,141,tofu,vegetable,2024-07-07,3.0,13.6,40.8
3403,joe white,67.0,north ryanborough,155,organic apples,dairy,2024-05-06,1.0,8.85,8.85
3404,alexander james,57.0,millertown,195,almond butter,vegetable,2024-04-17,2.0,17.75,35.5
3405,jonathan walters,77.0,north joshua,159,kale,organic,2024-07-03,1.0,13.58,13.58
3406,wayne hernandez,73.0,east jason,164,granola,snack,2024-02-13,3.0,16.42,49.260000000000005
3407,christopher lloyd,30.0,bethanyview,155,kale,snack,2024-02-26,2.0,16.06,32.12
3408,justin mcbride,24.0,laka alexland,162,tofu,vegetable,2024-08-12,2.0,2.43,4.86
3409,laurie doyle,22.0,wesg reginald,194,tofu,organic,2024-08-10,1.0,4.76,4.76
3410,adam kerr,50.0,adamsborough,162,almond butter,organic,2024-01-04,1.0,7.12,7.12
3411,alison lamb,46.0,janebury,113,almond butter,snack,2024-08-29,3.0,1.69,5.07
3412,dr. natalie ramirez,57.0,north toddburgh,177,kale,organic,2024-03-31,4.0,4.26,17.04
3415,john alexander,27.0,lake benjamin,152,kale,organic,2024-07-31,3.0,3.04,9.12
3416,ryan liu,56.0,lake greggmouth,127,tofu,dairy,2024-06-13,4.0,10.76,43.04
3417,karen santos,65.0,morrisonstad,175,kale,snack,2024-04-22,2.0,11.67,23.34
3418,mason rodriguez,77.0,east markside,152,organic apples,snack,2024-05-05,4.0,1.94,7.76
3419,brittany mooney,46.0,port andreaport,158,kale,vegetable,2024-05-11,3.0,8.87,26.61
3420,elizabeth reed,74.0,carpenterville,158,kale,vegetable,2024-02-04,1.0,4.07,4.07
3421,amy cruz,57.0,tarahaven,126,granola,organic,2024-02-25,4.0,18.64,74.56
3422,joseph hall,63.0,josephshire,155,fresh milk,organic,2024-01-23,2.0,6.67,13.34
3423,erin knapp,61.0,east lorimouth,127,granola,vegetable,2024-05-02,1.0,18.95,18.95
3424,allison garcia,44.0,wongbury,190,fresh milk,dairy,2024-09-17,2.0,389.89,779.78
3425,samuel allen,27.0,dawnhaven,163,organic apples,vegetable,2024-05-20,4.0,7.04,28.16
3426,richard clay,44.0,palmerhaven,168,granola,vegetable,2024-03-21,2.0,1.59,3.18
3427,jasmin sanchez,57.0,east stevenfort,150,almond butter,snack,2024-11-08,3.0,7.83,23.49
3428,kayla olsen,44.0,south jamesland,151,almond butter,organic,2024-02-21,1.0,5.12,5.12
3429,jeremy martin,75.0,north william,169,organic apples,organic,2024-10-13,4.0,17.74,70.96
3430,mark barr,27.0,courtneyshire,102,organic apples,dairy,2024-07-22,4.0,11.5,46.0
3431,robert cook,78.0,west travisville,120,kale,organic,2024-07-21,2.0,3.28,6.56
3432,gregory martinez,79.0,west nathanfurt,195,almond butter,dairy,2024-02-26,4.0,14.99,59.96
3433,joshua hernandez,29.0,olivermouth,174,kale,vegetable,2024-05-25,3.0,18.28,54.84
3434,sarah deleon,51.0,east jennifer,117,almond butter,vegetable,2024-08-11,2.0,10.51,21.02
3435,jordan phelps,42.0,amandaburgh,199,organic apples,organic,2024-08-09,4.0,4.45,17.8
3436,marcus armstrong,27.0,lake karahaven,110,organic apples,organic,2024-07-06,2.0,7.82,15.64
3437,james washington,72.0,wilsonport,183,fresh milk,organic,2024-10-16,2.0,18.39,36.78
3438,richard archer,51.0,olsonmouth,133,tofu,dairy,2024-09-27,1.0,5.92,5.92
3439,michael williams,19.0,porb michael,125,organic apples,organic,2024-09-28,4.0,14.49,57.96
3440,chad barker,24.0,smithfort,121,organic apples,snack,2024-04-19,4.0,1.99,7.96
3441,bobby cole,73.0,south brenda,158,kale,organic,2024-01-08,4.0,1.48,5.92
3442,kayla vazquez,74.0,south jaimeport,121,granola,dairy,2024-01-24,4.0,1.98,7.92
3443,larry nunez,26.0,south nicholas,175,fresh milk,organic,2024-01-12,2.0,18.92,37.84
3444,richard gutierrez,20.0,new lisa,160,fresh milk,organic,2024-04-17,158.0,2.67,421.86
3446,james lopez,27.0,jimenezshire,153,kale,organic,2024-01-19,1.0,13.13,13.13
3447,anthony hernandez,69.0,rodriguezville,187,almond butter,vegetable,2024-04-27,4.0,16.07,64.28
3448,ashley spencer,63.0,larrymouth,138,kale,organic,2024-10-11,2.0,18.77,37.54
3449,nicole mcdonald,47.0,lake douglasport,106,tofu,organic,2024-02-12,1.0,12.88,12.88
3450,lauren schultz,33.0,north crystalland,163,organic apples,dairy,2024-07-01,4.0,17.17,68.68
3451,denise taylor,52.0,keithfurt,117,fresh milk,dairy,2024-09-09,2.0,15.41,30.82
3452,sarah thomas,43.0,east lisastad,149,fresh milk,dairy,2024-02-21,2.0,10.59,21.18
3453,joseph smith,62.0,north nancy,177,kale,snack,2024-09-26,1.0,12.52,12.52
3454,jeffrey calhoun,56.0,weaverfurt,194,tofu,organic,2024-09-14,1.0,14.8,14.8
3455,john ford,36.0,east justinview,198,almond butter,vegetable,2024-03-04,2.0,7.31,14.62
3456,nicole moody,53.0,lake angelaport,195,granola,dairy,2024-09-17,2.0,1.55,3.1
3458,christopher smith,78.0,new stacey,163,tofu,vegetable,2024-01-08,2.0,19.37,38.74
3459,david morris,21.0,amybury,190,fresh milk,vegetable,2024-06-02,2.0,1.51,3.02
3460,wayne monroe,40.0,new anthony,150,granola,organic,2024-08-06,2.0,10.83,21.66
3461,dennis sandoval,55.0,bowerstown,176,kale,snack,2024-06-26,2.0,7.38,14.76
3462,faith oconnell,61.0,turnerland,168,fresh milk,vegetable,2024-04-20,1.0,14.24,14.24
3463,susan ferguson,44.0,lake natalieland,148,granola,vegetable,2024-03-11,3.0,7.14,21.42
3464,carlos smith,20.0,suzannefort,161,tofu,dairy,2024-09-14,4.0,18.68,74.72
3465,dr. stephanie stephens md,47.0,velezside,145,organic apples,snack,2024-06-25,4.0,6.13,24.52
3466,christina shea,51.0,port shaneshire,117,fresh milk,snack,2024-03-19,1.0,3.44,3.44
3467,stephen flores,58.0,cardenasmouth,192,granola,organic,2024-01-06,2.0,2.54,5.08
3468,daniel cardenas,41.0,east john,160,almond butter,dairy,2024-09-26,4.0,1.94,7.76
3469,michele delgado,33.0,kevintown,185,fresh milk,vegetable,2024-10-13,4.0,15.48,61.92
3470,rebecca smith,35.0,port danielhaven,139,kale,vegetable,2024-03-23,2.0,13.62,27.24
3471,david ford,75.0,east sandraborough,147,almond butter,vegetable,2024-02-26,4.0,16.43,65.72
3472,heidi glenn,29.0,wheelerport,171,almond butter,dairy,2024-07-13,1.0,9.32,9.32
3473,timothy pennington,40.0,richardshire,164,tofu,dairy,2024-06-16,2.0,15.24,30.48
3475,victoria boone,42.0,boltonland,128,fresh milk,snack,2024-02-16,2.0,4.26,8.52
3476,mrs. donna taylor dds,61.0,lake lisa,125,tofu,vegetable,2024-09-05,4.0,15.85,63.4
3477,emily mcclure,53.0,lake nathanburgh,177,tofu,dairy,2024-03-04,4.0,9.47,37.88
3478,jason berry,58.0,south shannonchester,166,organic apples,organic,2024-04-05,2.0,14.33,28.66
3479,melinda santiago,48.0,west michaeltown,168,almond butter,vegetable,2024-05-28,3.0,9.08,27.24
3480,christopher hunter,39.0,mendezhaven,115,kale,vegetable,2024-01-03,1.0,6.33,6.33
3481,jennifer stewart,18.0,hensleytown,186,granola,organic,2024-10-15,1.0,17.11,17.11
3482,andrea thompson,44.0,port kennethchester,177,almond butter,dairy,2024-02-24,2.0,15.09,30.18
3483,richard clarke,36.0,downsmouth,154,fresh milk,vegetable,2024-05-23,2.0,17.73,35.46
3484,michael jensen,68.0,new nicole,128,almond butter,dairy,2024-02-20,1.0,3.27,3.27
3485,heidi watson,61.0,new cynthia,118,almond butter,dairy,2024-07-22,2.0,7.27,14.54
3486,john taylor,49.0,north kendra,164,kale,organic,2024-08-13,1.0,14.93,14.93
3487,samantha welch,70.0,danielleville,195,granola,snack,2024-01-28,1.0,15.23,15.23
3488,justin simon,25.0,west james,145,kale,snack,2024-07-26,1.0,14.75,14.75
3489,debra reyes,29.0,jarldton,199,organic apples,dairy,2024-09-12,2.0,10.65,21.3
3490,rhonda young,70.0,new melissaburgh,137,kale,dairy,2024-01-16,1.0,9.88,9.88
3491,william chan,63.0,lake denisebury,168,granola,vegetable,2024-09-04,3.0,18.16,54.48
3492,lynn williams,67.0,east karl,146,tofu,dairy,2024-05-03,1.0,19.86,19.86
3493,sean lee,58.0,west sandra,165,almond butter,snack,2024-11-06,1.0,12.72,12.72
3494,sierra king,68.0,mariahfort,168,tofu,organic,2024-03-08,179.0,421.65,75475.34999999999
3495,stacy peterson,36.0,west james,190,organic apples,dairy,2024-05-19,2.0,10.29,20.58
3496,stephen gonzales,37.0,hickmanborough,181,almond butter,organic,2024-01-22,4.0,6.01,24.04
3497,aaron massey,33.0,new angelica,103,kale,dairy,2024-11-02,4.0,6.96,27.84
3498,maria dixon,77.0,jenningsburgh,114,kale,dairy,2024-09-04,1.0,18.99,18.99
3499,julia buchanan,43.0,port heidi,106,organic apples,dairy,2024-08-08,3.0,3.26,9.78
3500,robert kane jr.,69.0,north regina,133,almond butter,organic,2024-02-02,1.0,4.04,4.04
3501,mark frank,30.0,hancockfurt,115,organic apples,dairy,2024-03-22,3.0,17.59,52.77
3502,nathan perez,75.0,north katherine,135,kale,snack,2024-06-04,2.0,6.41,12.82
3503,craig jefferson,54.0,heidimouth,169,tofu,dairy,2024-06-03,1.0,10.75,10.75
3504,erica torres,26.0,east ronaldfurt,103,granola,dairy,2024-10-01,4.0,3.09,12.36
3505,alicia mcdaniel,71.0,south martin,106,almond butter,vegetable,2024-06-28,1.0,19.75,19.75
3506,lisa ford,49.0,loganport,180,almond butter,dairy,2024-01-19,2.0,11.26,22.52
3507,rhonda brown,22.0,east markhaven,180,kale,vegetable,2024-05-17,2.0,17.32,34.64
3508,ryan hernandez,62.0,thompsonville,197,kale,snack,2024-10-08,4.0,4.09,16.36
3509,robert santana,30.0,terrichester,195,fresh milk,dairy,2024-07-06,1.0,17.52,17.52
3510,cassie wright,22.0,south jasonshire,103,fresh milk,dairy,2024-06-23,2.0,13.06,26.12
3511,benjamin hopkins,59.0,quinnton,115,tofu,organic,2024-10-27,2.0,4.23,8.46
3512,tonya tucker,47.0,cherylfort,135,kale,snack,2024-02-29,4.0,5.76,23.04
3513,evan mcclain,27.0,south amy,168,fresh milk,vegetable,2024-07-31,4.0,15.7,62.8
3514,alfred garcia,58.0,lake glenbury,102,kale,vegetable,2024-08-26,1.0,12.68,12.68
3515,joseph kirk,62.0,port lesliemouth,126,organic apples,vegetable,2024-08-08,1.0,1.53,1.53
3516,angela brooks,19.0,carlosberg,180,tofu,snack,2024-07-11,1.0,16.77,16.77
3517,cassandra diaz,77.0,lake carlosbury,126,granola,dairy,2024-08-01,2.0,8.64,17.28
3518,micheal harris,33.0,west christopherfurt,110,organic apples,snack,2024-11-06,1.0,13.7,13.7
3519,megan jimenez,50.0,lake elizabeth,171,granola,snack,2024-04-28,4.0,2.45,9.8
3520,zachary wilson,51.0,weeksborough,153,organic apples,vegetable,2024-04-18,4.0,3.6,14.4
3521,nicole herrera,52.0,port matthew,182,kale,snack,2024-03-31,3.0,9.98,29.94
3522,samantha green,32.0,amandachester,142,fresh milk,dairy,2024-06-16,4.0,9.12,36.48
3523,traci shah,49.0,fordhaven,197,tofu,dairy,2024-10-24,1.0,12.8,12.8
3525,julie frazier,69.0,south wendymouth,117,tofu,snack,2024-09-16,4.0,3.34,13.36
3526,brittany brown,45.0,gregoryview,155,granola,vegetable,2024-02-11,2.0,18.56,37.12
3527,michelle bright,19.0,thomasmouth,193,fresh milk,vegetable,2024-09-06,1.0,2.02,2.02
3528,david goodwin,79.0,south michaelfurt,110,fresh milk,snack,2024-06-08,4.0,7.37,29.48
3529,sandra harris,68.0,east michaelview,109,fresh milk,vegetable,2024-02-11,2.0,10.82,21.64
3530,mrs. deanna wiley,19.0,briannatown,138,kale,dairy,2024-09-04,3.0,11.31,33.93
3531,derek walsh,48.0,jademouth,148,tofu,vegetable,2024-05-23,1.0,5.44,5.44
3532,seth hudson,62.0,howardmouth,151,organic apples,dairy,2024-01-03,4.0,9.59,38.36
3533,andrew kelley,51.0,petersonburgh,185,organic apples,dairy,2024-07-12,2.0,10.19,20.38
3534,matthew garza,70.0,south rachel,133,kale,organic,2024-08-01,4.0,14.12,56.48
3535,sarah alexander,61.0,new william,116,almond butter,vegetable,2024-10-03,3.0,13.71,41.13
3536,reginald wright,50.0,ellisside,172,fresh milk,vegetable,2024-09-05,1.0,18.08,18.08
3537,william smith,18.0,north lauren,121,almond butter,organic,2024-06-23,4.0,3.49,13.96
3538,ashley ryan,43.0,south ashleychester,107,fresh milk,vegetable,2024-08-27,1.0,2.25,2.25
3539,thomas bradford,64.0,port evelynberg,159,tofu,dairy,2024-09-12,1.0,19.84,19.84
3540,spencer becker,51.0,port jennifershire,180,almond butter,dairy,2024-09-06,2.0,1.15,2.3
3541,matthew ellis,31.0,lake tamaraborough,107,tofu,snack,2024-09-17,1.0,19.61,19.61
3542,crystal malone,45.0,south henry,173,granola,dairy,2024-09-05,2.0,13.22,26.44
3543,brittany myers,20.0,south barbara,162,granola,organic,2024-04-20,1.0,17.11,17.11
3544,ryan davis,46.0,amyfurt,142,tofu,dairy,2024-06-23,4.0,6.5,26.0
3545,holly benson,22.0,anthonyfurt,181,almond butter,vegetable,2024-03-04,2.0,18.23,36.46
3546,daniel sanchez,33.0,danielstad,130,granola,organic,2024-05-07,3.0,15.11,45.33
3547,caroline spencer,61.0,johnstonbury,136,almond butter,vegetable,2024-09-28,2.0,19.09,38.18
3549,brandon curry,30.0,lake amandaborough,118,granola,dairy,2024-01-04,2.0,4.27,8.54
3550,theresa james,36.0,hernandezchester,182,almond butter,organic,2024-06-27,4.0,18.39,73.56
3551,scott lawrence,43.0,south melissa,160,fresh milk,snack,2024-01-14,3.0,13.74,41.22
3552,nathaniel scott,23.0,davisport,172,organic apples,dairy,2024-07-02,4.0,10.35,41.4
3553,matthew franklin,42.0,haleyfurt,175,granola,vegetable,2024-05-13,1.0,12.54,12.54
3554,adrian powell,28.0,walkerburgh,149,tofu,organic,2024-06-08,4.0,16.89,67.56
3555,michelle harris,26.0,new stephanieport,188,fresh milk,vegetable,2024-02-04,2.0,17.29,34.58
3556,derrick shah,62.0,johnsonton,121,organic apples,vegetable,2024-01-01,1.0,4.24,4.24
3557,amanda novak,73.0,east rebeccashire,168,kale,snack,2024-10-18,1.0,18.4,18.4
3558,donald smith,78.0,nicholasborough,125,tofu,snack,2024-02-23,4.0,1.27,5.08
3559,phillip lewis,41.0,west carl,154,granola,dairy,2024-06-22,2.0,3.44,6.88
3560,crystal holder,32.0,east james,111,kale,vegetable,2024-06-27,2.0,4.08,8.16
3561,evan bentley,51.0,crystalview,190,organic apples,snack,2024-03-11,2.0,10.34,20.68
3562,amy shelton,28.0,guzmanfort,139,tofu,organic,2024-07-07,179.0,9.1,1628.9
3563,richard gonzalez,55.0,obrienberg,120,almond butter,organic,2024-08-10,4.0,12.85,51.4
3564,cassandra richardson,45.0,port karen,129,fresh milk,organic,2024-06-07,1.0,14.38,14.38
3565,kimberly white,51.0,west georgeville,104,fresh milk,vegetable,2024-08-23,3.0,2.85,8.55
3566,beth williams,46.0,nelsonchester,115,almond butter,organic,2024-04-06,2.0,3.06,6.12
3567,allison phelps,29.0,marshchester,108,granola,snack,2024-08-11,3.0,5.67,17.009999999999998
3568,cameron pacheco,64.0,port christie,119,tofu,snack,2024-07-16,3.0,7.11,21.33
3569,bruce montoya,49.0,east kevin,153,almond butter,dairy,2024-01-01,2.0,8.39,16.78
3570,dustin little md,70.0,smithfort,134,organic apples,snack,2024-01-03,1.0,2.43,2.43
3571,cynthia patton,26.0,charlesland,140,almond butter,vegetable,2024-08-03,2.0,3.76,7.52
3572,laura hernandez,23.0,smallborough,179,organic apples,organic,2024-06-18,2.0,14.65,29.3
3573,philip leonard,75.0,north monicaville,117,organic apples,dairy,2024-03-05,1.0,5.12,5.12
3574,carlos walker,78.0,jimenezbury,153,organic apples,snack,2024-05-21,1.0,6.77,6.77
3575,charles baker,53.0,garyland,145,organic apples,vegetable,2024-10-08,3.0,12.42,37.26
3576,tina barber,50.0,south brentfort,198,kale,snack,2024-05-08,4.0,13.48,53.92
3577,david elliott,40.0,west linda,126,tofu,organic,2024-10-04,4.0,5.67,22.68
3579,jason dunlap,62.0,west ashleyport,150,tofu,dairy,2024-07-11,1.0,14.22,14.22
3580,morgan johnson,50.0,gardnerview,122,fresh milk,dairy,2024-08-25,2.0,19.46,38.92
3581,michelle hunt,68.0,port sara,175,kale,vegetable,2024-08-08,4.0,13.58,54.32
3582,alexander poole,50.0,west nichole,125,organic apples,snack,2024-03-18,2.0,7.35,14.7
3584,john grant,61.0,west robertshire,177,tofu,dairy,2024-01-06,3.0,8.08,24.24
3585,jessica schwartz,47.0,west rodneyton,116,tofu,organic,2024-05-24,2.0,11.22,22.44
3586,sonia mason,40.0,chapmanchester,135,granola,organic,2024-07-08,3.0,7.38,22.14
3587,nicholas nicholson,69.0,barrettchester,135,kale,organic,2024-03-12,4.0,17.94,71.76
3588,breanna mckenzie,79.0,murphyfurt,187,tofu,snack,2024-08-05,4.0,11.25,45.0
3589,dr. steven cohen md,40.0,kellybury,123,fresh milk,vegetable,2024-03-19,1.0,3.74,3.74
3590,debra anderson,39.0,port amanda,189,organic apples,dairy,2024-09-24,1.0,5.58,5.58
3591,anna byrd,64.0,breannaburgh,144,organic apples,dairy,2024-07-25,2.0,15.5,31.0
3592,leslie wu,20.0,east robert,195,organic apples,dairy,2024-02-28,3.0,3.25,9.75
3593,christina smith,39.0,schultzfurt,160,granola,snack,2024-10-24,2.0,4.2,8.4
3594,mr. michael harris,61.0,east timothy,145,granola,organic,2024-10-01,2.0,1.22,2.44
3595,michael baker,19.0,christinaburgh,121,organic apples,dairy,2024-07-20,4.0,11.15,44.6
3596,kelsey franklin,44.0,west martin,185,granola,organic,2024-09-19,1.0,14.51,14.51
3597,ronald reynolds,28.0,west leon,126,tofu,vegetable,2024-09-23,4.0,14.63,58.52
3598,breanna peters,45.0,lake kellystad,128,organic apples,snack,2024-09-29,4.0,18.46,73.84
3599,jennifer holloway,66.0,new kevinland,105,kale,vegetable,2024-05-31,1.0,10.48,10.48
3600,melissa scott,29.0,lake carolynfort,154,fresh milk,dairy,2024-06-26,1.0,2.05,2.05
3601,victoria miranda,46.0,stephanieland,172,granola,organic,2024-02-09,3.0,18.92,56.760000000000005
3602,kaitlyn richardson,35.0,east amberbury,102,granola,dairy,2024-10-12,4.0,16.13,64.52
3603,edward smith,20.0,east nathanland,155,tofu,vegetable,2024-08-14,3.0,6.91,20.73
3604,molly raymond,64.0,richardview,158,tofu,snack,2024-04-10,4.0,6.89,27.56
3605,nathan smith,58.0,east lorishire,103,almond butter,organic,2024-04-13,2.0,2.97,5.94
3606,peter perez,45.0,francischester,175,kale,organic,2024-01-12,4.0,12.82,51.28
3607,amanda jordan,52.0,rebeccaland,145,kale,organic,2024-10-25,3.0,14.61,43.83
3608,christopher clark,57.0,jenniferside,163,granola,vegetable,2024-10-05,102.0,17.23,1757.46
3609,thomas watson,76.0,adamview,122,organic apples,organic,2024-09-10,3.0,12.91,38.73
3610,kevin alvarado,73.0,south melissa,110,kale,dairy,2024-08-02,1.0,8.4,8.4
3611,christopher blair,47.0,new victoria,105,almond butter,vegetable,2024-08-17,3.0,12.15,36.45
3612,bethany rivera,27.0,west donald,106,almond butter,snack,2024-07-31,1.0,13.25,13.25
3613,audrey diaz,42.0,cindyshire,103,almond butter,organic,2024-06-29,3.0,4.89,14.669999999999998
3614,kevin sandoval,25.0,east brenda,190,fresh milk,snack,2024-02-03,1.0,18.62,18.62
3615,zachary myers,52.0,west sarah,135,organic apples,dairy,2024-01-02,3.0,16.08,48.24
3617,jesus ramos,75.0,port zacharyside,187,organic apples,dairy,2024-08-31,3.0,352.53,1057.59
3619,mr. john contreras,66.0,port jamesview,158,kale,dairy,2024-10-16,3.0,16.19,48.57000000000001
3620,jennifer thornton,71.0,port ryanstad,161,organic apples,snack,2024-11-01,1.0,3.49,3.49
3621,michael hughes,46.0,lake john,124,tofu,snack,2024-01-27,4.0,4.44,17.76
3622,lauren watkins,72.0,north patrick,149,kale,dairy,2024-09-21,2.0,3.64,7.28
3623,danielle walton,68.0,valenzuelaport,156,organic apples,organic,2024-04-04,2.0,15.92,31.84
3624,james warner,65.0,south jean,145,kale,snack,2024-09-20,1.0,6.37,6.37
3625,margaret reed,67.0,santoshaven,109,fresh milk,snack,2024-11-05,3.0,5.37,16.11
3626,laura dominguez,71.0,lake emilyton,188,organic apples,vegetable,2024-03-19,2.0,18.01,36.02
3627,kimberly pham,68.0,north sarahstad,199,almond butter,vegetable,2024-11-05,4.0,4.36,17.44
3628,crystal horton,62.0,spenceview,156,granola,vegetable,2024-02-18,2.0,9.68,19.36
3629,janet morris,42.0,elizabethview,125,tofu,vegetable,2024-08-09,1.0,2.57,2.57
3630,dylan cabrera,53.0,maryborough,109,granola,organic,2024-01-13,4.0,5.22,20.88
3631,michelle harper,33.0,west kylemouth,199,fresh milk,vegetable,2024-02-22,3.0,4.17,12.51
3632,adam bruce,40.0,port ronnie,135,granola,vegetable,2024-10-02,3.0,4.31,12.93
3633,marcus zuniga,51.0,east donnashire,167,kale,vegetable,2024-06-03,1.0,6.91,6.91
3634,monica rivera,23.0,south brenda,139,organic apples,organic,2024-09-19,1.0,8.6,8.6
3635,amanda duncan,55.0,zacharytown,148,kale,dairy,2024-10-20,1.0,10.44,10.44
3636,kristen hogan,27.0,north karenside,108,kale,dairy,2024-09-17,2.0,3.4,6.8
3637,jennifer dean,29.0,lake katherinemouth,162,organic apples,vegetable,2024-06-12,3.0,9.13,27.39
3638,lisa walker,31.0,richardchester,158,almond butter,organic,2024-08-31,3.0,6.9,20.700000000000003
3639,angela norris,49.0,maxgellchester,124,almond butter,vegetable,2024-08-30,2.0,17.0,34.0
3641,jennifer bailey,52.0,new daniel,118,tofu,dairy,2024-05-27,2.0,16.28,32.56
3642,ryan barber,70.0,longhaven,125,organic apples,dairy,2024-01-07,4.0,14.38,57.52
3643,diana fleming,79.0,port trevor,171,almond butter,organic,2024-10-08,1.0,2.23,2.23
3644,george brown,31.0,marcuschester,186,granola,organic,2024-09-28,4.0,13.29,53.16
3645,kimberly miller,60.0,new robert,183,fresh milk,vegetable,2024-10-26,2.0,19.61,39.22
3646,joshua rose,28.0,port jennifer,186,fresh milk,snack,2024-01-25,4.0,18.43,73.72
3647,jessica gentry,35.0,north william,115,fresh milk,dairy,2024-02-03,1.0,6.99,6.99
3648,misty harrison,78.0,alexanderfurt,122,tofu,vegetable,2024-08-24,4.0,8.06,32.24
3649,antonio alexander,35.0,ricardobury,169,tofu,vegetable,2024-11-01,4.0,15.23,60.92
3650,ryan haas,41.0,curtisberg,102,almond butter,vegetable,2024-02-26,2.0,10.43,20.86
3651,amy hill,60.0,cruzland,129,granola,dairy,2024-02-25,4.0,7.56,30.24
3652,stephen frye,58.0,lake judithchester,193,organic apples,dairy,2024-09-05,1.0,8.46,8.46
3653,ian schwartz,57.0,lake jay,175,fresh milk,snack,2024-01-11,4.0,157.24,628.96
3654,hannah farrell,69.0,loweview,146,granola,dairy,2024-02-14,4.0,12.0,48.0
3655,teresa shaw,56.0,new alexander,101,kale,organic,2024-04-25,1.0,13.39,13.39
3656,wayne burke,18.0,new katelyn,197,granola,snack,2024-02-27,4.0,11.04,44.16
3657,david rivers,23.0,new eric,171,fresh milk,snack,2024-07-19,2.0,14.22,28.44
3659,brian sharp,69.0,jonesport,102,organic apples,organic,2024-05-03,2.0,12.16,24.32
3661,nathan jordan,57.0,south nicolas,140,almond butter,vegetable,2024-04-07,2.0,10.15,20.3
3662,amy rivas,78.0,west kyleshire,111,fresh milk,vegetable,2024-02-13,2.0,13.07,26.14
3663,timothy hudson,56.0,stephanieburgh,182,granola,dairy,2024-01-08,4.0,18.56,74.24
3664,ashley henry,65.0,west nathanstad,136,granola,vegetable,2024-01-11,4.0,15.1,60.4
3665,john garcia,74.0,new jessica,173,organic apples,vegetable,2024-03-26,2.0,7.39,14.78
3666,derek jackson,43.0,new vanessa,190,kale,snack,2024-01-15,1.0,8.3,8.3
3667,dr. sarah wilson,66.0,melissaside,144,fresh milk,vegetable,2024-08-28,3.0,7.95,23.85
3668,dalton butler,71.0,baldwinberg,120,almond butter,snack,2024-06-13,2.0,6.76,13.52
3669,dylan hodges,35.0,wesl shelleymouth,169,organic apples,snack,2024-04-03,3.0,14.3,42.900000000000006
3670,charles wall,38.0,south patricia,156,organic apples,dairy,2024-05-28,4.0,16.09,64.36
3671,gabriella rodriguez,61.0,east michaelaville,101,fresh milk,organic,2024-10-15,2.0,8.58,17.16
3672,jordan reeves,26.0,westburgh,154,organic apples,snack,2024-06-28,3.0,2.91,8.73
3673,joshua perkins,76.0,south mary,184,organic apples,organic,2024-07-11,3.0,6.16,18.48
3674,kyle dixon,49.0,hallview,162,almond butter,organic,2024-10-09,4.0,17.13,68.52
3675,linda collins,65.0,lake adam,187,organic apples,organic,2024-01-24,3.0,11.43,34.29
3676,robin rodriguez,40.0,lake william,121,granola,vegetable,2024-01-06,4.0,9.89,39.56
3677,alyssa cherry,55.0,dianestad,104,granola,organic,2024-10-08,4.0,18.94,75.76
3678,joy robles,30.0,new lawrenceborough,117,kale,organic,2024-02-08,3.0,5.33,15.99
3679,david white,35.0,west brianna,180,organic apples,dairy,2024-02-23,4.0,6.54,26.16
3680,wendy reynolds,34.0,allenfort,100,tofu,organic,2024-11-02,1.0,5.64,5.64
3681,grace lewis,58.0,amyfort,132,granola,dairy,2024-02-01,2.0,2.05,4.1
3682,whitney taylor,25.0,east michaelshire,143,kale,organic,2024-05-27,3.0,18.31,54.92999999999999
3683,tamara nelson,18.0,west melissa,131,almond butter,organic,2024-03-11,1.0,18.47,18.47
3684,lauren green,20.0,andrewview,174,organic apples,dairy,2024-05-25,2.0,8.71,17.42
3685,krista hudson,49.0,new michaelstad,189,kale,dairy,2024-01-29,3.0,10.18,30.54
3686,keith lewis,66.0,lake erika,177,almond butter,organic,2024-10-25,4.0,13.51,54.04
3687,victoria little,58.0,lake vincent,104,kale,vegetable,2024-01-03,3.0,7.86,23.58
3688,paula simpson,55.0,whitetown,188,fresh milk,organic,2024-05-30,2.0,9.92,19.84
3689,thomas barrett,20.0,alexandramouth,106,almond butter,vegetable,2024-08-07,3.0,13.86,41.58
3690,ryan jones,24.0,south juliastad,148,organic apples,dairy,2024-04-27,2.0,5.1,10.2
3691,desiree cole,25.0,bentleyfort,144,almond butter,vegetable,2024-04-11,3.0,6.46,19.38
3692,wendy gonzalez,39.0,new thomasfort,113,granola,organic,2024-04-09,4.0,2.05,8.2
3694,allison combs,62.0,new joshua,157,granola,snack,2024-06-22,3.0,9.22,27.660000000000004
3695,jeffrey reilly,67.0,snydermouth,172,organic apples,snack,2024-08-08,2.0,11.56,23.12
3696,jamie rice phd,63.0,trujillofort,103,almond butter,vegetable,2024-11-01,4.0,6.5,26.0
3697,chase dyer,66.0,port madisonview,168,tofu,vegetable,2024-02-16,1.0,19.96,19.96
3698,mikayla stewart,54.0,port amandaburgh,120,organic apples,snack,2024-03-06,1.0,17.06,17.06
3699,jill alvarez,24.0,west jasonburgh,162,almond butter,dairy,2024-02-07,4.0,9.83,39.32
3700,emily dillon,79.0,michaelfort,184,granola,dairy,2024-09-06,1.0,18.66,18.66
3702,brianna lang,53.0,cervanteschester,190,organic apples,organic,2024-01-09,3.0,6.35,19.05
3703,robert williams,31.0,lake stephanie,181,organic apples,organic,2024-03-07,2.0,14.83,29.66
3704,tara johnson,20.0,kennethton,154,almond butter,organic,2024-10-14,3.0,13.99,41.97
3705,david walton,34.0,boydview,108,organic apples,dairy,2024-03-12,4.0,15.33,61.32
3707,daniel macdonald,46.0,lake frank,153,kale,snack,2024-03-07,1.0,7.54,7.54
3708,devin snyder,48.0,new jennifer,187,fresh milk,vegetable,2024-02-23,3.0,4.18,12.54
3709,timothy smith,19.0,new damon,186,organic apples,dairy,2024-04-01,1.0,9.76,9.76
3710,devin gonzalez,32.0,north ronaldhaven,158,fresh milk,snack,2024-09-16,1.0,10.61,10.61
3711,abigail miller,74.0,hughesfurt,141,fresh milk,dairy,2024-06-04,1.0,2.26,2.26
3712,emily mcgrath,57.0,weaverhaven,138,granola,organic,2024-01-18,2.0,4.17,8.34
3713,heather salazar,55.0,harrisport,185,fresh milk,dairy,2024-05-11,1.0,17.65,17.65
3714,melinda douglas,27.0,east john,144,granola,snack,2024-09-21,3.0,11.61,34.83
3715,cheryl arnold,33.0,stewartville,167,kale,vegetable,2024-02-03,4.0,2.92,11.68
3716,john grant,67.0,andrewhaven,195,organic apples,dairy,2024-01-30,1.0,17.75,17.75
3717,natasha wang,58.0,lake ryan,156,tofu,vegetable,2024-11-08,2.0,6.83,13.66
3719,keith jenkins,55.0,south andreaview,147,organic apples,vegetable,2024-11-03,1.0,115.0,115.0
3721,lisa parker,73.0,andrewsbury,153,organic apples,snack,2024-07-26,118.0,1.09,128.62
3722,john wright,68.0,shelbyfort,196,granola,organic,2024-05-04,4.0,7.15,28.6
3723,molly jackson,26.0,thomaston,151,granola,organic,2024-06-17,3.0,5.25,15.75
3724,samantha long,24.0,port karentown,183,fresh milk,snack,2024-11-08,1.0,9.95,9.95
3726,shannon valdez,58.0,katyyhaven,165,organic apples,snack,2024-02-11,2.0,2.76,5.52
3727,maria cameron,40.0,jodyshire,116,almond butter,organic,2024-05-27,4.0,17.5,70.0
3728,elizabeth aguilar,30.0,east carrietown,123,almond butter,vegetable,2024-01-16,2.0,18.85,37.7
3729,joseph little,32.0,dylanshire,178,granola,snack,2024-05-20,2.0,16.43,32.86
3730,jennifer davidson,52.0,lake ritahaven,176,organic apples,dairy,2024-04-01,4.0,5.8,23.2
3731,casey freeman,33.0,meyersside,178,tofu,vegetable,2024-07-17,1.0,16.07,16.07
3732,patrick waters,42.0,tiffanyfort,173,tofu,dairy,2024-07-05,2.0,12.51,25.02
3734,robin mckenzie dds,35.0,port sandra,100,organic apples,organic,2024-06-13,1.0,12.95,12.95
3735,robin becker,62.0,south timothy,174,kale,dairy,2024-04-11,4.0,12.62,50.48
3736,paula choi,22.0,port christopherview,185,almond butter,snack,2024-05-31,1.0,11.17,11.17
3737,david farley,28.0,whitebury,107,fresh milk,vegetable,2024-04-09,146.0,16.77,2448.42
3738,james jefferson,47.0,new georgetown,126,granola,vegetable,2024-03-31,1.0,13.47,13.47
3739,marcia velez,64.0,davisville,122,fresh milk,snack,2024-09-28,1.0,19.84,19.84
3740,anna moore,38.0,south jennifermouth,144,tofu,dairy,2024-09-11,4.0,6.31,25.24
3741,daniel carr,46.0,lake dennis,125,tofu,organic,2024-08-28,1.0,9.23,9.23
3742,tina welch,36.0,sharonbury,174,kale,vegetable,2024-10-28,1.0,16.17,16.17
3743,cindy hughes,39.0,lake taylorton,107,organic apples,organic,2024-05-13,3.0,8.24,24.72
3744,cody davies,32.0,new karenshire,174,organic apples,vegetable,2024-02-23,2.0,2.81,5.62
3745,lauren butler,36.0,lake carolmouth,152,tofu,snack,2024-08-08,1.0,11.61,11.61
3746,austin howe,41.0,ramirezport,118,organic apples,vegetable,2024-02-21,2.0,14.27,28.54
3747,katherine hill,72.0,west ericamouth,170,tofu,vegetable,2024-06-30,169.0,4.82,814.58
3748,james white,34.0,leefort,165,almond butter,organic,2024-06-09,2.0,4.95,9.9
3750,walter fox,52.0,robinberg,190,almond butter,dairy,2024-06-05,3.0,12.32,36.96
3751,jennifer wells,27.0,leeburgh,189,granola,dairy,2024-11-02,3.0,17.45,52.35
3752,adam parks,72.0,west jeffrey,148,almond butter,snack,2024-02-11,4.0,17.03,68.12
3753,terri martinez,59.0,wrightbury,104,organic apples,vegetable,2024-05-31,4.0,2.67,10.68
3754,ashley torres,60.0,east andrew,197,granola,snack,2024-06-09,3.0,15.95,47.85
3755,kevin thompson,57.0,alexstad,164,tofu,snack,2024-01-25,2.0,487.8,975.6
3756,emily cooper,43.0,valerieland,131,granola,vegetable,2024-09-22,1.0,5.03,5.03
3757,kelly taylor,41.0,phamberg,102,almond butter,snack,2024-03-28,2.0,9.58,19.16
3758,stephanie wells,25.0,rebekahmouth,146,organic apples,snack,2024-04-22,3.0,13.03,39.09
3759,jason brown,78.0,ryantown,144,fresh milk,vegetable,2024-08-20,1.0,15.22,15.22
3760,jacob flores,59.0,heidifurt,199,almond butter,dairy,2024-07-14,101.0,18.43,1861.43
3761,gabrielle austin,24.0,anthonyside,196,granola,dairy,2024-10-27,2.0,19.39,38.78
3762,joseph bush,20.0,brookshaven,190,fresh milk,snack,2024-10-19,3.0,1.11,3.33
3763,patrick gonzalez,48.0,martinshire,184,almond butter,dairy,2024-08-24,3.0,16.58,49.74
3764,karen miles,57.0,thomasland,150,fresh milk,snack,2024-02-13,2.0,448.21,896.42
3765,cindy stevens,71.0,lake meganfurt,186,kale,organic,2024-08-09,3.0,4.54,13.62
3767,brad murphy,50.0,jamietown,111,organic apples,snack,2024-03-11,4.0,14.19,56.76
3768,heather bradford,51.0,west william,189,organic apples,snack,2024-07-28,2.0,5.16,10.32
3769,aaron smith,71.0,new bryanmouth,151,almond butter,snack,2024-02-16,1.0,5.02,5.02
3770,luis kaiser,39.0,aliside,189,kale,organic,2024-01-08,1.0,5.75,5.75
3771,pamela crawford,69.0,new davidfurt,198,fresh milk,organic,2024-06-10,1.0,5.01,5.01
3772,duane yoder,30.0,port kelli,115,organic apples,dairy,2024-04-10,1.0,17.4,17.4
3773,ronnie hernandez,29.0,new lindsayfurt,135,organic apples,dairy,2024-10-04,3.0,5.09,15.27
3774,jennifer pratt,57.0,east jamesville,168,almond butter,snack,2024-02-01,4.0,17.63,70.52
3776,laura caldwell,56.0,elizabethborough,180,almond butter,organic,2024-01-31,2.0,16.23,32.46
3777,michelle williams,24.0,owensbury,103,almond butter,snack,2024-06-28,4.0,7.94,31.76
3778,joseph marshall,62.0,new heather,192,tofu,snack,2024-09-03,4.0,13.75,55.0
3779,robert mercer,55.0,vanessaland,154,tofu,vegetable,2024-03-18,4.0,13.5,54.0
3780,karen roy,49.0,south joann,151,granola,dairy,2024-07-19,3.0,5.97,17.91
3781,kylie stone,48.0,michaelside,114,almond butter,organic,2024-05-01,3.0,8.54,25.62
3782,alexis taylor,73.0,west benjamin,193,kale,organic,2024-10-18,2.0,8.99,17.98
3783,amy anderson,33.0,west erikfurt,187,almond butter,dairy,2024-10-25,3.0,3.89,11.67
3784,michael howell,47.0,moranborough,153,tofu,vegetable,2024-09-18,1.0,2.59,2.59
3785,amber livingston,74.0,robinsonside,171,organic apples,dairy,2024-01-05,4.0,6.21,24.84
3786,melanie mcguire,20.0,cooleystad,199,kale,snack,2024-02-14,183.0,17.52,3206.16
3788,stephanie thompson,50.0,west kristie,123,fresh milk,snack,2024-10-19,2.0,14.63,29.26
3789,karen ramirez,18.0,lake juan,121,granola,snack,2024-02-28,1.0,4.27,4.27
3790,david ross,19.0,lorihaven,182,almond butter,snack,2024-04-02,4.0,14.87,59.48
3791,thomas osborne,61.0,fullerland,134,almond butter,dairy,2024-08-14,2.0,5.97,11.94
3792,alexandra todd,59.0,alexandermouth,188,kale,vegetable,2024-10-26,2.0,19.74,39.48
3793,richard gordon,56.0,lake angelaview,119,tofu,vegetable,2024-09-01,2.0,13.63,27.26
3794,michael kelly,73.0,fordchester,123,kale,snack,2024-08-29,4.0,14.18,56.72
3796,jenna gomez,25.0,east richardland,195,kale,dairy,2024-07-12,2.0,7.18,14.36
3797,donna cole,63.0,christopherfort,106,kale,snack,2024-03-18,3.0,15.81,47.43
3798,jennifer martinez,30.0,east rebecca,128,granola,dairy,2024-04-14,1.0,3.3,3.3
3799,darlene hunt,67.0,glasstown,161,organic apples,snack,2024-10-22,3.0,16.7,50.1
3800,craig anderson,67.0,north cory,161,kale,snack,2024-05-05,4.0,6.6,26.4
3801,patty sanchez,64.0,vancestad,142,kale,snack,2024-04-15,1.0,1.98,1.98
3802,maria may,77.0,jasmineshire,139,tofu,dairy,2024-08-30,4.0,9.74,38.96
3803,daniel smith,54.0,north robert,147,fresh milk,vegetable,2024-10-23,1.0,7.52,7.52
3804,tamara vasquez,63.0,north christopher,127,granola,dairy,2024-09-13,4.0,19.07,76.28
3806,latoya thornton,57.0,jonesview,121,kale,vegetable,2024-09-15,2.0,2.95,5.9
3807,diana choi,65.0,lake andreaside,135,organic apples,organic,2024-03-06,1.0,16.88,16.88
3808,tonya morrow,21.0,new gregory,144,kale,snack,2024-08-26,1.0,13.5,13.5
3809,edward hernandez,22.0,stevenburgh,107,organic apples,dairy,2024-01-07,1.0,19.43,19.43
3810,virginia carlson,70.0,henryland,166,granola,vegetable,2024-09-07,4.0,13.42,53.68
3812,stephanie moore,73.0,chelseafort,186,granola,dairy,2024-06-26,1.0,1.05,1.05
3813,robert brown,69.0,aprilshire,130,kale,dairy,2024-08-03,2.0,14.31,28.62
3814,brian smith,40.0,boydmouth,173,fresh milk,snack,2024-04-26,3.0,15.37,46.11
3815,miss laura phillips,38.0,east chelseabury,140,granola,vegetable,2024-10-17,1.0,11.23,11.23
3816,frances hall,66.0,huntertown,121,granola,organic,2024-04-06,2.0,7.35,14.7
3817,gregory beltran,38.0,new marissaville,165,organic apples,dairy,2024-03-23,4.0,15.8,63.2
3818,sherri lamb,62.0,north vernon,113,organic apples,organic,2024-06-10,1.0,3.03,3.03
3819,douglas clark,78.0,east tylerchester,156,fresh milk,vegetable,2024-08-19,1.0,12.8,12.8
3820,heather thompson,67.0,west brendaside,159,granola,vegetable,2024-01-09,4.0,15.92,63.68
3821,johnny berry,22.0,rosalesview,116,almond butter,vegetable,2024-10-05,3.0,11.27,33.81
3822,mark scott,45.0,north tannerchester,105,fresh milk,vegetable,2024-08-08,3.0,10.7,32.099999999999994
3823,james rodriguez,49.0,matthewburgh,144,tofu,dairy,2024-08-18,2.0,8.2,16.4
3824,melissa davis,52.0,lake nicole,194,tofu,vegetable,2024-05-30,1.0,2.21,2.21
3826,kendra clark,51.0,port sarah,168,granola,organic,2024-08-10,2.0,12.59,25.18
3827,george carlson,67.0,peckport,117,kale,organic,2024-08-14,2.0,6.33,12.66
3828,adam warren,40.0,port jennifer,167,kale,organic,2024-06-29,4.0,13.11,52.44
3829,steven bell,26.0,reidville,107,almond butter,vegetable,2024-11-05,4.0,8.26,33.04
3830,ashley martinez,60.0,toddside,174,fresh milk,snack,2024-09-07,1.0,12.42,12.42
3831,jason hunter,40.0,new angelaville,113,almond butter,vegetable,2024-02-27,4.0,6.51,26.04
3832,sarah taylor,76.0,west katherinestad,152,almond butter,snack,2024-04-27,3.0,11.38,34.14
3833,edward goodman,21.0,helenhaven,122,fresh milk,snack,2024-01-30,4.0,14.7,58.8
3834,charles smith,43.0,espinozatown,171,granola,vegetable,2024-06-30,2.0,13.44,26.88
3835,rebekah cross,76.0,lake meghanland,156,fresh milk,dairy,2024-06-15,3.0,15.03,45.09
3836,jonathan webb,59.0,port sharon,156,granola,organic,2024-07-05,3.0,8.54,25.62
3837,alison shaw,40.0,new christophermouth,156,organic apples,vegetable,2024-06-25,2.0,3.64,7.28
3838,julia young,63.0,new rhonda,165,granola,snack,2024-04-03,2.0,7.24,14.48
3839,brittany bowers,56.0,scottside,108,fresh milk,snack,2024-05-19,4.0,9.7,38.8
3840,nicholas buckley,79.0,east robert,186,organic apples,dairy,2024-09-04,1.0,11.63,11.63
3841,beverly golden,24.0,brownshire,111,kale,vegetable,2024-02-22,4.0,10.99,43.96
3842,mr. dylan jones,69.0,sullivanbury,157,almond butter,organic,2024-06-12,1.0,3.9,3.9
3843,carlos garcia,57.0,lake christy,115,organic apples,organic,2024-07-27,2.0,7.2,14.4
3844,shawn williams,40.0,nicholasstad,142,kale,organic,2024-07-31,1.0,3.1,3.1
3846,alexandra greene,28.0,graychester,134,kale,vegetable,2024-08-23,1.0,10.61,10.61
3848,alexander williams,72.0,north dominique,132,almond butter,organic,2024-09-25,3.0,8.79,26.37
3849,michael brown,66.0,lake josephfurt,132,organic apples,dairy,2024-05-28,1.0,3.63,3.63
3850,lisa moore,39.0,jessicafort,131,tofu,organic,2024-04-20,4.0,18.38,73.52
3851,deanna sutton,34.0,north timothyview,188,granola,dairy,2024-02-29,4.0,14.28,57.12
3852,lisa barnes,25.0,lisatown,163,organic apples,organic,2024-08-10,1.0,18.87,18.87
3853,joseph garcia,63.0,port taylorfort,105,organic apples,snack,2024-06-20,2.0,10.09,20.18
3854,jacob smith,43.0,stephanieshire,137,tofu,dairy,2024-06-24,1.0,17.64,17.64
3855,brianna phillips,26.0,west patricia,122,tofu,organic,2024-10-21,4.0,16.55,66.2
3856,ian myers,66.0,south allison,108,almond butter,snack,2024-10-05,4.0,1.65,6.6
3857,jose bishop,21.0,west anthony,143,granola,snack,2024-03-25,3.0,11.32,33.96
3858,nicole jones,28.0,aguirreburgh,190,granola,dairy,2024-08-10,2.0,19.56,39.12
3859,edward robertson,58.0,paulside,149,tofu,snack,2024-07-21,1.0,11.3,11.3
3860,max rodriguez,44.0,tonyview,190,organic apples,vegetable,2024-01-12,3.0,8.15,24.450000000000003
3861,mark williams,23.0,monroeton,132,granola,dairy,2024-10-21,1.0,14.77,14.77
3862,robert hamilton,53.0,new rachelshire,175,kale,vegetable,2024-08-11,2.0,19.81,39.62
3863,karen kelly,24.0,rogersview,178,organic apples,snack,2024-10-05,4.0,2.59,10.36
3864,willie williams,36.0,keithtown,136,granola,vegetable,2024-06-17,3.0,15.95,47.85
3866,sarah suarez,43.0,jonathanville,157,tofu,organic,2024-05-03,4.0,10.38,41.52
3868,eric jones,19.0,marshallview,147,fresh milk,dairy,2024-10-02,2.0,19.95,39.9
3869,samuel davis,66.0,north stephanie,109,fresh milk,dairy,2024-11-03,2.0,5.68,11.36
3871,diana rodriguez,33.0,jonathanport,105,organic apples,organic,2024-09-09,1.0,7.43,7.43
3872,tonya christian,48.0,alexisfurt,165,tofu,organic,2024-10-06,4.0,6.11,24.44
3873,david barnett,31.0,south caroline,178,almond butter,vegetable,2024-01-03,4.0,3.45,13.8
3874,tracy beck,20.0,rosebury,187,tofu,organic,2024-02-24,3.0,10.12,30.36
3875,spencer sanchez,77.0,east james,168,organic apples,organic,2024-10-06,1.0,11.71,11.71
3876,tracy schroeder,42.0,moranport,197,fresh milk,organic,2024-09-13,3.0,14.32,42.96
3877,jason mendez,20.0,smithbury,198,granola,vegetable,2024-01-13,1.0,13.0,13.0
3878,charles daniels,71.0,powellport,105,tofu,dairy,2024-01-23,2.0,17.26,34.52
3879,taylor griffith,44.0,north angelaburgh,177,fresh milk,organic,2024-08-04,4.0,4.04,16.16
3880,christian sutton,71.0,jeffreyhaven,123,kale,dairy,2024-09-30,3.0,18.39,55.17
3881,robert mccoy,59.0,wagnerborough,176,organic apples,vegetable,2024-03-30,4.0,4.99,19.96
3882,olivia king,62.0,davidburgh,111,fresh milk,organic,2024-10-03,3.0,7.22,21.66
3883,courtney odom,29.0,port jeffrey,153,almond butter,organic,2024-07-04,4.0,1.49,5.96
3884,chad thomas,44.0,jessetown,199,organic apples,organic,2024-03-19,165.0,4.58,755.7
3885,dr. larry woodward,70.0,port alejandra,120,granola,vegetable,2024-03-01,1.0,12.14,12.14
3886,andrea guzman,60.0,schwartzborough,162,almond butter,vegetable,2024-02-22,4.0,2.88,11.52
3887,brent jackson,27.0,harrisborough,168,fresh milk,dairy,2024-01-16,3.0,10.8,32.400000000000006
3888,don riley,41.0,west christopher,154,almond butter,snack,2024-03-19,4.0,11.76,47.04
3889,tiffany stein,20.0,east javier,154,organic apples,organic,2024-10-07,1.0,9.25,9.25
3890,amy ramirez,77.0,south lynn,167,fresh milk,snack,2024-07-05,1.0,1.26,1.26
3891,sherri brown,27.0,port nicholasmouth,148,granola,organic,2024-03-30,2.0,3.62,7.24
3893,raymond young,30.0,new anita,119,organic apples,dairy,2024-09-10,3.0,12.25,36.75
3894,autumn jackson dds,76.0,east laura,177,granola,vegetable,2024-09-27,2.0,6.43,12.86
3895,kelly bass,69.0,north brandy,139,almond butter,snack,2024-07-18,2.0,16.57,33.14
3896,joseph williams,34.0,south shannontown,107,fresh milk,organic,2024-10-04,4.0,3.87,15.48
3897,lindsey roberts,60.0,south kristin,179,tofu,dairy,2024-05-30,1.0,12.04,12.04
3898,shannon green,52.0,port caroline,143,almond butter,dairy,2024-07-03,2.0,9.37,18.74
3899,christina taylor,37.0,brandonshire,189,granola,dairy,2024-03-01,1.0,17.92,17.92
3900,michael blanchard,71.0,west charlesland,149,fresh milk,dairy,2024-03-04,1.0,8.19,8.19
3901,david carroll,63.0,mariaberg,123,kale,vegetable,2024-04-30,4.0,1.23,4.92
3902,margaret martin,74.0,west denisehaven,188,kale,snack,2024-09-19,2.0,10.47,20.94
3904,ray morris,30.0,lake morganport,175,kale,dairy,2024-06-26,2.0,11.93,23.86
3905,tina khan,62.0,solomonbury,195,almond butter,vegetable,2024-07-12,4.0,15.88,63.52
3906,darlene ruiz,37.0,brownland,125,kale,organic,2024-09-29,3.0,6.55,19.65
3907,matthew boyle,59.0,new kristopherview,135,tofu,dairy,2024-03-16,3.0,13.15,39.45
3908,alexandra mendoza,48.0,meyerhaven,193,fresh milk,dairy,2024-07-16,4.0,19.91,79.64
3909,michael larson,65.0,cynthiaton,190,fresh milk,snack,2024-03-20,1.0,16.64,16.64
3910,madison green,45.0,south jimmychester,132,organic apples,organic,2024-11-07,2.0,3.2,6.4
3911,mark hampton,43.0,south andrew,138,tofu,organic,2024-03-21,4.0,11.7,46.8
3913,stephanie schultz,19.0,south nancy,111,organic apples,vegetable,2024-03-11,4.0,4.89,19.56
3914,jennifer thomas,48.0,west tracey,104,almond butter,dairy,2024-04-10,4.0,9.34,37.36
3915,todd williams,62.0,south hunterview,194,fresh milk,organic,2024-05-19,3.0,8.84,26.52
3916,alexandra walker,64.0,nathanside,194,kale,dairy,2024-08-22,4.0,1.76,7.04
3917,robert koch,63.0,mooreville,191,almond butter,dairy,2024-08-30,3.0,15.37,46.11
3918,angela campbell,55.0,north eduardo,179,almond butter,dairy,2024-09-16,1.0,11.73,11.73
3919,darryl benson,37.0,jessicaside,117,kale,organic,2024-09-01,3.0,18.51,55.53
3920,nicholas proctor,39.0,davisville,161,tofu,dairy,2024-05-04,1.0,11.34,11.34
3921,donna sims,69.0,jeffmouth,198,kale,organic,2024-06-05,3.0,16.63,49.89
3922,brandi kidd,75.0,new robertville,106,tofu,organic,2024-04-13,4.0,7.38,29.52
3923,michelle webster,79.0,theresachester,188,organic apples,dairy,2024-01-04,2.0,17.74,35.48
3924,spencer kerr,20.0,martinton,156,granola,dairy,2024-04-01,2.0,13.0,26.0
3925,jessica farley,53.0,lake brad,165,kale,organic,2024-05-19,1.0,12.33,12.33
3926,matthew graves,27.0,new dylan,147,tofu,vegetable,2024-08-22,2.0,15.81,31.62
3927,kevin anderson,31.0,north jason,101,fresh milk,vegetable,2024-04-12,2.0,16.0,32.0
3928,april benitez,46.0,stewartchester,125,kale,snack,2024-03-29,1.0,9.29,9.29
3929,sean tanner,55.0,west troymouth,136,tofu,dairy,2024-04-07,1.0,1.32,1.32
3930,francisco cabrera,68.0,lake jack,152,kale,dairy,2024-07-16,4.0,16.86,67.44
3932,stanley roy,24.0,north markstad,141,kale,dairy,2024-01-25,4.0,9.24,36.96
3933,krista cruz,78.0,west juanshire,161,tofu,organic,2024-02-28,2.0,6.74,13.48
3934,leslie thompson,31.0,east julianchester,149,kale,dairy,2024-07-14,3.0,11.11,33.33
3935,danielle walton,26.0,new daniel,102,almond butter,vegetable,2024-06-12,1.0,8.42,8.42
3936,steven foster,28.0,kleinborough,139,granola,organic,2024-05-01,4.0,441.26,1765.04
3937,jonathan williamson,21.0,lake danielchester,182,granola,dairy,2024-08-01,3.0,9.54,28.62
3938,dylan solomon,48.0,richardhaven,188,kale,snack,2024-04-27,3.0,8.91,26.73
3939,judith mcgee,36.0,oliviachester,180,fresh milk,dairy,2024-02-08,4.0,1.33,5.32
3940,patty burns,78.0,port brianberg,171,kale,vegetable,2024-03-08,1.0,19.66,19.66
3941,paul soto,61.0,east dillon,138,tofu,snack,2024-03-05,2.0,13.97,27.94
3943,jennifer anderson,19.0,tylerberg,111,kale,snack,2024-08-20,2.0,1.31,2.62
3944,william hayes,45.0,lake antonioshire,140,kale,dairy,2024-02-22,2.0,11.63,23.26
3945,nancy evans,49.0,north suzanneshire,104,tofu,dairy,2024-07-21,3.0,2.96,8.879999999999999
3946,michael green,40.0,garciamouth,134,fresh milk,organic,2024-04-19,1.0,11.36,11.36
3947,ashley warner,41.0,myersland,143,almond butter,dairy,2024-05-09,4.0,11.24,44.96
3948,devin smith,49.0,kaylaville,191,tofu,snack,2024-04-08,1.0,12.38,12.38
3949,benjamin moore,39.0,east jacobtown,107,granola,snack,2024-03-20,1.0,2.06,2.06
3950,nicholas johnson,31.0,north thomas,154,granola,dairy,2024-06-07,2.0,2.38,4.76
3951,steven perez,38.0,glennville,131,tofu,organic,2024-08-10,3.0,10.36,31.08
3952,matthew hogan,23.0,north norma,192,organic apples,snack,2024-04-27,4.0,3.94,15.76
3953,scott decker,45.0,adrianfort,136,tofu,snack,2024-02-01,3.0,9.91,29.73
3954,diane bates,34.0,haynesmouth,172,almond butter,dairy,2024-09-05,1.0,10.34,10.34
3955,patricia reeves,54.0,elizabethland,165,granola,dairy,2024-02-01,4.0,14.7,58.8
3956,dr. krista arroyo dds,41.0,rogersport,157,tofu,organic,2024-04-25,1.0,5.6,5.6
3957,sarah webster,71.0,port stacyside,199,kale,dairy,2024-03-15,2.0,13.99,27.98
3958,lori levine,67.0,johnsonborough,184,almond butter,vegetable,2024-09-09,1.0,2.69,2.69
3959,mitchell lopez,27.0,new robinstad,160,kale,organic,2024-02-18,1.0,3.65,3.65
3960,albert nguyen,27.0,gregoryburgh,103,organic apples,organic,2024-05-27,1.0,16.12,16.12
3961,mr. michael martinez md,42.0,south anthony,116,almond butter,organic,2024-08-31,1.0,17.18,17.18
3962,amber obrien,63.0,savannahburgh,184,fresh milk,organic,2024-01-14,3.0,5.45,16.35
3963,kimberly garza,47.0,mannhaven,180,kale,organic,2024-02-03,1.0,10.76,10.76
3964,allison garrett,35.0,south karen,181,almond butter,snack,2024-10-06,2.0,4.62,9.24
3965,mr. jimmy randolph,77.0,ginashire,143,kale,dairy,2024-09-30,4.0,19.47,77.88
3966,kyle english,52.0,allenmouth,165,almond butter,organic,2024-08-05,1.0,2.46,2.46
3967,kelly baker,28.0,south calebstad,117,almond butter,dairy,2024-10-14,4.0,19.72,78.88
3968,jessica douglas,70.0,amyborough,151,kale,snack,2024-10-02,2.0,17.74,35.48
3969,aaron carson,47.0,east rachel,114,granola,snack,2024-09-24,2.0,5.35,10.7
3970,john harrington,36.0,juliahaven,134,organic apples,snack,2024-04-06,4.0,10.96,43.84
3971,thomas thomas,35.0,sullivanfurt,140,granola,organic,2024-09-18,1.0,11.27,11.27
3972,karen black,38.0,lake christinastad,168,organic apples,vegetable,2024-07-24,1.0,5.74,5.74
3973,jessica gallegos,34.0,basschester,164,granola,vegetable,2024-09-29,1.0,11.65,11.65
3974,julie maddox,18.0,cordovaview,110,organic apples,organic,2024-11-08,1.0,2.87,2.87
3975,kevin rogers,51.0,dodsonside,105,fresh milk,dairy,2024-10-27,3.0,5.25,15.75
3976,mary valenzuela,56.0,sarahfurt,100,organic apples,organic,2024-11-05,2.0,12.29,24.58
3977,brandon rogers,38.0,west travis,168,organic apples,organic,2024-09-28,3.0,10.62,31.86
3978,melanie jackson,66.0,west dianeburgh,112,tofu,vegetable,2024-02-26,2.0,14.26,28.52
3982,phillip white,77.0,new dianetown,187,almond butter,vegetable,2024-06-18,2.0,18.37,36.74
3984,thomas jackson,49.0,port debbie,157,fresh milk,organic,2024-10-16,3.0,11.97,35.910000000000004
3985,ryan boyd,73.0,east morgan,174,almond butter,organic,2024-05-04,2.0,19.58,39.16
3986,kara reed,62.0,north christina,191,kale,vegetable,2024-02-05,4.0,1.19,4.76
3987,joshua patton,21.0,robinsonland,125,fresh milk,vegetable,2024-06-15,1.0,3.63,3.63
3988,joshua walton,55.0,rebeccaside,186,kale,vegetable,2024-10-06,2.0,1.66,3.32
3989,johnny carpenter,32.0,lake kelly,188,almond butter,dairy,2024-09-26,4.0,19.43,77.72
3990,sharon young,65.0,lindachester,177,tofu,organic,2024-10-22,4.0,10.74,42.96
3991,frank fleming,62.0,tracymouth,131,organic apples,vegetable,2024-03-15,2.0,5.04,10.08
3992,rebecca bond,62.0,mooretown,175,almond butter,organic,2024-07-14,2.0,4.93,9.86
3993,valerie freeman,30.0,west lesliestad,177,almond butter,snack,2024-11-03,4.0,16.4,65.6
3994,lisa howell,78.0,gonzalezfort,111,kale,snack,2024-06-09,3.0,11.35,34.05
3995,rebecca williams,64.0,west christopherview,140,tofu,dairy,2024-05-26,2.0,17.09,34.18
3996,stephen miller,52.0,hawkinsland,105,almond butter,organic,2024-04-06,2.0,13.39,26.78
3997,elizabeth hughes,38.0,port leslie,191,almond butter,vegetable,2024-08-11,4.0,13.08,52.32
3998,robert dean,19.0,west amandastad,109,granola,vegetable,2024-10-17,1.0,14.85,14.85
3999,michael hill,67.0,lake carlosview,116,almond butter,organic,2024-09-01,4.0,14.38,57.52
4000,daniel ayers,62.0,lake david,101,tofu,snack,2024-03-11,2.0,19.15,38.3
4001,mrs. leslie white,50.0,lake josephberg,140,fresh milk,organic,2024-03-19,3.0,15.48,46.44
4002,evelyn lamb,19.0,christophermouth,182,granola,vegetable,2024-01-06,2.0,14.18,28.36
4003,michael chen,55.0,lake melissatown,184,granola,organic,2024-02-04,1.0,1.0,1.0
4004,tara pacheco,22.0,new brian,139,tofu,vegetable,2024-02-05,2.0,8.75,17.5
4005,michelle andrews,55.0,brandonfort,108,granola,vegetable,2024-03-24,4.0,3.27,13.08
4006,tina murillo,30.0,walkermouth,184,almond butter,vegetable,2024-09-28,4.0,18.42,73.68
4007,benjamin castillo,28.0,maloneland,122,kale,organic,2024-10-31,2.0,8.81,17.62
4008,nicole reyes,29.0,garciastad,191,tofu,snack,2024-07-18,4.0,451.25,1805.0
4009,amber davis,64.0,north michele,124,organic apples,snack,2024-06-04,4.0,3.23,12.92
4010,parker lewis,67.0,alexandrashire,189,kale,vegetable,2024-02-15,1.0,19.87,19.87
4011,carlos jimenez,43.0,edwardbury,121,almond butter,dairy,2024-02-20,1.0,6.39,6.39
4012,michael mccormick,58.0,east christopherburgh,109,organic apples,organic,2024-04-17,1.0,7.65,7.65
4013,amy may,67.0,south laurashire,106,kale,dairy,2024-10-01,4.0,18.04,72.16
4014,robert smith,68.0,new catherineburgh,177,kale,organic,2024-10-25,3.0,18.4,55.2
4015,mark webb,68.0,port robertland,129,fresh milk,dairy,2024-06-01,2.0,19.83,39.66
4016,kent castro,68.0,derrickmouth,112,tofu,dairy,2024-04-30,1.0,17.9,17.9
4017,sharon berry,79.0,barnesberg,154,almond butter,vegetable,2024-02-12,2.0,2.02,4.04
4018,veronica mccarthy,21.0,east michaelview,105,almond butter,organic,2024-10-05,4.0,19.36,77.44
4019,kim rivera,61.0,east theresashire,118,granola,organic,2024-09-10,4.0,12.04,48.16
4020,brittany key,29.0,south kimberly,157,almond butter,snack,2024-06-01,4.0,11.63,46.52
4021,megan baker,48.0,east kathyside,102,organic apples,vegetable,2024-10-31,2.0,18.97,37.94
4022,matthew thornton,75.0,west shelleyberg,178,fresh milk,vegetable,2024-03-07,3.0,2.48,7.439999999999999
4023,elizabeth tucker,19.0,curtisstad,130,fresh milk,snack,2024-05-25,3.0,5.13,15.39
4024,donald huang,20.0,north marciamouth,143,organic apples,organic,2024-04-30,2.0,17.93,35.86
4025,christopher chavez,54.0,new tina,141,almond butter,snack,2024-10-24,2.0,6.03,12.06
4026,erica freeman,29.0,cindyview,123,tofu,vegetable,2024-07-04,3.0,11.32,33.96
4027,anna fisher,43.0,shanechester,139,organic apples,snack,2024-07-18,1.0,7.6,7.6
4028,jack crawford,45.0,east katelynmouth,186,kale,snack,2024-05-04,2.0,7.95,15.9
4029,jermaine rosario,64.0,andrewton,144,organic apples,snack,2024-06-05,2.0,13.73,27.46
4030,michelle poole,22.0,south michelleville,143,almond butter,snack,2024-11-01,4.0,14.64,58.56
4031,sean parker,59.0,kingview,136,granola,vegetable,2024-06-23,2.0,4.98,9.96
4032,william cooley,73.0,rodriguezborough,104,tofu,snack,2024-08-27,3.0,9.43,28.29
4033,patricia stanley,18.0,johnstonmouth,188,almond butter,vegetable,2024-08-20,4.0,18.7,74.8
4034,mr. mark snow ii,47.0,port charles,177,tofu,snack,2024-10-05,2.0,8.57,17.14
4035,joshua barker,52.0,south michael,100,granola,snack,2024-02-27,1.0,10.73,10.73
4036,jessica brown,38.0,stanleystad,133,kale,snack,2024-10-14,2.0,10.53,21.06
4037,rachael alvarez,40.0,north jean,163,kale,dairy,2024-08-31,4.0,1.87,7.48
4038,stacy white,36.0,huffmanberg,143,fresh milk,snack,2024-09-30,4.0,13.28,53.12
4039,stephanie greer,59.0,gibsonmouth,170,tofu,organic,2024-02-23,1.0,13.27,13.27
4040,john king,62.0,ginaville,131,kale,vegetable,2024-06-23,1.0,2.72,2.72
4041,elijah wood,38.0,east matthew,178,kale,organic,2024-01-30,3.0,7.8,23.4
4042,robert edwards,52.0,port melindaport,154,tofu,snack,2024-03-23,3.0,3.79,11.37
4043,kristin johnson,40.0,robertsborough,193,almond butter,snack,2024-08-26,1.0,9.93,9.93
4044,roger newman,58.0,south ericmouth,146,granola,vegetable,2024-06-30,3.0,7.02,21.06
4045,marcia tran,18.0,schultzchester,125,tofu,dairy,2024-01-02,2.0,17.5,35.0
4046,tina ramirez,51.0,port nicole,139,almond butter,snack,2024-10-23,4.0,7.35,29.4
4047,david french,61.0,debrahaven,124,kale,dairy,2024-02-02,3.0,11.55,34.650000000000006
4048,christian morgan,31.0,barnesborough,141,granola,snack,2024-02-13,3.0,8.07,24.21
4049,elizabeth smith,19.0,tammyburgh,147,tofu,dairy,2024-08-28,4.0,16.84,67.36
4050,kristine davis,67.0,samanthastad,122,tofu,snack,2024-05-31,2.0,3.98,7.96
4051,kimberly donovan,50.0,michelleshire,163,fresh milk,snack,2024-03-15,2.0,16.77,33.54
4052,melissa blackburn,76.0,rodriguezton,147,almond butter,organic,2024-10-18,2.0,17.52,35.04
4053,annette tran,54.0,east amandaton,153,tofu,organic,2024-11-05,4.0,10.65,42.6
4054,theresa knight,32.0,east erinstad,101,granola,snack,2024-06-30,1.0,19.49,19.49
4055,michelle riggs,23.0,new charlesside,164,granola,vegetable,2024-11-06,3.0,18.79,56.37
4056,kristin mathews,22.0,rachelland,145,tofu,snack,2024-10-13,3.0,6.65,19.950000000000003
4057,douglas small,24.0,brownport,180,kale,dairy,2024-07-26,2.0,11.91,23.82
4058,justin lindsey,60.0,kochburgh,194,fresh milk,vegetable,2024-08-13,3.0,10.91,32.730000000000004
4059,shannon nguyen,59.0,east johnfurt,181,fresh milk,dairy,2024-06-10,2.0,14.04,28.08
4060,sarah stewart,45.0,lake april,151,almond butter,vegetable,2024-07-03,3.0,6.52,19.56
4062,jonathan diaz,29.0,port elizabeth,156,almond butter,dairy,2024-08-05,4.0,18.17,72.68
4063,stacy burgess,31.0,lewisview,185,fresh milk,snack,2024-02-13,2.0,17.84,35.68
4064,amanda collins,24.0,west andreville,164,almond butter,organic,2024-03-04,4.0,11.19,44.76
4065,lisa mcfarland,18.0,west amber,100,granola,dairy,2024-07-07,1.0,7.42,7.42
4066,juan sanchez,78.0,lake madelineport,198,kale,organic,2024-06-29,1.0,9.33,9.33
4067,april porter,30.0,lake ricky,136,organic apples,dairy,2024-01-12,4.0,2.97,11.88
4068,paul merritt,34.0,north gregory,101,fresh milk,snack,2024-04-17,1.0,8.56,8.56
4069,holly velazquez,23.0,south david,124,tofu,vegetable,2024-11-06,3.0,14.23,42.69
4070,tamara jimenez,55.0,lake johnshire,101,almond butter,snack,2024-03-23,1.0,5.91,5.91
4071,daniel smith,79.0,lawsonberg,170,fresh milk,vegetable,2024-05-04,3.0,18.97,56.91
4072,joseph waters,47.0,south stephanie,154,almond butter,vegetable,2024-08-13,1.0,6.57,6.57
4073,cory higgins,20.0,anachester,163,fresh milk,vegetable,2024-03-22,3.0,4.38,13.14
4074,nathan jensen,75.0,north nicoleburgh,180,almond butter,dairy,2024-07-10,1.0,13.3,13.3
4076,melanie walker,43.0,south markbury,125,tofu,dairy,2024-08-11,4.0,18.3,73.2
4077,vanessa french,56.0,north michellefurt,159,organic apples,vegetable,2024-09-03,2.0,1.9,3.8
4078,michelle whitney,65.0,port gabriel,199,organic apples,dairy,2024-07-17,1.0,9.61,9.61
4079,kristin lamb,67.0,east vanessa,159,organic apples,snack,2024-10-23,2.0,10.27,20.54
4080,gregory salazar,62.0,new michael,113,fresh milk,dairy,2024-01-03,3.0,5.24,15.72
4081,victoria boyer,23.0,new ronaldfurt,160,organic apples,organic,2024-08-18,3.0,18.39,55.17
4082,nicole taylor,31.0,new tammy,135,organic apples,snack,2024-06-19,1.0,1.32,1.32
4083,jennifer gross,49.0,nancystad,153,fresh milk,organic,2024-11-06,4.0,15.86,63.44
4084,kimberly christian,63.0,carterland,184,organic apples,snack,2024-05-19,4.0,17.94,71.76
4085,seth miller,19.0,south debra,131,fresh milk,organic,2024-05-12,4.0,19.51,78.04
4086,megan collins,62.0,barryport,184,tofu,dairy,2024-05-17,2.0,13.67,27.34
4087,krista ramsey,23.0,hillside,144,organic apples,vegetable,2024-03-26,1.0,10.13,10.13
4088,jennifer villarreal,43.0,west samantha,106,tofu,snack,2024-02-05,3.0,15.92,47.76
4089,amanda brown,28.0,vincentside,150,organic apples,snack,2024-10-07,2.0,9.45,18.9
4090,scott miller,71.0,parkerside,106,kale,dairy,2024-04-05,1.0,19.06,19.06
4091,jennifer dougherty,47.0,dalemouth,161,tofu,vegetable,2024-07-03,4.0,18.68,74.72
4092,jessica jones,54.0,josephburgh,113,granola,vegetable,2024-08-31,4.0,10.54,42.16
4093,jamie santana,79.0,kristenchester,117,fresh milk,dairy,2024-02-12,1.0,136.28,136.28
4094,william white,47.0,west betty,111,kale,vegetable,2024-06-29,1.0,2.2,2.2
4095,yolanda delacruz,76.0,east edward,107,organic apples,vegetable,2024-10-06,4.0,19.41,77.64
4096,joshua martin,58.0,north kim,152,almond butter,snack,2024-09-18,1.0,17.04,17.04
4097,christina wilkerson,36.0,morrisonport,138,granola,vegetable,2024-07-23,2.0,18.15,36.3
4098,james jackson,29.0,new michele,153,fresh milk,organic,2024-10-24,4.0,10.41,41.64
4099,christina myers,50.0,baileyville,179,fresh milk,dairy,2024-10-15,3.0,11.88,35.64
4100,steven nichols,31.0,natashafurt,103,organic apples,organic,2024-10-05,2.0,3.11,6.22
4101,phillip hunt,39.0,east danielle,192,tofu,snack,2024-02-11,1.0,9.45,9.45
4102,andrew porter,70.0,natalieborough,166,granola,dairy,2024-01-16,2.0,8.61,17.22
4103,allison martinez,19.0,south timothyhaven,167,granola,organic,2024-08-19,4.0,16.9,67.6
4104,edgar harris,55.0,rodneyborough,145,organic apples,dairy,2024-06-02,1.0,16.33,16.33
4105,jeffery howard,22.0,west tiffany,115,fresh milk,vegetable,2024-03-13,4.0,6.14,24.56
4107,felicia pennington,30.0,phillipsburgh,122,organic apples,dairy,2024-04-12,3.0,3.32,9.96
4108,jay anderson,19.0,west nancy,195,granola,dairy,2024-04-11,2.0,18.11,36.22
4109,susan york,49.0,wesh nicholasport,195,kale,snack,2024-10-11,3.0,9.0,27.0
4110,sara wells,28.0,south stacyfurt,125,granola,dairy,2024-05-01,1.0,12.51,12.51
4111,michelle roberson,51.0,morrismouth,186,fresh milk,snack,2024-11-04,4.0,5.47,21.88
4112,vicki murphy,65.0,lynnport,142,kale,vegetable,2024-08-29,2.0,3.51,7.02
4113,willie todd,45.0,port nicolehaven,166,kale,dairy,2024-03-16,1.0,18.65,18.65
4114,jacob kim,71.0,dennisbury,159,granola,dairy,2024-09-10,4.0,5.23,20.92
4115,joshua fields,25.0,dawnside,107,tofu,organic,2024-03-29,3.0,3.08,9.24
4116,sherry flores,25.0,diazmouth,169,kale,dairy,2024-09-10,3.0,1.83,5.49
4117,donna smith,53.0,west williamville,107,tofu,snack,2024-05-23,1.0,16.74,16.74
4118,michelle garza,51.0,north stevenland,128,kale,snack,2024-04-10,1.0,7.6,7.6
4119,noah miller,77.0,new kathleen,150,granola,snack,2024-09-13,4.0,18.81,75.24
4120,seth hall,24.0,bensonville,156,tofu,organic,2024-06-08,4.0,11.04,44.16
4121,sarah king,76.0,west sarah,144,tofu,organic,2024-04-22,4.0,6.56,26.24
4122,edward salazar,40.0,new angelfort,177,fresh milk,dairy,2024-10-29,4.0,3.25,13.0
4123,jennifer cohen,78.0,west robertland,107,kale,snack,2024-07-12,3.0,8.44,25.32
4124,veronica newman,69.0,new kimtown,138,tofu,vegetable,2024-02-17,4.0,16.19,64.76
4125,william pratt,27.0,south jackieport,180,tofu,vegetable,2024-04-25,3.0,4.73,14.19
4126,krystal allen,51.0,port matthewside,119,almond butter,dairy,2024-05-04,1.0,4.53,4.53
4127,carrie ford,50.0,new patrick,121,kale,snack,2024-04-29,2.0,4.66,9.32
4128,connie johnson,63.0,ashleyland,195,granola,dairy,2024-07-31,3.0,3.62,10.86
4129,mark smith,66.0,edwardshaven,190,kale,vegetable,2024-05-31,3.0,1.07,3.21
4131,kevin lopez,52.0,markfort,101,tofu,organic,2024-10-08,4.0,18.73,74.92
4132,michelle cline,30.0,west meghan,121,kale,dairy,2024-06-19,1.0,16.44,16.44
4133,luis rivas,38.0,north brittney,155,granola,organic,2024-06-14,1.0,1.98,1.98
4134,deborah stephenson,50.0,east allenport,113,kale,organic,2024-08-26,1.0,16.75,16.75
4135,jennifer white,77.0,north stephaniefurt,194,organic apples,snack,2024-05-10,4.0,10.73,42.92
4136,donald phelps,54.0,alantown,196,fresh milk,dairy,2024-06-18,1.0,1.27,1.27
4138,jared mayo,77.0,new tristan,102,kale,vegetable,2024-08-06,1.0,11.55,11.55
4139,joshua tapia,74.0,lake markside,151,kale,snack,2024-03-01,2.0,11.78,23.56
4140,jesus hoffman,31.0,north david,192,organic apples,organic,2024-02-16,2.0,10.84,21.68
4141,carla reyes,57.0,josephton,137,kale,snack,2024-05-12,1.0,5.84,5.84
4142,michael mcintyre,52.0,south emily,160,almond butter,snack,2024-07-21,2.0,10.06,20.12
4143,anthony garcia,28.0,north valeriefurt,134,almond butter,dairy,2024-01-19,1.0,8.85,8.85
4144,marcus ortiz,73.0,new jessicaview,183,almond butter,organic,2024-10-18,2.0,18.26,36.52
4145,paul valenzuela,20.0,new devin,198,tofu,dairy,2024-07-16,4.0,2.92,11.68
4146,steven bailey ii,35.0,snyderstad,102,granola,organic,2024-09-24,1.0,18.63,18.63
4147,richard schultz,62.0,reedfort,125,fresh milk,vegetable,2024-10-23,3.0,4.4,13.2
4148,emily rojas,76.0,julieville,114,organic apples,snack,2024-06-01,4.0,13.17,52.68
4149,dennis scott,67.0,mccluretown,178,fresh milk,dairy,2024-09-01,1.0,1.78,1.78
4150,robert smith,60.0,moraside,196,tofu,snack,2024-03-23,2.0,7.17,14.34
4151,sarah perez dds,45.0,harrellfurt,110,fresh milk,snack,2024-04-16,1.0,5.44,5.44
4152,christopher hart,25.0,castromouth,152,organic apples,organic,2024-01-07,4.0,19.36,77.44
4153,robert white,42.0,west dannyhaven,145,tofu,vegetable,2024-03-26,3.0,3.43,10.29
4154,david robles,27.0,north theresa,136,fresh milk,dairy,2024-10-18,1.0,6.44,6.44
4155,mr. shawn myers md,65.0,lake sarah,181,fresh milk,organic,2024-09-08,3.0,14.82,44.46
4156,david gillespie,32.0,pittsview,120,granola,dairy,2024-08-11,1.0,19.0,19.0
4157,rodney mathews,23.0,robinsonton,132,fresh milk,vegetable,2024-10-27,2.0,16.55,33.1
4158,yvonne jones,25.0,leahburgh,104,organic apples,dairy,2024-06-21,3.0,9.67,29.01
4159,peggy harvey,37.0,mariemouth,139,fresh milk,dairy,2024-01-23,1.0,17.14,17.14
4160,janet turner,67.0,west joshua,101,tofu,organic,2024-07-10,4.0,18.53,74.12
4161,danielle phelps,78.0,karenborough,188,kale,vegetable,2024-09-14,3.0,7.01,21.03
4162,martin gordon,21.0,stephanieville,119,fresh milk,vegetable,2024-03-25,4.0,16.09,64.36
4164,tammy cook,50.0,tabithabury,126,tofu,snack,2024-03-05,2.0,19.0,38.0
4165,timothy price,79.0,padillaland,109,granola,organic,2024-08-03,4.0,19.99,79.96
4166,molly clay,35.0,port amy,149,tofu,dairy,2024-04-26,4.0,12.46,49.84
4167,jose marquez,35.0,east claudia,168,fresh milk,vegetable,2024-04-18,3.0,7.53,22.59
4168,denise reyes,50.0,north cliffordside,198,granola,vegetable,2024-11-02,1.0,5.79,5.79
4170,grant collins,79.0,dickersonchester,123,almond butter,organic,2024-05-04,3.0,6.08,18.24
4171,steven barnes,30.0,new julie,175,tofu,vegetable,2024-05-14,2.0,7.28,14.56
4172,kristen terry,47.0,alexandriachester,108,tofu,vegetable,2024-03-14,3.0,19.08,57.24
4173,daniel miller,34.0,lake scottport,105,tofu,vegetable,2024-06-25,2.0,17.5,35.0
4174,wendy watson,44.0,west paul,186,almond butter,dairy,2024-10-26,1.0,3.36,3.36
4175,mary cervantes,31.0,lewisborough,148,tofu,snack,2024-06-11,1.0,13.36,13.36
4176,carla bates,42.0,hobury,126,organic apples,organic,2024-01-28,2.0,9.53,19.06
4177,sean reynolds,40.0,chandlerberg,145,kale,snack,2024-05-07,2.0,10.05,20.1
4178,dawn walls,71.0,schultzshire,191,kale,snack,2024-02-02,3.0,11.58,34.74
4179,michael johnson,37.0,west jacqueline,126,almond butter,snack,2024-05-16,2.0,12.2,24.4
4180,jessica hansen,28.0,briggsfort,178,almond butter,dairy,2024-09-09,2.0,7.46,14.92
4181,jessica edwards,40.0,michelleport,101,tofu,vegetable,2024-03-31,1.0,4.8,4.8
4182,jasmine sutton,19.0,new amandamouth,118,fresh milk,dairy,2024-08-02,3.0,11.23,33.69
4183,catherine lane,23.0,lake courtney,149,tofu,dairy,2024-04-17,3.0,8.08,24.24
4185,christine white,25.0,evansland,142,kale,organic,2024-01-05,4.0,19.09,76.36
4186,daniel mullins,60.0,north alisonport,148,organic apples,vegetable,2024-02-20,4.0,12.93,51.72
4187,samuel hicks,64.0,patrickport,150,almond butter,snack,2024-07-12,2.0,17.38,34.76
4188,joel poole,73.0,east austinchester,185,tofu,snack,2024-07-02,3.0,13.39,40.17
4189,kenneth leonard,62.0,south maryborough,195,fresh milk,vegetable,2024-03-16,2.0,12.99,25.98
4190,anne fernandez,33.0,gomezville,175,organic apples,dairy,2024-07-04,4.0,16.14,64.56
4191,daisy hill,18.0,shawfurt,118,tofu,organic,2024-07-23,3.0,13.64,40.92
4194,edward olsen,27.0,franktown,118,organic apples,dairy,2024-04-09,3.0,10.24,30.72
4195,christie cummings,55.0,johnport,111,organic apples,vegetable,2024-07-09,2.0,3.53,7.06
4196,ryan osborne,25.0,mcdonaldside,108,almond butter,organic,2024-10-01,4.0,17.45,69.8
4197,nicholas daniels,77.0,drewshire,133,organic apples,snack,2024-03-16,3.0,10.01,30.03
4198,joseph anderson,27.0,greenhaven,155,fresh milk,snack,2024-02-04,1.0,10.01,10.01
4199,adam webb,54.0,lake joseburgh,103,tofu,dairy,2024-02-27,1.0,7.22,7.22
4200,daniel barnett,67.0,port aaron,168,tofu,dairy,2024-05-05,4.0,11.75,47.0
4201,kaylee mendez,61.0,port frank,131,fresh milk,snack,2024-01-14,4.0,2.03,8.12
4202,sandra swanson,63.0,williamsland,193,fresh milk,organic,2024-10-26,4.0,14.43,57.72
4203,jessica fowler,34.0,owenshaven,123,almond butter,organic,2024-10-17,2.0,16.83,33.66
4204,amanda torres,77.0,north paige,174,tofu,snack,2024-09-25,2.0,15.29,30.58
4205,sean aguilar,58.0,new dawnhaven,170,kale,vegetable,2024-03-02,2.0,6.45,12.9
4206,charles king,42.0,farrellside,127,fresh milk,dairy,2024-01-23,1.0,6.95,6.95
4208,robyn larsen,61.0,port madison,154,fresh milk,snack,2024-08-02,1.0,9.04,9.04
4209,david brady,69.0,carriefurt,166,tofu,vegetable,2024-01-23,2.0,7.7,15.4
4210,dakota huang,74.0,scotthaven,184,tofu,vegetable,2024-02-07,3.0,18.86,56.58
4211,travis aguilar,45.0,north christineland,103,fresh milk,snack,2024-04-22,4.0,19.09,76.36
4212,ann mendoza,59.0,thompsonbury,112,kale,vegetable,2024-03-21,2.0,3.54,7.08
4213,benjamin jones,25.0,johnsonside,134,fresh milk,vegetable,2024-02-06,150.0,4.21,631.5
4214,martin martinez,75.0,lake kevinfort,191,kale,organic,2024-01-29,2.0,14.04,28.08
4215,dr. brandon brown,44.0,harrisberg,102,organic apples,organic,2024-03-03,4.0,11.24,44.96
4216,jonathan dawson,28.0,lake kevinborough,177,granola,dairy,2024-07-26,4.0,181.78,727.12
4217,deanna brown,78.0,east garrettfurt,137,almond butter,dairy,2024-10-01,3.0,10.53,31.59
4218,samantha allen,44.0,port eric,134,organic apples,dairy,2024-08-17,1.0,16.42,16.42
4219,natalie brown,38.0,devinchester,111,fresh milk,snack,2024-04-08,4.0,17.79,71.16
4220,shelby bartlett,63.0,joneschester,108,kale,dairy,2024-07-20,101.0,8.42,850.42
4221,wendy branch,58.0,owensbury,107,kale,snack,2024-07-09,1.0,8.21,8.21
4222,edward harrison,75.0,east raymond,124,granola,dairy,2024-03-25,2.0,11.15,22.3
4223,kenneth glass,39.0,lake stephenfurt,150,kale,vegetable,2024-03-08,4.0,8.89,35.56
4224,cheyenne stark,68.0,port kimberly,140,fresh milk,dairy,2024-03-26,1.0,5.8,5.8
4225,monica davies,71.0,south john,121,organic apples,snack,2024-09-03,2.0,12.93,25.86
4226,andrew jefferson,74.0,port ericville,127,organic apples,vegetable,2024-10-21,4.0,11.43,45.72
4227,gregory perry,42.0,cookfurt,192,granola,vegetable,2024-04-14,4.0,18.8,75.2
4228,phillip foster,22.0,north sierra,198,granola,organic,2024-01-18,2.0,206.71,413.42
4229,cheryl conner,20.0,leeburgh,163,granola,snack,2024-05-18,4.0,4.34,17.36
4230,gregory phillips,50.0,port jennifer,153,fresh milk,organic,2024-07-17,4.0,11.41,45.64
4231,chelsey lee,43.0,tracyborough,117,organic apples,organic,2024-08-22,2.0,9.11,18.22
4232,mandy sanchez,40.0,karenfurt,167,kale,vegetable,2024-09-19,4.0,7.06,28.24
4233,anthony mitchell,20.0,north jared,161,kale,dairy,2024-07-31,1.0,7.66,7.66
4234,william perry,46.0,palmerport,145,tofu,organic,2024-09-06,3.0,3.79,11.37
4236,hector huffman,55.0,mannberg,188,kale,organic,2024-01-24,3.0,18.2,54.6
4237,caitlin carter,24.0,veronicamouth,199,granola,organic,2024-07-27,1.0,9.0,9.0
4238,pamela rodriguez,70.0,lake kevin,138,granola,dairy,2024-06-11,1.0,7.68,7.68
4239,jennifer flores,36.0,east justin,123,organic apples,snack,2024-04-07,4.0,12.37,49.48
4240,danielle evans,71.0,patricialand,182,organic apples,organic,2024-07-15,3.0,11.72,35.160000000000004
4241,amy thomas,47.0,west carmentown,130,fresh milk,vegetable,2024-03-31,4.0,8.87,35.48
4242,tonya oneill,36.0,jessicachester,167,granola,snack,2024-09-09,1.0,11.63,11.63
4243,james lam,38.0,west raymond,178,tofu,dairy,2024-08-14,1.0,13.96,13.96
4244,lori melton,74.0,west sherry,188,tofu,organic,2024-02-11,4.0,19.65,78.6
4245,jessica nguyen,32.0,haynestown,159,granola,dairy,2024-05-10,1.0,4.61,4.61
4246,kelly knight,39.0,lake philip,163,kale,snack,2024-11-06,2.0,5.97,11.94
4247,tina jones,67.0,michaelchester,114,tofu,snack,2024-06-19,2.0,18.2,36.4
4248,kelly walsh,23.0,new josephtown,174,kale,dairy,2024-02-03,2.0,12.25,24.5
4249,jordan guzman,58.0,new joshua,139,kale,snack,2024-05-06,2.0,5.28,10.56
4250,andrea lopez,64.0,south jenniferton,172,tofu,dairy,2024-06-04,1.0,9.42,9.42
4251,melissa whitehead,37.0,bryanland,172,kale,organic,2024-09-25,2.0,2.45,4.9
4254,kathleen fowler,38.0,port roseville,145,granola,organic,2024-03-16,1.0,8.63,8.63
4255,tiffany jones,36.0,ashleymouth,174,fresh milk,organic,2024-04-28,3.0,19.92,59.760000000000005
4256,theresa edwards,66.0,south heather,122,organic apples,vegetable,2024-03-16,3.0,19.3,57.900000000000006
4257,michael patterson ii,53.0,north kristi,173,tofu,organic,2024-06-30,3.0,12.04,36.12
4258,teresa camacho,31.0,marisaville,132,organic apples,organic,2024-04-29,4.0,8.97,35.88
4259,kelsey collins,66.0,randyview,120,fresh milk,snack,2024-04-30,1.0,6.86,6.86
4260,madison lynch,35.0,pattonshire,113,organic apples,snack,2024-10-30,2.0,289.36,578.72
4261,anna oliver,71.0,craigberg,125,almond butter,dairy,2024-07-30,1.0,2.95,2.95
4262,suzanne irwin,19.0,new brian,119,tofu,dairy,2024-03-11,2.0,5.5,11.0
4263,julie lee,54.0,port laura,124,granola,dairy,2024-02-04,4.0,172.69,690.76
4264,leslie hardy,65.0,williamsmouth,133,fresh milk,snack,2024-01-29,1.0,8.8,8.8
4265,dawn joyce,18.0,farmerland,120,almond butter,organic,2024-05-17,4.0,331.21,1324.84
4266,laura stephens,70.0,port tony,148,kale,vegetable,2024-10-09,1.0,3.57,3.57
4267,erica weaver,76.0,east haleybury,143,almond butter,snack,2024-10-28,2.0,11.94,23.88
4268,mitchell vaughn,78.0,kimberlyshire,193,kale,vegetable,2024-02-28,4.0,4.23,16.92
4269,brian gordon,32.0,ryanton,103,tofu,snack,2024-09-01,1.0,11.27,11.27
4270,corey zuniga,79.0,ramseyborough,102,granola,organic,2024-09-15,3.0,6.25,18.75
4271,janet harvey,22.0,wilsonhaven,114,fresh milk,dairy,2024-06-11,4.0,8.94,35.76
4272,eugene stevenson,66.0,north margaretside,131,tofu,organic,2024-05-08,1.0,19.59,19.59
4273,diane wilson,38.0,christinahaven,155,fresh milk,organic,2024-01-11,3.0,1.6,4.800000000000001
4274,jeanne shaw,55.0,juanfurt,114,fresh milk,dairy,2024-06-04,1.0,5.56,5.56
4275,ronald stephenson,27.0,debrastad,175,fresh milk,dairy,2024-02-18,2.0,1.95,3.9
4276,tina barton,34.0,rebeccaton,109,organic apples,organic,2024-05-14,3.0,19.84,59.52
4277,amy thomas,42.0,meganhaven,122,organic apples,snack,2024-07-30,3.0,14.4,43.2
4278,lori taylor,58.0,lake richardside,103,granola,snack,2024-08-14,174.0,1.21,210.54
4279,william bryant,47.0,kendraborough,104,granola,organic,2024-03-01,2.0,8.89,17.78
4281,brenda guzman,27.0,port edward,169,almond butter,organic,2024-02-02,2.0,11.2,22.4
4282,alejandro sanders,64.0,port anthony,149,kale,dairy,2024-10-31,3.0,1.31,3.93
4283,tonya west,79.0,campbellberg,176,tofu,vegetable,2024-07-29,1.0,15.07,15.07
4284,melvin rivera,18.0,port nicoleview,186,fresh milk,vegetable,2024-05-17,2.0,15.79,31.58
4285,angela brown,72.0,port kathleen,166,kale,organic,2024-05-23,4.0,2.08,8.32
4286,karen rush,59.0,south tommy,174,granola,dairy,2024-09-23,3.0,9.64,28.92
4287,jasmine valencia,62.0,north glennport,133,fresh milk,vegetable,2024-08-15,1.0,4.17,4.17
4288,colton newton,54.0,bushchester,183,tofu,vegetable,2024-02-14,2.0,13.18,26.36
4289,vanessa keith,71.0,youngton,110,kale,dairy,2024-05-12,4.0,8.78,35.12
4290,laura lee,33.0,josephport,123,fresh milk,snack,2024-10-02,3.0,12.46,37.38
4291,adrian golden,23.0,new angela,160,organic apples,snack,2024-03-04,1.0,12.89,12.89
4292,crystal west,55.0,bradleyfort,159,kale,snack,2024-04-06,4.0,11.73,46.92
4293,timothy johnson,66.0,new robertview,129,granola,dairy,2024-05-08,4.0,2.7,10.8
4294,christopher hartman,43.0,richardstad,188,tofu,dairy,2024-11-02,3.0,17.91,53.73
4295,brent hurst,50.0,kellyburgh,145,almond butter,vegetable,2024-02-27,4.0,14.6,58.4
4296,dustin thomas,35.0,lake kevinville,184,almond butter,vegetable,2024-10-14,1.0,8.09,8.09
4297,julia robles,25.0,north marisaburgh,125,almond butter,dairy,2024-04-23,4.0,19.05,76.2
4298,roberta hill,67.0,lake bryan,168,organic apples,snack,2024-04-14,1.0,6.23,6.23
4300,james torres,51.0,toddtown,138,fresh milk,vegetable,2024-07-12,3.0,5.64,16.919999999999998
4301,charles moore,77.0,dawsonburgh,147,fresh milk,snack,2024-06-02,3.0,3.35,10.05
4302,michael davies,58.0,gordonbury,190,fresh milk,vegetable,2024-05-11,4.0,16.76,67.04
4303,mark olson jr.,39.0,donaldtown,116,organic apples,snack,2024-04-25,1.0,15.14,15.14
4304,dawn robinson,77.0,lake shawn,134,almond butter,organic,2024-02-19,3.0,3.14,9.42
4305,sarah young,58.0,joyceside,164,fresh milk,organic,2024-04-18,4.0,14.6,58.4
4306,christina parker,53.0,elijahchester,150,kale,vegetable,2024-09-10,3.0,17.65,52.95
4307,crystal barnett,24.0,lake timothy,119,tofu,snack,2024-10-19,2.0,8.9,17.8
4308,brandon knight,56.0,joshuaville,194,organic apples,vegetable,2024-01-11,3.0,15.08,45.24
4309,amy andrade,18.0,sharonborough,176,tofu,vegetable,2024-09-05,2.0,17.74,35.48
4310,katelyn house,33.0,browningland,162,organic apples,vegetable,2024-04-02,3.0,11.98,35.94
4311,julie lutz,71.0,south michael,179,organic apples,organic,2024-09-11,3.0,14.71,44.13
4312,angela garcia,18.0,east andrea,109,granola,snack,2024-05-27,1.0,18.34,18.34
4313,stephanie adams,51.0,bentleymouth,101,fresh milk,snack,2024-02-26,2.0,13.07,26.14
4314,eric nelson,71.0,north tyler,159,almond butter,dairy,2024-02-28,2.0,2.62,5.24
4315,diana dunlap,41.0,new grantbury,194,granola,dairy,2024-10-29,3.0,16.93,50.79
4316,clinton li,52.0,mariamouth,109,tofu,vegetable,2024-01-14,3.0,14.38,43.14
4319,austin turner,73.0,lake annemouth,194,granola,dairy,2024-04-29,1.0,11.36,11.36
4320,micheal watson,70.0,jeflreyside,180,kale,vegetable,2024-09-16,3.0,11.93,35.79
4321,connor king,56.0,west brenda,104,fresh milk,organic,2024-09-22,1.0,6.92,6.92
4322,john solomon,26.0,lindseyland,177,almond butter,dairy,2024-04-27,4.0,3.86,15.44
4323,patrick fisher,22.0,port todd,192,tofu,snack,2024-06-10,2.0,17.38,34.76
4324,eric bowman,58.0,whiteport,113,tofu,snack,2024-07-29,3.0,2.54,7.62
4325,tyler powers,41.0,castilloport,151,kale,vegetable,2024-08-06,4.0,17.43,69.72
4326,gregory hays,39.0,pricefort,154,tofu,snack,2024-04-30,4.0,1.61,6.44
4328,levi lopez,43.0,jenniferland,147,almond butter,vegetable,2024-07-04,3.0,7.32,21.96
4329,andrea myers,48.0,donnahaven,177,almond butter,vegetable,2024-09-24,3.0,9.11,27.33
4330,cheryl bolton,50.0,lake chadmouth,189,granola,snack,2024-02-20,2.0,7.43,14.86
4331,susan mcmahon,77.0,wongmouth,125,tofu,organic,2024-02-27,1.0,9.25,9.25
4332,jason chambers,53.0,port patriciaborough,146,tofu,dairy,2024-05-14,3.0,9.85,29.55
4333,christopher davila,57.0,ashleybury,107,almond butter,vegetable,2024-04-21,3.0,5.83,17.490000000000002
4336,sandra gentry,45.0,south johnmouth,149,fresh milk,dairy,2024-08-19,4.0,4.27,17.08
4337,mikayla lee,37.0,amberhaven,178,tofu,dairy,2024-09-09,3.0,6.22,18.66
4338,calvin little,24.0,nelsonfurt,166,kale,snack,2024-09-08,4.0,5.68,22.72
4339,dr. dustin powers,78.0,hollytown,110,organic apples,organic,2024-11-06,2.0,10.4,20.8
4340,lisa madden,66.0,casoanedatown,141,fresh milk,vegetable,2024-09-12,2.0,11.61,23.22
4341,julie clark,20.0,jenniferborough,147,tofu,dairy,2024-03-16,1.0,10.93,10.93
4342,david briggs,28.0,brandimouth,185,kale,vegetable,2024-10-08,1.0,3.27,3.27
4343,toni guzman,21.0,gonzalezton,181,granola,vegetable,2024-10-28,4.0,17.62,70.48
4344,steve johnson,55.0,south benjamin,198,kale,snack,2024-06-11,4.0,5.57,22.28
4345,lisa moreno,79.0,north lisashire,199,organic apples,dairy,2024-03-16,4.0,19.04,76.16
4346,steven page,65.0,martinezton,140,almond butter,dairy,2024-10-25,4.0,17.64,70.56
4347,rachel estrada,79.0,jenkinsburgh,139,tofu,vegetable,2024-07-07,2.0,13.63,27.26
4348,sydney barton dds,42.0,new lisastad,160,kale,vegetable,2024-11-08,1.0,10.7,10.7
4349,kurt peters,49.0,lindseyhaven,124,almond butter,vegetable,2024-08-12,2.0,3.2,6.4
4350,mary pham,43.0,cooperville,198,tofu,dairy,2024-04-28,4.0,6.14,24.56
4351,michael french,45.0,elizabethstad,114,organic apples,vegetable,2024-10-27,1.0,2.11,2.11
4352,megan holland,67.0,walkerstad,146,kale,organic,2024-09-24,1.0,5.36,5.36
4353,dr. amanda carpenter,67.0,melissaport,164,almond butter,snack,2024-07-05,2.0,12.8,25.6
4355,tina sosa,28.0,michaelside,136,tofu,organic,2024-08-16,4.0,11.05,44.2
4356,joseph lester,44.0,millerfurt,198,organic apples,organic,2024-06-19,3.0,6.33,18.99
4357,dr. gail alvarado,51.0,elijahberg,177,organic apples,snack,2024-01-29,1.0,12.94,12.94
4358,adrian hernandez,31.0,cowanside,146,tofu,snack,2024-09-22,1.0,2.84,2.84
4359,jordan hinton,78.0,port josefurt,185,almond butter,snack,2024-06-09,2.0,6.14,12.28
4360,ronald villegas,62.0,lake randall,112,organic apples,dairy,2024-04-25,3.0,11.7,35.099999999999994
4361,maureen fleming,40.0,new normanberg,132,almond butter,organic,2024-06-30,1.0,10.0,10.0
4362,cameron pham,58.0,port denise,108,fresh milk,organic,2024-09-16,4.0,7.14,28.56
4363,jesse norris,75.0,new jonathan,162,organic apples,dairy,2024-03-31,1.0,12.44,12.44
4364,maria martinez,40.0,bakerchester,179,fresh milk,snack,2024-03-11,4.0,11.77,47.08
4365,mark stuart,28.0,west crystal,132,kale,vegetable,2024-08-11,2.0,13.68,27.36
4366,angela terry,73.0,east destiny,192,organic apples,dairy,2024-01-26,1.0,16.82,16.82
4367,shannon johnson,73.0,mcleanmouth,183,organic apples,dairy,2024-08-30,2.0,1.79,3.58
4368,edwin walter,76.0,east brianburgh,134,almond butter,organic,2024-10-23,4.0,3.69,14.76
4369,cynthia clark,57.0,lauraton,102,granola,organic,2024-03-14,1.0,16.16,16.16
4370,sabrina davis,70.0,gonzaleschester,126,kale,dairy,2024-10-16,4.0,9.37,37.48
4371,walter pruitt,26.0,south hectorville,110,fresh milk,organic,2024-07-03,2.0,7.48,14.96
4372,erin dominguez,79.0,west michaelhaven,139,organic apples,snack,2024-02-29,3.0,18.67,56.010000000000005
4373,derek ortega,78.0,south jamestown,178,almond butter,vegetable,2024-10-31,1.0,19.74,19.74
4375,rebecca pitts,73.0,port anthony,106,fresh milk,snack,2024-04-08,4.0,16.7,66.8
4376,chelsea miller,49.0,cookland,135,kale,snack,2024-09-02,3.0,7.61,22.83
4377,catherine jackson,72.0,amytown,162,fresh milk,dairy,2024-08-30,2.0,487.54,975.08
4378,sarah jones,53.0,east debratown,174,almond butter,snack,2024-03-27,2.0,14.78,29.56
4379,isabella cordova,73.0,east cristina,151,almond butter,snack,2024-03-07,3.0,13.76,41.28
4381,robyn molina,70.0,howardshire,182,almond butter,snack,2024-04-12,3.0,13.27,39.81
4382,nathan sosa,59.0,west laura,149,almond butter,dairy,2024-08-22,4.0,4.87,19.48
4383,michael jackson,78.0,hicksview,120,organic apples,snack,2024-02-17,1.0,12.93,12.93
4384,veronica gregory,18.0,lake rodney,112,almond butter,snack,2024-06-11,1.0,6.47,6.47
4385,joshua kelly,47.0,kristintown,135,organic apples,dairy,2024-05-20,1.0,2.18,2.18
4387,angela velasquez,47.0,carlsonborough,146,fresh milk,vegetable,2024-03-18,1.0,2.98,2.98
4389,julie hudson,58.0,south stephenside,124,fresh milk,vegetable,2024-01-13,1.0,12.31,12.31
4390,rebecca berg,58.0,edwardsborough,155,kale,snack,2024-01-18,3.0,10.87,32.61
4391,matthew evans,22.0,north andrew,125,almond butter,dairy,2024-10-06,2.0,6.92,13.84
4392,michael sosa,33.0,easz elijahmouth,129,kale,snack,2024-08-29,2.0,8.43,16.86
4393,matthew lopez,76.0,north paul,168,granola,vegetable,2024-02-27,2.0,3.45,6.9
4394,travis bird,76.0,mallorymouth,102,kale,snack,2024-07-04,2.0,16.11,32.22
4395,michael rodriguez,55.0,west jenna,182,tofu,dairy,2024-10-15,1.0,2.47,2.47
4396,megan atkins,78.0,rodriguezmouth,195,kale,organic,2024-05-06,3.0,15.57,46.71
4397,kyle johnson,40.0,wallerbury,152,almond butter,snack,2024-02-27,3.0,16.54,49.62
4398,virginia molina,21.0,leahshire,194,tofu,dairy,2024-04-08,2.0,4.25,8.5
4399,joseph mccall,31.0,whitetown,137,tofu,snack,2024-04-10,4.0,17.52,70.08
4400,james gates,50.0,shannonborough,181,organic apples,organic,2024-01-15,1.0,18.57,18.57
4401,alexis barker,50.0,owenshaven,191,fresh milk,dairy,2024-07-10,4.0,19.2,76.8
4402,christopher alvarez,38.0,east veronica,146,almond butter,organic,2024-10-03,1.0,6.67,6.67
4403,jasmine singleton,58.0,lake janice,171,tofu,dairy,2024-01-04,4.0,8.85,35.4
4404,david suarez,58.0,bishopshire,185,organic apples,vegetable,2024-05-20,3.0,16.78,50.34
4405,john sanders,47.0,johnstonmouth,156,kale,organic,2024-10-01,4.0,10.76,43.04
4406,jenny logan,42.0,moorestad,125,kale,snack,2024-01-07,3.0,19.8,59.400000000000006
4407,aaron terry,34.0,josehaven,161,organic apples,dairy,2024-06-19,4.0,4.81,19.24
4408,jonathan horn,39.0,hoffmanview,138,tofu,dairy,2024-07-27,2.0,3.59,7.18
4410,ryan freeman,55.0,south laura,199,tofu,organic,2024-03-01,4.0,14.71,58.84
4411,james kidd,63.0,east antonio,138,kale,organic,2024-01-05,4.0,12.02,48.08
4412,margaret jacobs,52.0,stewartshire,106,granola,dairy,2024-05-29,2.0,16.67,33.34
4413,briana yu,22.0,charlesport,182,tofu,dairy,2024-05-07,1.0,11.79,11.79
4416,steven vincent,58.0,woodmouth,135,tofu,organic,2024-05-02,2.0,18.36,36.72
4417,taylor cooper,75.0,lake leahfurt,111,kale,dairy,2024-08-02,2.0,12.09,24.18
4418,mark carroll,45.0,north allison,171,kale,vegetable,2024-10-19,4.0,3.81,15.24
4420,danielle soto,25.0,mendezport,114,tofu,organic,2024-04-27,3.0,8.51,25.53
4421,mark cummings,72.0,south sarah,118,granola,organic,2024-04-11,1.0,15.72,15.72
4422,michael smith,39.0,elizabethville,169,granola,organic,2024-09-22,1.0,19.21,19.21
4424,danielle lynch,37.0,north emily,179,organic apples,dairy,2024-04-23,1.0,17.45,17.45
4425,jonathan simmons,45.0,biaycaton,119,fresh milk,vegetable,2024-04-16,2.0,12.54,25.08
4426,sean beard,36.0,robertbury,191,granola,dairy,2024-03-19,2.0,9.85,19.7
4427,michael blackburn,65.0,west lisa,156,tofu,dairy,2024-08-24,1.0,9.74,9.74
4428,alexandria jones,29.0,chasehaven,179,kale,snack,2024-05-22,1.0,1.61,1.61
4429,ryan gallegos,18.0,west markton,105,tofu,dairy,2024-07-16,4.0,19.6,78.4
4430,savannah cervantes,40.0,stephaniechester,151,granola,snack,2024-03-20,1.0,14.0,14.0
4431,diana riley,49.0,lewismouth,124,almond butter,vegetable,2024-07-11,2.0,13.3,26.6
4432,nicole chan,65.0,kimmouth,192,organic apples,vegetable,2024-05-13,4.0,14.04,56.16
4433,peter carlson,32.0,watkinstown,199,almond butter,dairy,2024-03-13,3.0,15.48,46.44
4434,anthony molina,50.0,floresstad,128,organic apples,organic,2024-05-02,1.0,18.68,18.68
4435,kristy dickerson,27.0,sweeneyhaven,197,tofu,vegetable,2024-07-27,3.0,16.1,48.3
4436,mr. victor brown md,57.0,wayneberg,182,tofu,snack,2024-01-13,2.0,11.27,22.54
4437,charles marsh,35.0,caitlinfurt,187,fresh milk,dairy,2024-04-30,1.0,14.04,14.04
4438,garrett white,70.0,new melissastad,111,tofu,organic,2024-03-02,3.0,19.67,59.010000000000005
4439,john pennington,48.0,millston,105,fresh milk,dairy,2024-06-07,3.0,6.27,18.81
4440,kimberly burnett dds,71.0,ramosmouth,190,organic apples,snack,2024-07-13,2.0,5.87,11.74
4441,tracey nichols,66.0,port jamie,164,kale,snack,2024-09-13,1.0,6.44,6.44
4443,kimberly lawson,69.0,new ronald,176,organic apples,organic,2024-03-18,4.0,14.01,56.04
4444,alexis flores,74.0,kevinburgh,143,kale,vegetable,2024-07-23,4.0,4.59,18.36
4445,michael miller,74.0,south daniellemouth,162,granola,dairy,2024-09-21,1.0,13.06,13.06
4446,stephanie callahan,26.0,garciabury,176,organic apples,dairy,2024-05-25,4.0,13.98,55.92
4447,brooke cervantes,21.0,port elizabethmouth,120,granola,dairy,2024-08-27,2.0,5.5,11.0
4448,ashlee bryant,46.0,port juan,166,organic apples,vegetable,2024-09-11,2.0,3.66,7.32
4450,andrew brooks,43.0,north brittneychester,190,fresh milk,dairy,2024-03-24,1.0,5.45,5.45
4451,danny pruitt,18.0,new matthewstad,131,almond butter,organic,2024-06-09,4.0,15.92,63.68
4452,melissa boyd,52.0,east gregory,142,almond butter,dairy,2024-05-21,4.0,18.67,74.68
4453,shelly kelley,67.0,new geoffrey,113,organic apples,organic,2024-07-14,2.0,6.58,13.16
4454,cody walters,63.0,new omarfort,161,almond butter,organic,2024-06-04,3.0,2.17,6.51
4455,james myers,22.0,jacobport,143,almond butter,dairy,2024-01-10,4.0,2.57,10.28
4456,kristin shepherd,60.0,new kimberly,194,tofu,snack,2024-10-08,2.0,6.14,12.28
4457,brittney smith,39.0,adrianaland,133,almond butter,snack,2024-05-12,4.0,2.4,9.6
4458,jason vance,51.0,lake joshua,131,fresh milk,vegetable,2024-01-01,1.0,3.04,3.04
4459,kimberly nguyen,79.0,north anthony,100,kale,vegetable,2024-07-06,3.0,17.25,51.75
4460,karina hansen,32.0,lauraview,150,granola,snack,2024-07-27,2.0,11.09,22.18
4461,ethan weiss,78.0,port donport,166,granola,snack,2024-05-15,2.0,7.68,15.36
4462,tammy chambers,60.0,davidport,111,organic apples,dairy,2024-04-24,2.0,13.05,26.1
4464,douglas williams,21.0,south shanechester,133,organic apples,snack,2024-06-06,4.0,11.46,45.84
4465,mallory bennett,49.0,new bradleyland,135,fresh milk,snack,2024-06-17,4.0,9.84,39.36
4467,sandy walker,55.0,johntown,183,tofu,dairy,2024-04-11,4.0,4.67,18.68
4468,jason munoz,25.0,youngmouth,107,granola,snack,2024-02-20,3.0,5.35,16.049999999999997
4469,alexander clark,30.0,kelseyfort,149,tofu,organic,2024-03-03,4.0,7.36,29.44
4470,gina coleman,43.0,west keithbury,120,organic apples,snack,2024-05-12,2.0,13.44,26.88
4471,rebecca shannon,33.0,millerland,102,fresh milk,dairy,2024-05-09,4.0,1.18,4.72
4472,gina pena,19.0,danielland,116,kale,snack,2024-06-24,3.0,7.22,21.66
4473,sarah lopez,21.0,south samantha,159,organic apples,dairy,2024-10-30,3.0,5.58,16.740000000000002
4474,kyle hanna,47.0,ericberg,142,almond butter,dairy,2024-01-22,1.0,10.89,10.89
4475,patrick johnson,41.0,lake robertfort,168,granola,organic,2024-01-07,2.0,9.78,19.56
4476,elaine smith,31.0,lawrenceport,164,granola,snack,2024-01-02,4.0,1.14,4.56
4477,bruce lloyd,79.0,lakp joshua,119,granola,organic,2024-02-19,145.0,17.13,2483.85
4478,gerald mullen,46.0,soufh paultown,163,granola,dairy,2024-03-25,4.0,8.89,35.56
4479,christopher wood,43.0,west andrew,152,organic apples,organic,2024-09-08,3.0,13.92,41.76
4480,michael edwards,67.0,east amy,102,granola,organic,2024-10-08,1.0,4.21,4.21
4481,kathleen harris,58.0,fergusonburgh,175,tofu,dairy,2024-11-04,4.0,13.07,52.28
4482,denise tran,26.0,new austin,125,fresh milk,snack,2024-09-30,1.0,15.89,15.89
4483,sarah white,19.0,johnbury,157,granola,dairy,2024-08-02,1.0,18.36,18.36
4484,angela rodriguez,39.0,susanside,115,almond butter,dairy,2024-10-29,1.0,13.1,13.1
4485,amy johnson,55.0,rebeccahaven,142,fresh milk,snack,2024-07-17,2.0,1.41,2.82
4486,amanda johnson,54.0,michelleton,167,kale,dairy,2024-03-19,2.0,5.63,11.26
4487,terri james,55.0,lake shaneville,102,tofu,snack,2024-09-29,2.0,2.13,4.26
4488,larry moyer,28.0,singhfurt,141,organic apples,organic,2024-09-01,2.0,9.33,18.66
4489,michael murphy,25.0,houseland,133,granola,vegetable,2024-04-01,4.0,7.8,31.2
4490,alexander mcgee,40.0,north mary,178,fresh milk,snack,2024-02-03,2.0,17.63,35.26
4491,lisa smith,33.0,codyside,141,kale,dairy,2024-01-05,1.0,7.66,7.66
4492,joanna fuller,75.0,lake kimberly,166,kale,organic,2024-03-30,2.0,3.24,6.48
4493,john smith,39.0,welchstad,126,tofu,dairy,2024-06-03,1.0,14.58,14.58
4494,jessica golden,64.0,cruzside,171,almond butter,organic,2024-08-30,3.0,12.91,38.73
4495,jacob melendez,34.0,stevenchester,172,granola,snack,2024-10-11,163.0,19.62,3198.06
4496,rick foster,45.0,singhville,187,tofu,dairy,2024-03-26,1.0,4.23,4.23
4497,nathan mccall,50.0,lake christina,110,granola,dairy,2024-09-19,1.0,17.91,17.91
4498,brandy kramer,63.0,east laurenshire,126,kale,snack,2024-06-29,2.0,17.88,35.76
4499,justin adams,54.0,michelleberg,125,organic apples,dairy,2024-03-13,2.0,8.33,16.66
4500,heather brown,50.0,east danielfort,140,fresh milk,snack,2024-03-06,1.0,8.01,8.01
4501,justin santos,65.0,new ronnie,120,tofu,organic,2024-07-24,3.0,11.51,34.53
4502,kristin salazar,59.0,west jeffreyfurt,134,kale,vegetable,2024-03-30,3.0,12.1,36.3
4503,thomas peters,55.0,shieldsmouth,143,organic apples,dairy,2024-07-14,1.0,7.82,7.82
4504,karen gonzalez,67.0,north michaelmouth,175,almond butter,organic,2024-01-27,4.0,2.56,10.24
4505,anthony norman,39.0,east larryton,105,organic apples,snack,2024-02-13,3.0,16.95,50.85
4506,sherry powell,59.0,nelsonmouth,127,tofu,snack,2024-02-08,3.0,15.19,45.57
4507,jeffrey delgado,53.0,ryanmouth,185,fresh milk,organic,2024-05-04,2.0,7.3,14.6
4508,michael brown,48.0,bonniestad,167,organic apples,vegetable,2024-02-17,2.0,12.49,24.98
4509,ann torres,35.0,hansonside,194,organic apples,snack,2024-02-24,2.0,3.95,7.9
4510,noah bates,55.0,west bryan,141,kale,snack,2024-07-08,4.0,18.18,72.72
4511,jason ellis,42.0,vegaside,190,granola,organic,2024-08-24,2.0,18.92,37.84
4512,carl hill,78.0,ramosville,176,kale,snack,2024-01-26,2.0,17.64,35.28
4513,matthew gutierrez,41.0,alexshire,184,kale,vegetable,2024-01-09,3.0,15.63,46.89
4514,george huang,76.0,new carolynmouth,125,granola,snack,2024-05-09,2.0,17.27,34.54
4515,sarah knight,75.0,karenview,146,organic apples,snack,2024-08-17,1.0,7.13,7.13
4516,hannah lowe,50.0,port denisehaven,141,almond butter,dairy,2024-01-11,3.0,8.16,24.48
4517,bobby sanders,62.0,mooreside,133,organic apples,snack,2024-09-14,4.0,14.25,57.0
4518,kevin white,34.0,rebeccamouth,179,kale,organic,2024-03-26,2.0,1.61,3.22
4519,teresa bowen,77.0,lake williamland,170,organic apples,dairy,2024-05-04,2.0,7.46,14.92
4520,john jones,43.0,port andrewfurt,165,almond butter,dairy,2024-04-22,2.0,9.41,18.82
4521,paul scott,53.0,port jessicaton,167,tofu,vegetable,2024-02-19,4.0,16.07,64.28
4522,amy smith,73.0,curtisport,133,granola,organic,2024-09-20,2.0,9.52,19.04
4523,elizabeth silva,35.0,michaelville,168,organic apples,snack,2024-08-04,3.0,8.98,26.94
4524,molly sanchez,64.0,new mary,114,granola,dairy,2024-01-31,1.0,18.17,18.17
4525,abigail olsen,42.0,ericview,143,kale,dairy,2024-05-22,1.0,1.96,1.96
4526,jessica buck,56.0,new michelleside,148,granola,snack,2024-10-28,1.0,2.47,2.47
4527,sean gutierrez,45.0,kimland,158,almond butter,dairy,2024-07-01,3.0,17.26,51.78
4529,andrew singh,28.0,lake alyssa,192,organic apples,snack,2024-07-29,4.0,1.59,6.36
4530,shirley frye,18.0,north paulamouth,153,granola,vegetable,2024-01-25,4.0,12.28,49.12
4531,joshua ross,53.0,allisonchester,198,kale,organic,2024-09-22,4.0,18.97,75.88
4532,teresa davis,78.0,lake sandraberg,125,kale,dairy,2024-01-13,1.0,7.81,7.81
4533,tammy cooper,54.0,south michelle,160,almond butter,snack,2024-10-03,2.0,16.19,32.38
4534,joseph lowery,73.0,danielshire,181,kale,vegetable,2024-06-14,2.0,9.04,18.08
4535,alexander guerrero,68.0,briannamouth,113,granola,dairy,2024-04-04,2.0,2.09,4.18
4537,mr. steven olson,23.0,laurenmouth,163,fresh milk,dairy,2024-05-05,2.0,12.38,24.76
4538,nicolas shea,63.0,jorgeside,195,fresh milk,organic,2024-02-17,2.0,19.91,39.82
4539,michael jones,45.0,north kevin,102,tofu,vegetable,2024-07-11,2.0,18.35,36.7
4540,jennifer griffin,18.0,adamshaven,188,kale,snack,2024-08-31,3.0,8.14,24.42
4541,rebecca flores,55.0,north jennifer,147,fresh milk,vegetable,2024-04-30,3.0,14.63,43.89
4542,jon parker,58.0,west timothyborough,112,organic apples,snack,2024-07-06,3.0,8.43,25.29
4543,andrea sloan,66.0,new stephanie,105,fresh milk,dairy,2024-06-15,1.0,13.31,13.31
4544,nicole kane,46.0,north bethanyside,175,almond butter,vegetable,2024-10-24,1.0,11.88,11.88
4545,daniel roberts,47.0,port bryan,129,organic apples,vegetable,2024-02-14,1.0,4.36,4.36
4546,nicole carr,60.0,south christian,109,tofu,vegetable,2024-10-22,4.0,18.34,73.36
4547,kelly johnson,58.0,port lauriechester,124,organic apples,vegetable,2024-10-29,2.0,17.65,35.3
4549,elizabeth lewis,51.0,lake tracey,114,tofu,organic,2024-04-09,3.0,12.87,38.61
4550,jimmy carr,76.0,jenniferbury,160,organic apples,vegetable,2024-03-04,3.0,19.82,59.46
4551,jennifer mccullough,33.0,meyermouth,187,granola,snack,2024-01-20,3.0,15.11,45.33
4552,wanda graham,76.0,lake anne,192,organic apples,snack,2024-03-04,116.0,2.18,252.88
4553,vicki stone,46.0,west darrell,125,almond butter,organic,2024-08-19,3.0,19.66,58.98
4554,richard moody,79.0,south jacquelinemouth,132,almond butter,dairy,2024-05-09,2.0,19.28,38.56
4555,donna wu,23.0,north tyler,114,fresh milk,vegetable,2024-05-12,1.0,10.84,10.84
4556,susan patterson,33.0,clarketown,127,kale,dairy,2024-08-17,1.0,6.08,6.08
4557,jesus erickson,59.0,cannonfort,195,granola,dairy,2024-02-21,2.0,1.12,2.24
4558,brandon maddox,74.0,south jessica,155,granola,vegetable,2024-06-11,1.0,13.1,13.1
4559,pamela franklin,38.0,jenniferland,109,almond butter,organic,2024-01-06,4.0,16.6,66.4
4560,ann turner,47.0,south benjaminshire,187,tofu,organic,2024-10-30,1.0,4.11,4.11
4561,jessica lewis,66.0,andrebury,107,almond butter,snack,2024-05-05,3.0,15.07,45.21
4562,evan davis,74.0,johnburgh,154,granola,vegetable,2024-09-20,4.0,9.05,36.2
4563,erica jackson,27.0,new thomas,190,almond butter,snack,2024-09-14,1.0,7.88,7.88
4564,peter ford,53.0,grahamburgh,115,granola,snack,2024-07-07,1.0,3.86,3.86
4565,carlos white,48.0,north david,154,organic apples,snack,2024-07-06,3.0,6.27,18.81
4567,shelby gonzalez,46.0,port joseph,161,almond butter,vegetable,2024-04-30,1.0,19.64,19.64
4568,joseph castillo,64.0,millerburgh,143,kale,snack,2024-06-08,4.0,15.62,62.48
4569,lori thomas,60.0,allenmouth,199,granola,snack,2024-03-06,2.0,16.34,32.68
4570,catherine malone,40.0,hardinghaven,173,tofu,vegetable,2024-11-08,2.0,8.02,16.04
4571,lindsay henderson md,39.0,east michael,154,fresh milk,organic,2024-03-16,4.0,16.19,64.76
4572,kent schroeder,70.0,east nicoleburgh,191,organic apples,organic,2024-01-25,2.0,6.8,13.6
4574,jason sanchez,26.0,greenemouth,153,kale,organic,2024-10-13,4.0,1.93,7.72
4575,christopher wells,21.0,east carrie,106,fresh milk,organic,2024-05-20,4.0,3.43,13.72
4576,john davis,69.0,jesseburgh,153,kale,snack,2024-04-19,1.0,5.84,5.84
4577,michele gordon,71.0,davidton,136,kale,dairy,2024-01-23,2.0,8.66,17.32
4579,alexandra lopez,46.0,donaldland,171,granola,dairy,2024-06-14,3.0,19.7,59.1
4580,kara khan,64.0,lake danielfurt,143,tofu,dairy,2024-10-21,2.0,9.73,19.46
4581,andrea todd,26.0,port gary,103,granola,organic,2024-03-20,3.0,19.04,57.12
4582,anna reed,57.0,victoriabury,119,kale,organic,2024-01-22,2.0,16.28,32.56
4583,danielle bryant,62.0,south traci,191,kale,dairy,2024-02-06,1.0,17.28,17.28
4584,robert velez,61.0,mcmahonmouth,108,fresh milk,organic,2024-07-08,3.0,14.87,44.61
4585,robert wilson jr.,73.0,elizabethstad,144,fresh milk,snack,2024-02-02,3.0,3.9,11.7
4586,sharon thomas,70.0,new david,141,almond butter,snack,2024-05-31,1.0,17.09,17.09
4587,kristi clark,30.0,rossbury,101,kale,organic,2024-11-08,1.0,10.93,10.93
4588,nancy rivera,43.0,south holly,172,tofu,snack,2024-01-23,4.0,7.69,30.76
4589,jimmy huff phd,26.0,port danielle,123,fresh milk,organic,2024-05-30,4.0,15.13,60.52
4590,marilyn kent,77.0,port annaview,106,tofu,organic,2024-09-24,3.0,8.96,26.880000000000003
4591,william wilson,59.0,michelemouth,132,fresh milk,snack,2024-05-24,1.0,8.61,8.61
4592,miranda crawford,33.0,east steven,114,almond butter,dairy,2024-07-15,2.0,14.71,29.42
4593,trevor nguyen,79.0,new zachary,129,fresh milk,organic,2024-05-11,1.0,10.43,10.43
4594,pamela rivera,42.0,zacharyhaven,120,tofu,snack,2024-06-09,2.0,17.89,35.78
4595,gregory estrada,71.0,devinburgh,146,tofu,dairy,2024-08-11,1.0,13.29,13.29
4596,jeremy jordan,67.0,port allisonview,111,organic apples,vegetable,2024-09-05,2.0,3.35,6.7
4597,kimberly smith,34.0,margaretfort,145,fresh milk,snack,2024-08-27,4.0,14.77,59.08
4598,patricia martinez,24.0,johnsonborough,130,almond butter,organic,2024-11-08,3.0,2.97,8.91
4599,jennifer colon,47.0,new erica,174,tofu,vegetable,2024-05-24,1.0,1.67,1.67
4600,james hernandez,58.0,kimmouth,153,fresh milk,organic,2024-06-12,1.0,151.21,151.21
4601,charles martin,21.0,larsonfort,179,tofu,organic,2024-08-07,2.0,16.93,33.86
4602,tommy rivera,36.0,litown,164,granola,dairy,2024-10-10,3.0,5.67,17.009999999999998
4603,nicolas ramirez,36.0,smithstad,109,tofu,organic,2024-10-25,4.0,10.23,40.92
4605,steven thornton,52.0,matthewbury,129,organic apples,dairy,2024-02-05,1.0,14.29,14.29
4606,danny hanna,35.0,baldwinland,148,fresh milk,organic,2024-09-12,1.0,3.23,3.23
4607,jessica fields,21.0,new matthew,158,organic apples,dairy,2024-06-14,2.0,11.47,22.94
4608,elizabeth vega,75.0,mejiaview,138,tofu,snack,2024-01-12,2.0,19.71,39.42
4609,sheryl rodriguez,58.0,staceyton,163,organic apples,snack,2024-09-28,1.0,11.37,11.37
4610,david jones,37.0,edwardsville,113,tofu,organic,2024-05-09,2.0,3.61,7.22
4611,haley bradley,75.0,thomasfort,153,kale,vegetable,2024-01-04,4.0,15.62,62.48
4612,angela hoover,32.0,south sydney,138,granola,organic,2024-01-07,1.0,8.58,8.58
4613,dan maldonado,31.0,east william,191,fresh milk,dairy,2024-06-18,4.0,18.91,75.64
4614,joyce day,26.0,west jeff,121,organic apples,snack,2024-03-04,176.0,15.92,2801.92
4615,daisy walker,35.0,lake phillip,136,granola,snack,2024-10-03,4.0,3.66,14.64
4616,robert cooper,27.0,west jennifer,143,almond butter,snack,2024-01-30,1.0,14.22,14.22
4617,joseph johnson,51.0,south maryside,169,almond butter,snack,2024-04-18,4.0,13.79,55.16
4618,michelle mcclure,56.0,west sarah,183,kale,dairy,2024-07-31,2.0,16.37,32.74
4619,levi osborne,57.0,leeside,146,granola,organic,2024-03-16,1.0,12.96,12.96
4620,robert rose,51.0,smithbury,181,kale,organic,2024-07-14,3.0,14.85,44.55
4621,ariel smith,75.0,lake colehaven,171,tofu,vegetable,2024-06-12,1.0,13.51,13.51
4622,monica williams,36.0,larrychester,163,tofu,organic,2024-10-06,4.0,16.21,64.84
4623,gina bentley,67.0,nelsonmouth,168,tofu,dairy,2024-09-29,3.0,5.13,15.39
4624,rachael ramirez,60.0,cooperborough,187,organic apples,vegetable,2024-08-29,3.0,6.09,18.27
4626,matthew jones,69.0,port cynthia,135,fresh milk,vegetable,2024-08-07,2.0,8.02,16.04
4628,jacqueline ellis,58.0,east jack,102,tofu,snack,2024-04-20,4.0,14.61,58.44
4629,seth hardy,19.0,spencerchester,184,granola,snack,2024-07-29,1.0,15.28,15.28
4630,amy miles,28.0,nornh william,191,tofu,organic,2024-04-24,2.0,8.02,16.04
4631,nichole briggs,18.0,bennettstad,106,kale,snack,2024-09-17,4.0,15.24,60.96
4633,nicole abbott,59.0,jacksonmouth,159,almond butter,snack,2024-09-28,4.0,2.06,8.24
4634,ernest sullivan,66.0,south philliptown,111,organic apples,organic,2024-01-13,1.0,11.19,11.19
4635,alexandra knight,43.0,transtad,165,granola,organic,2024-02-24,2.0,5.86,11.72
4636,devin mora,61.0,new shannon,170,fresh milk,snack,2024-05-01,3.0,18.86,56.58
4637,amy soto,73.0,allisonberg,141,tofu,organic,2024-08-09,3.0,5.9,17.700000000000003
4638,kathryn sanchez,74.0,mitchellbury,171,almond butter,vegetable,2024-01-03,1.0,12.74,12.74
4639,joann hammond,68.0,west stephaniefurt,134,organic apples,snack,2024-04-18,4.0,19.89,79.56
4640,robin deleon,46.0,new jennifer,121,granola,dairy,2024-03-05,2.0,14.77,29.54
4641,michele jimenez,66.0,skinnermouth,112,tofu,snack,2024-04-28,1.0,18.01,18.01
4642,mary melton,29.0,samanthaview,148,kale,snack,2024-05-03,1.0,10.78,10.78
4643,joshua rodriguez,37.0,south marcburgh,136,organic apples,snack,2024-03-16,3.0,16.68,50.04
4644,jimmy mays,50.0,lake john,122,tofu,dairy,2024-04-17,4.0,5.58,22.32
4645,heather reed,76.0,lake rebeccaberg,140,kale,snack,2024-07-07,4.0,13.1,52.4
4646,andrea watkins,66.0,bethanyville,110,granola,organic,2024-02-28,2.0,9.79,19.58
4647,kevin walker,60.0,stephaniemouth,155,almond butter,dairy,2024-03-19,4.0,17.62,70.48
4649,adam zimmerman,37.0,jordanport,181,organic apples,dairy,2024-06-22,1.0,4.93,4.93
4650,tammy richardson,47.0,pattersonmouth,127,fresh milk,snack,2024-10-26,4.0,6.16,24.64
4651,sarah garza,65.0,millermouth,153,granola,snack,2024-08-07,2.0,11.3,22.6
4652,tamara hoffman,48.0,smithport,149,granola,snack,2024-10-27,2.0,1.46,2.92
4653,catherine davis,35.0,lake elijahshire,112,kale,organic,2024-02-08,3.0,14.29,42.87
4654,veronica ramos,61.0,robertburgh,115,organic apples,vegetable,2024-02-23,2.0,6.1,12.2
4655,donna davis,47.0,new sylvia,153,fresh milk,dairy,2024-05-22,3.0,11.42,34.26
4656,rachel russell,60.0,brownfort,190,fresh milk,snack,2024-01-14,4.0,2.79,11.16
4657,melanie escobar,49.0,robertbury,185,granola,vegetable,2024-07-07,164.0,1.81,296.84000000000003
4658,louis dixon,39.0,port anthony,168,granola,vegetable,2024-08-02,3.0,3.67,11.01
4659,jeffrey stone,26.0,east anthonybury,129,organic apples,vegetable,2024-06-19,3.0,13.92,41.76
4660,michael fleming,57.0,south rebecca,101,organic apples,vegetable,2024-07-27,1.0,16.73,16.73
4661,janet russell,24.0,sharpburgh,144,fresh milk,dairy,2024-09-09,4.0,3.41,13.64
4662,monica wang,56.0,scottburgh,115,organic apples,organic,2024-01-13,3.0,9.27,27.81
4663,christina blair,62.0,lake elizabethton,164,organic apples,dairy,2024-05-16,4.0,14.52,58.08
4664,mrs. vicki cox,55.0,ryanfurt,152,organic apples,snack,2024-05-12,3.0,18.43,55.29
4665,carl lane,52.0,newxerin,100,fresh milk,organic,2024-06-30,3.0,18.63,55.89
4666,sean cook,35.0,east ronaldborough,157,almond butter,organic,2024-06-22,2.0,19.13,38.26
4667,jason castillo dds,23.0,new thomasberg,198,kale,dairy,2024-09-24,1.0,8.33,8.33
4668,ryan may,68.0,nguyenbury,128,granola,vegetable,2024-06-23,2.0,9.12,18.24
4670,mike bullock,59.0,new william,135,granola,snack,2024-06-13,4.0,14.84,59.36
4671,brian rice,65.0,east ericton,175,fresh milk,vegetable,2024-06-06,3.0,2.87,8.61
4672,laura lopez,71.0,lauraburgh,141,kale,organic,2024-07-23,1.0,13.33,13.33
4673,melissa stevenson,51.0,north kylie,183,almond butter,organic,2024-11-07,2.0,19.27,38.54
4674,brandy chapman,27.0,west crystalburgh,192,tofu,dairy,2024-01-25,1.0,2.04,2.04
4675,mark huber,29.0,pamelabury,192,almond butter,vegetable,2024-04-08,1.0,167.07,167.07
4676,brittany guzman,58.0,new nicole,144,kale,dairy,2024-09-25,1.0,16.22,16.22
4677,scott hubbard,47.0,rogerchester,160,fresh milk,snack,2024-07-20,4.0,19.85,79.4
4678,diana williams,26.0,jennaport,171,organic apples,snack,2024-09-03,1.0,9.75,9.75
4679,christina may,31.0,johnsonfurt,178,kale,vegetable,2024-11-05,1.0,9.3,9.3
4680,mrs. michele perez dds,56.0,new danielfort,111,kale,dairy,2024-09-22,1.0,17.73,17.73
4681,derek spence,20.0,port kelly,160,almond butter,vegetable,2024-11-05,3.0,19.77,59.31
4682,mark fleming,54.0,fieldshaven,165,tofu,dairy,2024-09-14,3.0,15.56,46.68
4683,jonathan martinez,55.0,east ashley,138,fresh milk,vegetable,2024-03-25,3.0,16.95,50.85
4684,mark sanders,62.0,south joelfurt,181,almond butter,organic,2024-07-01,1.0,10.32,10.32
4685,julia rose,20.0,brianton,128,kale,dairy,2024-06-20,3.0,6.54,19.62
4686,rebecca watkins,27.0,jordanland,195,organic apples,dairy,2024-06-05,2.0,15.22,30.44
4687,leon martinez,78.0,east blaketon,184,almond butter,organic,2024-05-29,3.0,16.61,49.83
4688,kristen hopkins,50.0,norjh robertside,159,granola,vegetable,2024-10-08,2.0,18.37,36.74
4689,kyle cooper,26.0,south john,121,almond butter,organic,2024-04-14,1.0,4.45,4.45
4690,alex miller,32.0,port john,159,fresh milk,dairy,2024-07-12,3.0,15.48,46.44
4691,angela lam,45.0,north bradley,156,fresh milk,dairy,2024-04-25,1.0,18.52,18.52
4692,jeffrey braun jr.,39.0,sandrastad,119,almond butter,organic,2024-08-20,3.0,3.35,10.05
4693,kimberly knox,71.0,parkshire,195,tofu,organic,2024-03-12,3.0,9.02,27.06
4694,keith maddox,30.0,west kathrynshire,178,tofu,snack,2024-10-14,115.0,14.21,1634.15
4695,ryan elliott,66.0,lake alexa,162,fresh milk,organic,2024-07-14,4.0,16.4,65.6
4697,anna butler,38.0,east zacharyborough,133,kale,snack,2024-05-08,4.0,12.12,48.48
4698,nicholas johnson,61.0,lake virginia,161,organic apples,snack,2024-06-10,4.0,5.61,22.44
4699,john jones,45.0,watsonberg,108,kale,snack,2024-08-16,1.0,7.41,7.41
4700,karen mitchell,74.0,taylorland,124,fresh milk,organic,2024-04-16,2.0,9.44,18.88
4701,james campbell,36.0,new juliemouth,122,kale,dairy,2024-01-05,2.0,12.11,24.22
4703,dennis thomas,78.0,sandovalhaven,160,almond butter,dairy,2024-02-07,2.0,5.0,10.0
4704,kristi douglas,32.0,schmidtport,169,organic apples,dairy,2024-04-07,3.0,3.56,10.68
4705,jerry novak,61.0,south logan,149,organic apples,dairy,2024-08-13,1.0,18.75,18.75
4706,nicole diaz,53.0,west michael,111,organic apples,snack,2024-05-18,3.0,9.82,29.46
4708,bradley nelson,36.0,lake paige,153,tofu,snack,2024-02-17,4.0,1.36,5.44
4709,charles harris,23.0,anthonyton,101,fresh milk,snack,2024-03-20,2.0,17.93,35.86
4711,gregory rogers,77.0,ronaldtown,111,organic apples,snack,2024-02-18,3.0,19.56,58.67999999999999
4712,edward wright,42.0,cooleyfurt,121,fresh milk,organic,2024-10-31,4.0,3.25,13.0
4714,christopher andrade,28.0,north andrew,143,kale,snack,2024-06-26,3.0,6.6,19.8
4715,dawn pierce,27.0,north karenland,184,kale,snack,2024-10-29,2.0,6.63,13.26
4716,sonia miller,29.0,south rhondamouth,170,fresh milk,organic,2024-04-16,1.0,13.45,13.45
4717,benjamin johnson,42.0,north fred,190,granola,vegetable,2024-02-24,3.0,6.08,18.24
4718,tara donovan,62.0,port cassandra,163,almond butter,dairy,2024-03-06,4.0,3.21,12.84
4719,dr. tyler hall,37.0,poolefort,155,tofu,vegetable,2024-03-06,4.0,2.11,8.44
4720,troy ramos,41.0,christineport,111,kale,organic,2024-08-10,3.0,6.69,20.07
4721,jessica bennett,66.0,blackside,113,granola,vegetable,2024-01-07,3.0,9.48,28.44
4722,ana rose,43.0,haasside,140,organic apples,vegetable,2024-10-24,1.0,19.24,19.24
4723,anna alexander,78.0,mcconnelltown,115,kale,organic,2024-03-12,3.0,3.95,11.85
4724,sara reed,66.0,elizabethfort,168,fresh milk,dairy,2024-08-16,2.0,3.53,7.06
4725,bernard young,41.0,phillipville,145,fresh milk,vegetable,2024-06-30,178.0,13.02,2317.56
4726,amber duncan,60.0,south brandihaven,159,organic apples,snack,2024-04-24,4.0,19.53,78.12
4727,michael thompson,56.0,mcconnellshire,127,tofu,organic,2024-03-26,3.0,7.79,23.37
4729,william rubio,26.0,south marieview,137,kale,vegetable,2024-09-22,1.0,9.52,9.52
4730,john olson,29.0,haleymouth,153,kale,snack,2024-03-14,3.0,4.6,13.8
4731,suzanne aguilar,59.0,hudsonshire,175,kale,vegetable,2024-11-05,4.0,19.62,78.48
4732,kevin watson,42.0,anthonymouth,115,almond butter,vegetable,2024-07-06,2.0,4.82,9.64
4733,eric jones,51.0,north colleen,139,organic apples,vegetable,2024-07-25,3.0,18.83,56.49
4735,david mcdaniel,21.0,north cynthiafurt,127,tofu,dairy,2024-06-07,4.0,6.69,26.76
4736,corey steele,18.0,soueh lisa,182,fresh milk,vegetable,2024-03-06,4.0,17.88,71.52
4737,yolanda cox,38.0,west kevin,128,fresh milk,snack,2024-11-02,2.0,443.34,886.68
4738,linda little,27.0,johnsonburgh,159,almond butter,dairy,2024-05-24,4.0,12.57,50.28
4739,erica hopkins,75.0,writhtborough,123,kale,organic,2024-09-25,1.0,18.41,18.41
4740,matthew phillips,56.0,port douglaschester,123,organic apples,snack,2024-05-28,1.0,2.77,2.77
4741,stephanie walker,76.0,port juliefort,151,tofu,snack,2024-02-17,3.0,1.15,3.45
4742,robin jackson,65.0,souuh danielleburgh,153,granola,dairy,2024-09-04,1.0,16.23,16.23
4743,christina hansen,42.0,west chad,109,granola,organic,2024-06-30,3.0,5.37,16.11
4744,brian rogers,65.0,martinport,118,granola,organic,2024-10-20,3.0,3.54,10.62
4745,jamie white,55.0,tanyachester,120,granola,snack,2024-10-28,2.0,18.89,37.78
4747,karen williams,62.0,north anthony,134,granola,dairy,2024-04-27,2.0,5.88,11.76
4748,jeanne wise,77.0,watsonview,119,almond butter,vegetable,2024-01-18,1.0,11.46,11.46
4749,vincent hoffman,66.0,new robertburgh,173,kale,dairy,2024-10-17,2.0,6.26,12.52
4750,mrs. angela valentine dvm,33.0,jenkinsport,123,granola,organic,2024-06-12,2.0,6.2,12.4
4751,brenda herrera,70.0,sarahborough,190,kale,dairy,2024-03-31,1.0,6.08,6.08
4752,mr. michael james dds,61.0,brandyberg,134,almond butter,vegetable,2024-01-17,2.0,11.89,23.78
4753,adrienne thompson,61.0,east spencer,102,tofu,vegetable,2024-08-15,1.0,19.99,19.99
4754,kelly scott,64.0,mayermouth,142,granola,snack,2024-01-16,3.0,8.23,24.69
4755,william hall,27.0,lake megan,112,almond butter,dairy,2024-04-26,3.0,8.23,24.69
4756,jared gibbs,36.0,west nicolaston,136,tofu,snack,2024-04-09,3.0,16.36,49.08
4757,thomas woods,45.0,millerview,192,tofu,vegetable,2024-04-15,1.0,11.04,11.04
4758,steven williams,38.0,bauerfurt,185,tofu,snack,2024-10-26,4.0,9.58,38.32
4760,katie mann,60.0,alexanderton,199,tofu,dairy,2024-09-28,1.0,7.69,7.69
4761,sara walter,34.0,port jamesberg,173,almond butter,dairy,2024-04-09,2.0,12.2,24.4
4762,jasmin rivers,48.0,alexaside,143,almond butter,dairy,2024-04-02,1.0,9.86,9.86
4763,rebecca davis,24.0,east jameston,135,almond butter,dairy,2024-10-21,4.0,3.58,14.32
4764,philip gonzalez,68.0,edwardsfort,108,tofu,snack,2024-02-24,3.0,6.75,20.25
4765,andrea clark,74.0,royton,165,organic apples,snack,2024-06-03,4.0,10.39,41.56
4766,richard ingram,29.0,millerfurt,138,fresh milk,vegetable,2024-08-30,4.0,1.35,5.4
4767,maria gonzalez,66.0,east erikaside,166,organic apples,dairy,2024-10-14,3.0,8.87,26.61
4768,rodney schroeder,40.0,south jonborough,117,fresh milk,organic,2024-01-10,1.0,15.56,15.56
4769,mr. jacob chang,35.0,west christine,109,granola,snack,2024-05-06,4.0,12.61,50.44
4770,henry morgan,30.0,richardsonshire,182,granola,dairy,2024-01-15,1.0,13.06,13.06
4771,robert james,49.0,lake ashleyfort,181,kale,snack,2024-01-02,4.0,7.89,31.56
4772,brandon cooper,75.0,baileymouth,181,organic apples,snack,2024-09-16,1.0,16.9,16.9
4773,donald clarke,49.0,hillside,125,organic apples,vegetable,2024-07-26,2.0,19.6,39.2
4774,joe murray,75.0,brentberg,171,kale,snack,2024-01-09,2.0,16.22,32.44
4775,joshua deleon,78.0,north victoriafurt,141,almond butter,vegetable,2024-08-18,2.0,16.48,32.96
4776,sean hernandez,79.0,carrport,149,granola,vegetable,2024-07-06,4.0,10.84,43.36
4777,krystal gomez,34.0,port brianside,179,kale,dairy,2024-02-26,2.0,4.15,8.3
4778,bridget scott,65.0,mayston,114,fresh milk,organic,2024-05-16,2.0,8.89,17.78
4779,bobby pena,79.0,south charlesbury,182,kale,vegetable,2024-06-02,1.0,13.87,13.87
4780,kathy mcdonald,36.0,west ronald,115,kale,snack,2024-04-14,4.0,3.68,14.72
4781,cody wilson,62.0,morenostad,154,kale,dairy,2024-10-03,3.0,1.37,4.11
4782,glenda flowers,64.0,elizabethville,109,almond butter,snack,2024-01-25,2.0,2.67,5.34
4783,cody jones md,25.0,carloschester,170,almond butter,organic,2024-03-08,1.0,9.31,9.31
4784,michael lee,41.0,carrside,114,almond butter,organic,2024-08-04,2.0,5.71,11.42
4785,mrs. jennifer lewis,73.0,west sarahmouth,156,organic apples,snack,2024-02-09,2.0,6.43,12.86
4786,william reynolds,73.0,heidiburgh,141,tofu,dairy,2024-01-30,4.0,14.82,59.28
4787,dawn miller,60.0,markland,156,organic apples,dairy,2024-04-21,4.0,11.93,47.72
4788,michael pittman,68.0,thompsonshire,155,tofu,organic,2024-06-28,1.0,9.21,9.21
4789,jerome harris,38.0,west anna,175,granola,dairy,2024-11-05,1.0,11.01,11.01
4790,gregory bridges,53.0,joannetown,156,granola,organic,2024-01-08,2.0,17.65,35.3
4791,john marquez,63.0,west brandonburgh,156,organic apples,organic,2024-06-16,4.0,16.31,65.24
4792,robert vaughan,64.0,new sherry,126,almond butter,dairy,2024-01-25,4.0,4.02,16.08
4793,rebecca dorsey,72.0,east ritatown,165,granola,organic,2024-02-02,2.0,7.48,14.96
4794,grace nichols,20.0,amychester,159,fresh milk,snack,2024-02-11,3.0,12.15,36.45
4795,cindy middleton,55.0,port ronnie,102,granola,organic,2024-06-13,4.0,5.42,21.68
4796,kathryn lindsey,75.0,kendraberg,193,organic apples,organic,2024-06-20,190.0,12.93,2456.7
4797,danielle garcia,69.0,tinaview,118,tofu,organic,2024-08-23,3.0,2.93,8.790000000000001
4798,scott schultz,23.0,lake todd,177,tofu,vegetable,2024-03-19,4.0,1.1,4.4
4799,johnny hansen,56.0,north jeffery,139,kale,organic,2024-06-13,1.0,8.15,8.15
4800,ian jones,44.0,lake michaelshire,152,granola,vegetable,2024-01-11,2.0,6.19,12.38
4801,eugene young,72.0,new patriciahaven,127,fresh milk,snack,2024-07-03,1.0,12.1,12.1
4802,adam frank,36.0,michelleport,144,organic apples,vegetable,2024-06-22,1.0,9.71,9.71
4803,adrienne underwood,59.0,east rhondastad,119,granola,organic,2024-03-27,2.0,16.52,33.04
4804,tanner brown,69.0,new janetfort,158,kale,dairy,2024-05-31,1.0,13.44,13.44
4806,ryan durham,74.0,lake debra,165,organic apples,snack,2024-07-31,3.0,14.01,42.03
4807,vicki escobar,47.0,cookeview,123,almond butter,snack,2024-02-11,1.0,17.0,17.0
4808,bryan morales,41.0,new tommy,123,granola,dairy,2024-07-29,2.0,9.85,19.7
4809,matthew berg,66.0,east ronnie,143,organic apples,dairy,2024-04-22,2.0,13.62,27.24
4810,teresa allen,67.0,south matthew,179,organic apples,organic,2024-06-30,4.0,13.61,54.44
4811,debbie garza,77.0,east heatherhaven,124,tofu,vegetable,2024-06-30,3.0,4.87,14.61
4812,david briggs,60.0,rachelmouth,101,organic apples,snack,2024-10-20,1.0,18.5,18.5
4813,erica kirk,19.0,lake maryview,140,tofu,vegetable,2024-06-07,1.0,9.37,9.37
4814,kyle smith,44.0,west christopherstad,149,organic apples,vegetable,2024-06-01,2.0,2.19,4.38
4815,dustin flowers,25.0,lake theodore,116,organic apples,organic,2024-09-16,3.0,15.8,47.400000000000006
4816,jessica day,38.0,east meghanshire,127,almond butter,organic,2024-01-18,1.0,8.98,8.98
4817,cheryl murphy,71.0,south david,126,fresh milk,dairy,2024-03-01,3.0,8.57,25.71
4818,lori cole,46.0,port michelle,108,tofu,organic,2024-08-04,1.0,1.22,1.22
4819,donald gallagher,35.0,jerryfort,110,fresh milk,organic,2024-09-12,3.0,19.99,59.97
4820,craig jones,55.0,jessicaview,103,almond butter,organic,2024-01-04,1.0,6.0,6.0
4821,anthony alvarado,23.0,south jordanberg,112,granola,snack,2024-09-16,3.0,7.24,21.72
4822,joshua thomas,28.0,new drewchester,104,organic apples,snack,2024-09-02,4.0,2.28,9.12
4823,julie christensen,63.0,austinburgh,101,fresh milk,vegetable,2024-01-17,1.0,18.41,18.41
4824,kimberly delgado,40.0,new wesleystad,172,fresh milk,dairy,2024-10-23,4.0,13.81,55.24
4825,alexandria torres,18.0,christophermouth,124,fresh milk,snack,2024-05-21,3.0,14.56,43.68
4826,jennifer collins,65.0,atkinsonside,199,almond butter,snack,2024-05-15,2.0,9.27,18.54
4827,philip williams,33.0,larsonburgh,120,granola,snack,2024-04-08,2.0,9.12,18.24
4828,brandon thomas,22.0,new amanda,117,tofu,snack,2024-04-01,2.0,11.75,23.5
4829,mary shields,24.0,new robert,135,granola,organic,2024-10-21,4.0,13.37,53.48
4830,robert peterson,20.0,port anthony,191,organic apples,dairy,2024-03-16,1.0,19.16,19.16
4831,michelle velazquez,64.0,dawntown,186,granola,vegetable,2024-05-02,3.0,19.26,57.78
4832,andrea anderson,60.0,robinside,179,organic apples,vegetable,2024-08-18,1.0,13.15,13.15
4833,ana harvey,67.0,brandiport,192,kale,organic,2024-04-07,3.0,17.47,52.41
4834,robert hill,27.0,knighttown,161,organic apples,organic,2024-05-02,4.0,17.29,69.16
4836,henry hardin phd,68.0,rodneyton,103,granola,snack,2024-06-09,4.0,7.44,29.76
4837,christine beck,35.0,sanchezhaven,130,fresh milk,snack,2024-02-01,4.0,11.64,46.56
4838,melissa wells,51.0,east amandaside,199,almond butter,dairy,2024-01-12,1.0,12.56,12.56
4839,lisa rogers,35.0,east melissabury,108,kale,vegetable,2024-06-26,3.0,5.72,17.16
4840,stephen hill,75.0,marmport,151,almond butter,snack,2024-10-26,2.0,13.58,27.16
4841,brittany white,58.0,grantmouth,157,organic apples,snack,2024-01-24,2.0,12.15,24.3
4842,sara morrison,29.0,south joshuafurt,131,tofu,organic,2024-09-20,3.0,11.48,34.44
4843,monica le,60.0,fernandezstad,147,granola,organic,2024-02-01,2.0,11.01,22.02
4844,joseph johnson,68.0,michaelville,175,tofu,snack,2024-06-16,2.0,18.3,36.6
4845,david perry,39.0,south josephhaven,193,almond butter,organic,2024-02-14,3.0,5.58,16.740000000000002
4846,kimberly lowe,62.0,shannonborough,103,kale,organic,2024-01-21,2.0,10.29,20.58
4847,anthony daugherty,32.0,floresfort,115,organic apples,organic,2024-09-26,2.0,9.43,18.86
4848,david johnston,61.0,ramosfurt,129,fresh milk,vegetable,2024-07-05,2.0,10.12,20.24
4849,paula hendricks,25.0,michaelland,178,organic apples,snack,2024-06-20,2.0,6.68,13.36
4850,david harris,53.0,haysburgh,146,organic apples,dairy,2024-01-16,1.0,11.14,11.14
4852,amy jones,56.0,liushire,111,granola,snack,2024-08-12,3.0,3.83,11.49
4853,melissa mendez,44.0,thompsonville,123,organic apples,dairy,2024-04-01,3.0,5.5,16.5
4854,amanda dunn,58.0,deanstad,132,kale,vegetable,2024-02-26,2.0,15.6,31.2
4855,erica thomas,56.0,north bryanhaven,102,granola,organic,2024-02-16,4.0,10.1,40.4
4856,benjamin mcintyre,57.0,jonathanmouth,142,granola,dairy,2024-01-20,1.0,4.37,4.37
4857,ryan sweeney,33.0,websterstad,132,kale,snack,2024-02-20,2.0,15.52,31.04
4858,madison randolph,69.0,jenkinsmouth,178,almond butter,snack,2024-10-02,4.0,5.66,22.64
4859,christina nguyen,46.0,staceyhaven,112,almond butter,dairy,2024-06-04,2.0,9.4,18.8
4860,lisa burns,21.0,bellbury,127,tofu,dairy,2024-07-21,1.0,6.96,6.96
4861,jeff fischer,40.0,new andrew,153,granola,organic,2024-08-30,4.0,12.16,48.64
4862,william maddox,60.0,north christopher,140,fresh milk,dairy,2024-05-22,2.0,10.93,21.86
4863,miss ruth powers dds,74.0,williamsonbury,105,tofu,dairy,2024-07-12,2.0,12.51,25.02
4864,abigail gutierrez md,33.0,ellishaven,156,almond butter,dairy,2024-06-05,1.0,15.14,15.14
4865,mark howard phd,74.0,lambertbury,191,almond butter,organic,2024-07-06,4.0,11.62,46.48
4866,christopher elliott,72.0,east mike,169,fresh milk,organic,2024-04-22,1.0,11.27,11.27
4867,kevin parker,61.0,lake tommy,128,almond butter,snack,2024-02-21,2.0,6.77,13.54
4868,elizabeth vargas,76.0,west wesley,174,almond butter,snack,2024-05-30,4.0,203.98,815.92
4869,kevin ibarra,21.0,port monicaborough,191,tofu,dairy,2024-07-17,1.0,7.5,7.5
4870,robert franco,30.0,ronniemouth,199,fresh milk,snack,2024-02-14,4.0,9.64,38.56
4871,alexandra williams,67.0,mooreside,144,fresh milk,vegetable,2024-03-03,1.0,2.43,2.43
4872,adam hernandez,38.0,port stephenview,117,tofu,dairy,2024-03-09,3.0,5.62,16.86
4873,jared aguirre,74.0,riveramouth,187,kale,vegetable,2024-04-28,1.0,14.46,14.46
4874,austin morgan,74.0,burchtown,129,kale,vegetable,2024-02-09,2.0,14.53,29.06
4875,heather johnson,40.0,sharonside,107,kale,organic,2024-06-26,3.0,2.55,7.649999999999999
4877,ashley marks,45.0,thoiaston,165,kale,dairy,2024-06-12,3.0,12.91,38.73
4878,thomas garcia,38.0,baileyshire,108,organic apples,vegetable,2024-04-24,2.0,14.83,29.66
4879,james garner,40.0,booneview,122,granola,vegetable,2024-10-16,4.0,19.57,78.28
4881,mary bryant,25.0,angelastad,156,fresh milk,vegetable,2024-03-24,1.0,1.86,1.86
4882,keith ramirez,30.0,east nicholas,184,organic apples,organic,2024-05-31,1.0,6.86,6.86
4883,eddie hartman,37.0,charleshaven,198,organic apples,dairy,2024-07-28,1.0,3.85,3.85
4884,justin kemp,68.0,east davidport,155,tofu,vegetable,2024-09-25,3.0,12.14,36.42
4885,kevin moreno,69.0,krystalborough,109,granola,vegetable,2024-07-08,3.0,13.56,40.68
4886,jeffrey hutchinson,19.0,georgeshire,174,fresh milk,dairy,2024-05-21,2.0,3.62,7.24
4887,crystal oneill,52.0,port mariah,100,organic apples,dairy,2024-05-13,3.0,18.24,54.72
4888,alexandra rivera,24.0,carpentermouth,162,kale,vegetable,2024-10-17,4.0,18.18,72.72
4890,austin johnson,26.0,williamstown,137,almond butter,snack,2024-04-02,1.0,16.45,16.45
4892,holly moreno,37.0,davidfort,152,granola,dairy,2024-04-16,1.0,4.89,4.89
4893,mark hale,26.0,mariachester,178,fresh milk,vegetable,2024-10-30,2.0,3.2,6.4
4894,tyler clayton,66.0,east michaelshire,145,organic apples,snack,2024-02-25,2.0,5.37,10.74
4895,benjamin nguyen,74.0,aliciamouth,186,almond butter,vegetable,2024-11-07,2.0,13.23,26.46
4896,kari love,38.0,castroshire,139,kale,dairy,2024-06-26,1.0,10.01,10.01
4897,brittany santiago,52.0,west brendastad,125,granola,vegetable,2024-11-03,4.0,1.53,6.12
4898,anthony nichols,69.0,port ryanstad,137,organic apples,vegetable,2024-01-19,3.0,6.22,18.66
4899,janet kidd,20.0,lake jeremiah,167,organic apples,organic,2024-01-26,2.0,4.0,8.0
4900,matthew sims,39.0,kevinmouth,101,fresh milk,organic,2024-09-24,3.0,12.52,37.56
4901,troy andrews,29.0,lake brianna,162,almond butter,dairy,2024-04-27,4.0,16.82,67.28
4902,robert wallace,74.0,north victorstad,167,kale,vegetable,2024-03-01,2.0,11.27,22.54
4903,caitlin bates,26.0,east brittany,182,kale,dairy,2024-10-07,3.0,9.97,29.910000000000004
4904,christopher romero,27.0,gardnerstad,139,almond butter,organic,2024-07-15,2.0,17.37,34.74
4905,jordan perry,23.0,robertchester,170,fresh milk,snack,2024-10-23,2.0,18.64,37.28
4906,sheila ward,51.0,jenniferberg,113,granola,snack,2024-03-29,1.0,9.02,9.02
4907,thomas santana,62.0,courtneyfurt,186,tofu,snack,2024-06-02,3.0,2.3,6.9
4908,sarah rogers,73.0,duncanhaven,124,kale,snack,2024-02-27,3.0,4.99,14.97
4909,maureen ramos,20.0,east juan,169,fresh milk,snack,2024-01-16,4.0,15.64,62.56
4910,george gibbs,69.0,jonesfort,187,fresh milk,organic,2024-03-24,1.0,11.24,11.24
4911,ashley wood,54.0,jenkinsburgh,126,almond butter,dairy,2024-10-20,4.0,9.14,36.56
4912,tracey tran,23.0,fletcherbury,110,almond butter,dairy,2024-07-03,186.0,9.84,1830.24
4913,jason miller,43.0,fordmouth,112,granola,snack,2024-05-29,3.0,12.99,38.97
4914,michael carroll,23.0,dannyland,139,almond butter,snack,2024-10-20,1.0,8.04,8.04
4915,matthew jones,24.0,port robert,102,almond butter,snack,2024-02-06,3.0,19.04,57.12
4916,christopher summers,18.0,south jamesmouth,147,kale,snack,2024-08-27,4.0,11.27,45.08
4917,william mitchell,43.0,north ian,109,organic apples,vegetable,2024-07-23,3.0,15.44,46.32
4918,marc hart,50.0,south dwayne,155,granola,dairy,2024-06-04,4.0,9.83,39.32
4919,tiffany taylor,60.0,jessicamouth,158,almond butter,organic,2024-02-08,2.0,16.16,32.32
4920,richard leon,36.0,new cassandra,148,organic apples,vegetable,2024-07-01,1.0,5.36,5.36
4921,crystal turner,39.0,port ruthtown,187,almond butter,vegetable,2024-04-11,4.0,14.45,57.8
4922,robert bird,61.0,robertburgh,196,tofu,vegetable,2024-04-29,4.0,15.88,63.52
4923,daniel hall,28.0,new joyce,129,kale,dairy,2024-08-05,4.0,15.13,60.52
4924,russell hines,55.0,north christopherhaven,130,kale,organic,2024-05-10,2.0,15.06,30.12
4925,garrett perez,77.0,martinezside,189,almond butter,vegetable,2024-03-13,1.0,3.94,3.94
4926,dawn rodriguez,36.0,new maryside,199,tofu,organic,2024-03-06,3.0,15.4,46.2
4927,adam flores,57.0,josephchester,163,organic apples,snack,2024-07-30,2.0,19.75,39.5
4928,michele martinez,70.0,reedview,137,tofu,snack,2024-03-18,3.0,17.09,51.27
4929,laura ruiz,18.0,leeview,125,organic apples,organic,2024-09-27,2.0,2.03,4.06
4930,jeremy williams,51.0,lake christopher,135,organic apples,organic,2024-01-07,3.0,11.44,34.32
4931,mark roberts,55.0,south ronaldville,196,almond butter,dairy,2024-07-01,2.0,4.93,9.86
4932,melissa russell,44.0,reynoldstown,143,granola,vegetable,2024-04-16,1.0,10.21,10.21
4933,craig meyer,53.0,east ashley,175,granola,organic,2024-10-18,1.0,18.5,18.5
4934,dustin saunders,66.0,fryeport,177,almond butter,vegetable,2024-04-24,3.0,197.57,592.71
4935,johnny gomez,30.0,williamstad,117,granola,vegetable,2024-02-21,1.0,19.97,19.97
4936,alejandro tucker md,59.0,lake tammyside,133,kale,dairy,2024-08-30,199.0,4.92,979.08
4937,dustin romero,33.0,kellyview,194,fresh milk,organic,2024-03-26,4.0,10.57,42.28
4938,savannah morrison,23.0,lindseyside,184,fresh milk,organic,2024-06-15,1.0,12.99,12.99
4939,andre ramirez,32.0,west joseport,172,almond butter,snack,2024-04-14,3.0,10.85,32.55
4940,bryan stone,45.0,east aaronton,176,tofu,dairy,2024-03-07,4.0,1.23,4.92
4941,patrick holder,24.0,lake kristin,120,granola,vegetable,2024-01-23,4.0,5.15,20.6
4942,dominique edwards,72.0,ramirezhaven,125,kale,snack,2024-04-07,4.0,9.61,38.44
4943,louis morris,40.0,east jonathanmouth,177,granola,dairy,2024-03-29,1.0,4.54,4.54
4945,jamie kline,38.0,new harry,199,granola,snack,2024-09-17,3.0,19.85,59.55
4946,christopher clark,55.0,lake henryshire,153,fresh milk,vegetable,2024-07-19,4.0,10.94,43.76
4947,alexander little,78.0,ronaldstad,170,kale,vegetable,2024-03-11,2.0,5.44,10.88
4948,melinda martinez,47.0,south miaberg,183,organic apples,organic,2024-08-16,2.0,3.69,7.38
4949,johnny lawrence dds,36.0,east jill,118,fresh milk,dairy,2024-03-23,4.0,2.34,9.36
4950,sarah johnson,28.0,west kayla,177,almond butter,snack,2024-10-19,3.0,14.75,44.25
4951,mark watts,37.0,collinsmouth,114,fresh milk,dairy,2024-06-15,1.0,11.31,11.31
4952,luis patterson,70.0,new michael,169,organic apples,dairy,2024-05-21,4.0,9.63,38.52
4953,tonya dixon,57.0,coxshire,131,fresh milk,organic,2024-01-24,2.0,7.04,14.08
4954,michael powers,27.0,brianport,165,kale,organic,2024-04-18,2.0,15.54,31.08
4956,clayton weaver,79.0,east markburgh,151,organic apples,vegetable,2024-08-27,3.0,14.71,44.13
4957,luke robinson,76.0,sarahton,124,tofu,vegetable,2024-11-04,1.0,10.03,10.03
4958,michael tanner,66.0,west john,160,granola,snack,2024-09-01,4.0,19.21,76.84
4959,carrie robinson,40.0,davidburgh,107,kale,vegetable,2024-02-09,3.0,8.22,24.660000000000004
4961,jamie montgomery,68.0,johnmouth,144,almond butter,organic,2024-04-25,3.0,5.42,16.259999999999998
4962,jeffrey adkins,25.0,kaitlintown,183,granola,dairy,2024-10-03,1.0,19.26,19.26
4963,joe burnett,36.0,ruizland,133,kale,organic,2024-05-04,4.0,3.3,13.2
4964,lauren daniels,49.0,port tommybury,164,organic apples,vegetable,2024-04-11,3.0,15.59,46.77
4965,jessica simon,55.0,phillipsside,188,organic apples,snack,2024-01-24,3.0,13.9,41.7
4966,jason avila,59.0,lake chadton,109,organic apples,organic,2024-09-28,1.0,10.69,10.69
4967,michael gillespie,70.0,morenofort,121,almond butter,dairy,2024-07-31,3.0,14.0,42.0
4968,patricia wright,70.0,smithport,108,tofu,dairy,2024-01-07,2.0,16.99,33.98
4969,april short,36.0,west tanyamouth,135,tofu,dairy,2024-05-27,2.0,16.7,33.4
4970,jennifer payne,34.0,davidmouth,143,almond butter,organic,2024-02-18,2.0,2.79,5.58
4971,jose mckinney,21.0,east johnberg,107,tofu,dairy,2024-03-18,2.0,15.38,30.76
4972,patricia sanchez,34.0,new amy,191,tofu,snack,2024-01-14,2.0,6.37,12.74
4973,karen bryant,73.0,port raymond,102,organic apples,vegetable,2024-02-02,2.0,19.75,39.5
4974,justin brown,62.0,north bryan,102,almond butter,vegetable,2024-08-14,4.0,7.54,30.16
4976,timothy lam,46.0,west rebeccaville,170,almond butter,dairy,2024-05-08,4.0,5.0,20.0
4977,gregory barker,53.0,austinfurt,109,fresh milk,dairy,2024-02-08,2.0,13.12,26.24
4978,susan faulkner dds,74.0,figueroafurt,174,granola,vegetable,2024-01-07,3.0,17.49,52.47
4979,francisco turner,35.0,south karen,189,organic apples,organic,2024-07-27,4.0,9.74,38.96
4980,david wyatt,36.0,woodsburgh,107,granola,organic,2024-10-13,4.0,3.03,12.12
4981,eric stuart,49.0,perezbury,132,granola,dairy,2024-09-13,2.0,19.03,38.06
4982,dr. jacqueline carpenter,78.0,robertsside,109,almond butter,vegetable,2024-09-03,4.0,5.45,21.8
4983,jennifer hawkins,75.0,south craigbury,142,granola,vegetable,2024-02-16,1.0,18.57,18.57
4985,kimberly french,52.0,port philip,185,organic apples,organic,2024-01-11,2.0,4.55,9.1
4986,heather riddle,51.0,new stephanie,124,granola,organic,2024-08-01,2.0,2.69,5.38
4987,daisy santana,21.0,new amy,128,granola,organic,2024-09-16,1.0,5.62,5.62
4988,robert burton,55.0,port kevinton,172,fresh milk,vegetable,2024-08-21,1.0,18.92,18.92
4989,nancy mckee,66.0,castilloview,123,fresh milk,snack,2024-03-08,1.0,7.08,7.08
4990,daniel flynn,47.0,brandychester,133,granola,dairy,2024-05-04,4.0,18.71,74.84
4991,daniel sanchez,23.0,meganchester,161,fresh milk,vegetable,2024-05-25,2.0,4.89,9.78
4992,martin ramirez,29.0,east veronicamouth,199,almond butter,vegetable,2024-09-01,3.0,19.21,57.63
4993,lisa compton,31.0,davidland,152,organic apples,organic,2024-10-10,2.0,4.91,9.82
4994,dr. terri thomas,36.0,lewisshire,153,tofu,vegetable,2024-02-07,2.0,9.4,18.8
4995,robin wheeler,70.0,north erik,153,kale,organic,2024-07-10,1.0,6.67,6.67
4996,danielle jones,33.0,lake henry,114,kale,vegetable,2024-07-19,4.0,17.27,69.08
4997,john mccoy,20.0,wellsmouth,180,almond butter,dairy,2024-01-23,1.0,8.99,8.99
4998,kimberly green,33.0,east lindsey,166,tofu,organic,2024-03-09,2.0,3.03,6.06
4999,lisa thomas,78.0,raymouth,192,granola,dairy,2024-06-12,1.0,16.29,16.29
5000,megan patton,65.0,north kristiechester,112,tofu,snack,2024-01-21,1.0,9.38,9.38
5001,jerry green,59.0,south michaelport,185,kale,organic,2024-01-13,4.0,5.2,20.8
5002,anthony frazier,32.0,jillianborough,125,fresh milk,dairy,2024-11-08,2.0,1.9,3.8
5003,carol thomas,63.0,south andrewmouth,118,tofu,organic,2024-09-20,1.0,5.67,5.67
5004,shaun summers,72.0,mcdonaldborough,109,tofu,vegetable,2024-01-09,1.0,7.12,7.12
5005,robert gordon,79.0,lake lindsay,188,fresh milk,organic,2024-01-29,1.0,1.73,1.73
5006,audrey herring,44.0,stephanieton,153,granola,snack,2024-10-14,2.0,156.32,312.64
5007,lindsey hood,20.0,nicholasport,183,almond butter,snack,2024-03-10,2.0,445.34,890.68
5008,michelle faulkner,63.0,west anthonyshire,144,tofu,snack,2024-01-14,1.0,12.35,12.35
5009,casey bowen,61.0,north mikeberg,116,tofu,dairy,2024-04-09,4.0,18.8,75.2
5010,andrew walters,44.0,new bradleyfort,168,almond butter,snack,2024-01-14,4.0,8.81,35.24
5011,leslie rodriguez,54.0,west tracy,134,granola,snack,2024-03-03,1.0,15.46,15.46
5012,alexandra mcclure,69.0,singhview,121,granola,vegetable,2024-03-25,4.0,2.61,10.44
5013,amber nelson,71.0,yolandamouth,179,tofu,vegetable,2024-08-07,3.0,18.45,55.35
5014,cindy richards,76.0,chadside,185,fresh milk,organic,2024-07-13,1.0,19.94,19.94
5015,elizabeth francis,39.0,timothyhaven,127,almond butter,snack,2024-04-06,4.0,18.74,74.96
5016,brittany brown,77.0,east brent,150,tofu,snack,2024-07-10,1.0,14.62,14.62
5017,jason roth,51.0,west anthony,109,kale,organic,2024-01-06,1.0,2.77,2.77
5018,justin larson,77.0,lauriestad,155,fresh milk,snack,2024-02-23,2.0,10.44,20.88
5019,samantha lewis,51.0,catherinemouth,153,almond butter,dairy,2024-09-20,4.0,13.05,52.2
5020,gabrielle lane,24.0,amystad,184,almond butter,organic,2024-01-29,1.0,8.36,8.36
5021,sheri johnson,66.0,north patricia,105,organic apples,vegetable,2024-08-01,4.0,2.03,8.12
5022,jennifer sanchez,57.0,south amandaside,177,granola,vegetable,2024-02-26,4.0,8.57,34.28
5023,sergio campbell,53.0,lake mark,145,almond butter,organic,2024-09-10,2.0,16.5,33.0
5024,patrick hunter,35.0,south michael,117,tofu,dairy,2024-03-24,1.0,10.2,10.2
5025,ronald kemp,71.0,south jessicafurt,152,almond butter,dairy,2024-09-23,2.0,3.65,7.3
5026,brandon carrillo,49.0,new james,115,kale,snack,2024-02-04,2.0,3.57,7.14
5027,nicholas allen,42.0,lewisshire,164,kale,snack,2024-04-02,3.0,14.55,43.650000000000006
5028,michael anderson,54.0,new johnberg,170,fresh milk,organic,2024-11-05,2.0,12.38,24.76
5029,caroline barnes,29.0,gregoryborough,164,almond butter,dairy,2024-07-08,1.0,16.51,16.51
5030,tyler rodriguez,62.0,taylorview,198,organic apples,dairy,2024-01-10,1.0,7.55,7.55
5031,hannah li,27.0,churchfort,139,tofu,snack,2024-07-24,4.0,19.43,77.72
5032,charles wright,74.0,west charles,145,granola,snack,2024-05-30,2.0,10.14,20.28
5033,sara morales,50.0,east kristen,130,fresh milk,organic,2024-03-15,1.0,12.26,12.26
5034,emily robertson,70.0,jonestown,151,almond butter,dairy,2024-05-11,2.0,8.93,17.86
5035,cassandra weber,30.0,new steven,196,organic apples,dairy,2024-11-02,2.0,15.73,31.46
5037,joy finley,26.0,jordanburgh,105,fresh milk,organic,2024-01-16,4.0,3.83,15.32
5038,olivia roberts,23.0,andersonshire,196,fresh milk,vegetable,2024-01-27,4.0,9.29,37.16
5039,michael martin,69.0,phillipchester,147,fresh milk,organic,2024-10-25,4.0,18.94,75.76
5040,terry anderson,23.0,henryberg,195,organic apples,snack,2024-01-25,2.0,264.3,528.6
5041,marcus green dvm,49.0,jeremyfort,160,fresh milk,dairy,2024-09-19,1.0,3.51,3.51
5042,jacob ramirez,74.0,north loriland,139,fresh milk,dairy,2024-01-26,4.0,11.1,44.4
5043,lisa andrews,49.0,lake julie,167,organic apples,vegetable,2024-08-04,3.0,15.2,45.6
5044,tiffany jones,48.0,gilbertfurt,184,fresh milk,vegetable,2024-05-31,4.0,5.26,21.04
5045,nicholas walker,36.0,aprilland,137,fresh milk,dairy,2024-07-17,3.0,13.31,39.93
5046,donna moore,50.0,paulton,186,granola,dairy,2024-05-04,1.0,18.55,18.55
5047,jason johnson,22.0,north emilyberg,186,kale,snack,2024-08-30,1.0,10.77,10.77
5048,brenda chavez,38.0,south kristinaland,136,almond butter,dairy,2024-10-25,2.0,1.92,3.84
5049,brandon jensen,40.0,north paulborough,147,granola,organic,2024-06-20,2.0,14.37,28.74
5050,elizabeth palmer,65.0,north joseph,138,granola,vegetable,2024-07-14,3.0,10.9,32.7
5051,rebecca conner,28.0,melrssabury,118,organic apples,dairy,2024-08-27,1.0,3.5,3.5
5052,robert williams,31.0,cynthiahaven,120,kale,dairy,2024-01-05,4.0,10.79,43.16
5053,michelle thompson,30.0,port lindaville,172,kale,dairy,2024-03-25,4.0,2.82,11.28
5054,daniel young,35.0,danielsview,148,tofu,snack,2024-07-05,1.0,18.78,18.78
5055,joshua frazier,21.0,kristyside,103,almond butter,dairy,2024-09-29,3.0,13.79,41.37
5056,judy powell,42.0,port ronaldborough,154,kale,vegetable,2024-03-17,3.0,4.86,14.580000000000002
5057,briana salinas,38.0,west cynthia,127,fresh milk,snack,2024-09-22,1.0,19.34,19.34
5058,eric welch,37.0,chanview,152,organic apples,vegetable,2024-05-06,1.0,16.58,16.58
5059,mackenzie stevens,32.0,hudsonville,154,kale,dairy,2024-06-12,4.0,6.99,27.96
5060,jeffery carter,63.0,west lisa,151,fresh milk,dairy,2024-06-22,2.0,14.33,28.66
5061,chris cohen,49.0,new anthony,100,tofu,dairy,2024-07-20,1.0,1.07,1.07
5062,joyce key,63.0,smithtown,179,organic apples,dairy,2024-06-09,1.0,9.0,9.0
5064,phillip vargas,45.0,lake jennifer,173,organic apples,organic,2024-09-11,4.0,4.18,16.72
5065,victoria murphy,78.0,matthewshire,171,tofu,vegetable,2024-07-12,2.0,17.03,34.06
5066,michael miller,57.0,lake laura,180,tofu,dairy,2024-05-25,2.0,6.61,13.22
5068,makayla rose,26.0,wilsonmouth,161,tofu,organic,2024-04-29,1.0,12.66,12.66
5069,tamara evans,53.0,lisahaven,158,almond butter,snack,2024-02-20,2.0,19.21,38.42
5071,sandra carter,71.0,soumh scottfort,183,almond butter,vegetable,2024-02-07,3.0,15.08,45.24
5073,tammy aguilar,37.0,alejandroton,123,tofu,vegetable,2024-10-23,4.0,7.8,31.2
5074,carlos green,34.0,east jamie,148,kale,organic,2024-06-09,1.0,5.36,5.36
5075,dr. daniel church,77.0,dawnside,111,kale,snack,2024-01-30,1.0,4.95,4.95
5076,andrew howard,41.0,lake melissaside,107,organic apples,vegetable,2024-02-29,4.0,13.97,55.88
5077,deanna jones,33.0,quinnchester,117,tofu,organic,2024-08-01,1.0,10.19,10.19
5078,robert sexton,36.0,east joyce,160,organic apples,organic,2024-03-14,3.0,10.95,32.849999999999994
5079,robert gray,25.0,teresamouth,101,fresh milk,organic,2024-01-18,1.0,12.96,12.96
5080,olivia flores,70.0,brandontown,150,kale,organic,2024-05-07,4.0,2.21,8.84
5081,jessica swanson,46.0,west brittany,144,almond butter,snack,2024-07-28,1.0,4.05,4.05
5082,kenneth reed,36.0,santanatown,103,granola,organic,2024-07-08,1.0,15.65,15.65
5083,john turner,40.0,annaview,151,kale,vegetable,2024-08-13,3.0,3.71,11.13
5084,andrea johnson,56.0,jacksonfurt,189,tofu,dairy,2024-07-24,4.0,1.34,5.36
5086,deanna rivas,77.0,north kathleenside,131,granola,vegetable,2024-10-17,4.0,5.52,22.08
5087,kevin morgan,39.0,west maryport,159,fresh milk,snack,2024-02-03,3.0,11.49,34.47
5088,stephen young,77.0,carrollport,150,fresh milk,vegetable,2024-10-08,2.0,4.21,8.42
5089,emily valencia,19.0,new laura,196,kale,dairy,2024-03-11,4.0,6.02,24.08
5090,matthew sawyer,60.0,gregorymouth,133,tofu,organic,2024-07-10,4.0,8.39,33.56
5092,mrs. teresa nelson dds,43.0,weavertown,166,organic apples,dairy,2024-01-23,4.0,8.41,33.64
5093,jacob townsend,35.0,kimberlyburgh,110,kale,dairy,2024-02-21,4.0,3.67,14.68
5094,deanna rodriguez,30.0,lake jacob,145,fresh milk,vegetable,2024-04-17,2.0,14.51,29.02
5095,michelle potts,52.0,lake amanda,116,organic apples,snack,2024-06-08,3.0,9.43,28.29
5096,connie stout,65.0,lake kurt,180,almond butter,organic,2024-06-02,4.0,7.99,31.96
5097,virginia webb,79.0,east sabrina,114,granola,organic,2024-04-10,1.0,13.62,13.62
5098,eric west,62.0,glendaton,162,almond butter,snack,2024-08-28,4.0,13.92,55.68
5099,deborah anderson,36.0,lindaland,191,organic apples,snack,2024-10-29,2.0,4.48,8.96
5100,patricia williams,55.0,south anthony,103,kale,organic,2024-06-19,1.0,3.04,3.04
5101,virginia ramos,69.0,kimberlyfort,135,almond butter,dairy,2024-02-06,1.0,15.18,15.18
5102,kerry nelson,68.0,grantchester,101,almond butter,dairy,2024-07-15,2.0,12.14,24.28
5103,elizabeth wang,39.0,matthewshire,135,almond butter,vegetable,2024-04-19,4.0,3.38,13.52
5104,dr. susan townsend md,58.0,palmertown,175,tofu,organic,2024-01-16,3.0,18.55,55.650000000000006
5105,donald hood,70.0,matthewport,176,tofu,organic,2024-08-04,2.0,11.18,22.36
5106,courtney sampson,24.0,lake joseph,181,organic apples,vegetable,2024-04-03,4.0,7.21,28.84
5107,melissa cruz,50.0,singletonbury,179,almond butter,snack,2024-01-06,2.0,9.76,19.52
5109,mark kelly,34.0,mcdanielbury,175,kale,organic,2024-04-04,1.0,1.94,1.94
5110,jessica aguilar,29.0,paulafort,121,almond butter,snack,2024-06-30,1.0,15.2,15.2
5111,carolyn sellers,23.0,west chadmouth,199,granola,dairy,2024-07-10,4.0,16.12,64.48
5112,brittany barrera,48.0,new barryfort,129,almond butter,vegetable,2024-03-12,2.0,16.8,33.6
5113,bruce oliver,37.0,west philliphaven,194,granola,organic,2024-07-23,2.0,15.88,31.76
5114,jenna vargas,57.0,port brittanymouth,181,fresh milk,organic,2024-05-28,3.0,1.69,5.07
5115,erin morgan,74.0,north jessica,169,fresh milk,snack,2024-10-30,1.0,6.44,6.44
5116,david mcdaniel,51.0,briannaburgh,116,organic apples,dairy,2024-08-03,1.0,9.48,9.48
5117,pamela perez,24.0,fosterstad,115,almond butter,dairy,2024-07-01,3.0,18.46,55.38
5118,justin campbell,54.0,south jason,139,tofu,snack,2024-02-10,1.0,11.34,11.34
5120,kristine morris,48.0,albertland,189,fresh milk,organic,2024-03-29,3.0,12.41,37.23
5121,amber curtis,62.0,port michaelside,172,organic apples,vegetable,2024-04-04,3.0,16.04,48.12
5122,alison todd,31.0,west elizabethville,194,almond butter,organic,2024-06-02,2.0,8.19,16.38
5123,karen gonzalez,40.0,jessetown,131,almond butter,vegetable,2024-08-12,2.0,19.41,38.82
5124,aaron ellis,76.0,derrickmouth,132,kale,organic,2024-03-25,4.0,6.9,27.6
5125,sarah taylor,38.0,elainefort,176,tofu,dairy,2024-08-31,2.0,11.4,22.8
5126,emma park,47.0,graymouth,133,tofu,organic,2024-09-24,4.0,6.77,27.08
5127,michelle moreno,22.0,south rickeystad,141,organic apples,organic,2024-04-18,2.0,8.72,17.44
5128,jeffrey dillon,18.0,morrishaven,180,tofu,vegetable,2024-09-08,4.0,6.88,27.52
5129,nicholas simmons,41.0,west ethanside,151,kale,organic,2024-01-09,3.0,17.01,51.03
5131,monica romero,77.0,west abigail,133,granola,dairy,2024-06-25,2.0,5.36,10.72
5132,cristina parker,29.0,west richard,111,kale,organic,2024-04-07,3.0,5.45,16.35
5133,courtney kim,38.0,north ashley,190,organic apples,vegetable,2024-09-08,3.0,17.86,53.58
5134,james grant,47.0,east kenneth,145,kale,snack,2024-06-07,2.0,10.31,20.62
5135,kevin baker,47.0,alyssashire,175,tofu,snack,2024-06-01,3.0,1.26,3.78
5136,jill martinez,52.0,harrisfurt,184,kale,organic,2024-10-12,3.0,12.66,37.98
5138,antonio martin,67.0,port robert,198,fresh milk,dairy,2024-09-02,3.0,14.63,43.89
5139,shannon jenkins,20.0,east stacy,163,fresh milk,organic,2024-04-01,4.0,3.19,12.76
5140,carla hughes,31.0,lake yolanda,127,granola,organic,2024-06-23,2.0,18.87,37.74
5141,ann quinn,59.0,cherylhaven,197,kale,snack,2024-10-17,3.0,7.01,21.03
5142,kenneth sawyer,66.0,weisstown,136,granola,organic,2024-03-28,2.0,9.61,19.22
5143,mr. larry smith,36.0,lake howardview,165,fresh milk,organic,2024-05-18,1.0,17.08,17.08
5144,donna mullins,28.0,lake lance,167,organic apples,vegetable,2024-03-25,4.0,1.37,5.48
5145,david nelson,27.0,north robert,195,organic apples,organic,2024-03-14,1.0,19.37,19.37
5146,karen bennett,73.0,west elizabeth,127,organic apples,snack,2024-08-20,3.0,15.75,47.25
5147,deborah rice,50.0,michaelport,141,kale,vegetable,2024-01-11,1.0,2.87,2.87
5148,randy baxter,49.0,savagechester,157,granola,snack,2024-05-21,1.0,10.94,10.94
5149,tracey terry,18.0,destinyfort,105,granola,vegetable,2024-04-26,4.0,13.03,52.12
5150,mary kim,28.0,north markberg,125,tofu,vegetable,2024-08-03,4.0,3.17,12.68
5151,deborah french,65.0,raybury,148,almond butter,snack,2024-08-31,3.0,4.2,12.6
5152,nancy hughes,44.0,west jill,187,almond butter,snack,2024-09-16,2.0,3.25,6.5
5153,timothy gutierrez,43.0,rodriguezland,142,granola,organic,2024-06-12,3.0,5.04,15.12
5154,kimberly ramirez,52.0,east ryanfurt,117,almond butter,snack,2024-09-03,4.0,3.53,14.12
5155,melissa johnson,20.0,lake sharon,166,kale,organic,2024-06-03,1.0,13.94,13.94
5156,jordan taylor,35.0,port darlenefurt,160,almond butter,dairy,2024-02-02,3.0,8.51,25.53
5157,kyle lloyd,62.0,youngview,138,organic apples,snack,2024-06-26,3.0,9.88,29.64
5158,joseph stein,29.0,easx kristinaton,139,almond butter,vegetable,2024-02-01,2.0,12.35,24.7
5159,kevin thomas,21.0,lake samanthaborough,116,kale,dairy,2024-04-26,2.0,12.79,25.58
5160,robert martinez,31.0,priceburgh,164,tofu,dairy,2024-05-13,2.0,15.01,30.02
5161,brandy burgess,67.0,collinsmouth,104,kale,dairy,2024-04-15,2.0,5.66,11.32
5162,john ramos,33.0,south robert,179,kale,vegetable,2024-08-30,3.0,15.62,46.86
5163,jennifer holden,22.0,smithchester,194,fresh milk,snack,2024-10-12,2.0,19.75,39.5
5164,rebecca brown,61.0,west michelle,199,fresh milk,vegetable,2024-04-21,3.0,2.86,8.58
5165,deborah woods,47.0,bradleymouth,112,granola,dairy,2024-03-30,1.0,6.81,6.81
5166,steven vincent,73.0,lake april,151,fresh milk,dairy,2024-06-15,1.0,12.16,12.16
5167,matthew owen,48.0,west brandonside,171,almond butter,snack,2024-03-30,2.0,18.93,37.86
5168,stacy johnson,36.0,port kimberly,153,almond butter,vegetable,2024-04-03,4.0,1.65,6.6
5169,andrew miller,72.0,eduardofurt,160,almond butter,snack,2024-06-24,2.0,13.08,26.16
5170,autumn dean,22.0,north derek,180,tofu,vegetable,2024-05-15,4.0,11.62,46.48
5171,alexis hill,29.0,south jerry,159,fresh milk,dairy,2024-01-14,2.0,10.38,20.76
5172,kenneth olsen,24.0,michellehaven,199,tofu,snack,2024-02-26,1.0,1.69,1.69
5173,phillip stewart,73.0,south jasonstad,161,organic apples,snack,2024-02-27,4.0,6.75,27.0
5174,stephen daniel,61.0,fordborough,114,granola,snack,2024-06-08,4.0,1.71,6.84
5175,christopher rodriguez,28.0,east allison,187,kale,snack,2024-07-10,3.0,13.05,39.150000000000006
5176,dawn wright,23.0,christinamouth,159,organic apples,organic,2024-10-14,2.0,19.58,39.16
5177,jeffrey walter,22.0,taylortown,124,organic apples,vegetable,2024-11-06,1.0,19.5,19.5
5178,robert brown,46.0,chelseychester,135,tofu,vegetable,2024-06-26,3.0,17.75,53.25
5179,kyle parker,59.0,stevensonstad,115,kale,vegetable,2024-05-27,3.0,17.56,52.67999999999999
5180,bobby smith,45.0,lake michaelhaven,124,fresh milk,snack,2024-06-08,4.0,12.31,49.24
5181,ashley cole,72.0,lakd bobbychester,152,fresh milk,vegetable,2024-07-25,3.0,13.5,40.5
5182,robert foster,63.0,brandonport,121,almond butter,organic,2024-09-15,2.0,1.17,2.34
5183,laura blackwell,34.0,huberton,101,kale,vegetable,2024-09-09,3.0,15.44,46.32
5184,ryan rivera,19.0,port michellemouth,147,tofu,dairy,2024-04-07,3.0,11.85,35.55
5185,joseph williams,61.0,port kristine,122,kale,organic,2024-05-26,3.0,17.38,52.14
5187,emily graham,48.0,west scott,118,almond butter,snack,2024-02-05,3.0,14.12,42.36
5188,brandon wilson,53.0,chaseside,165,tofu,vegetable,2024-11-06,3.0,10.19,30.57
5189,robert garrett,49.0,east jefferyburgh,172,kale,vegetable,2024-10-14,1.0,3.53,3.53
5190,sara hess,52.0,brendaville,103,fresh milk,organic,2024-03-13,1.0,19.89,19.89
5191,donna kennedy,48.0,schpoederhaven,168,granola,snack,2024-06-09,4.0,17.13,68.52
5192,claudia nelson,31.0,port louis,124,fresh milk,snack,2024-02-26,2.0,9.75,19.5
5193,sara davis,78.0,east michael,194,almond butter,dairy,2024-09-30,4.0,17.44,69.76
5194,anthony ramirez,65.0,sarafurt,153,granola,vegetable,2024-04-23,1.0,6.88,6.88
5195,alexandra glenn,47.0,lake krystal,121,tofu,dairy,2024-01-05,4.0,19.24,76.96
5196,aaron love jr.,33.0,new gregory,102,kale,vegetable,2024-08-07,3.0,18.93,56.79
5197,juan knight,47.0,combsport,198,almond butter,dairy,2024-01-25,1.0,3.76,3.76
5198,michael parker,65.0,new alexa,194,tofu,vegetable,2024-04-27,3.0,6.46,19.38
5199,sergio brown,39.0,alexandermouth,184,kale,dairy,2024-09-19,1.0,11.38,11.38
5200,ricardo williams,36.0,williamland,140,tofu,vegetable,2024-08-03,4.0,12.23,48.92
5201,donald roberts,49.0,adamsshire,138,fresh milk,dairy,2024-02-09,2.0,2.91,5.82
5203,pamela baker,49.0,new tammybury,183,granola,organic,2024-08-25,3.0,14.58,43.74
5204,richard steele,71.0,west ashleyton,129,granola,dairy,2024-01-10,1.0,15.72,15.72
5205,bryan buckley,64.0,port linda,133,fresh milk,dairy,2024-03-24,4.0,1.83,7.32
5206,samuel faulkner,62.0,south jackshire,130,organic apples,vegetable,2024-11-03,3.0,17.17,51.510000000000005
5207,jose brooks,52.0,north amyshire,173,granola,dairy,2024-04-27,1.0,19.49,19.49
5208,lisa davis,48.0,heatherbury,169,granola,snack,2024-06-06,2.0,15.86,31.72
5209,timothy martinez,71.0,melissamouth,155,tofu,organic,2024-02-13,141.0,5.61,791.01
5210,sherri thomas,19.0,lake margaretberg,136,kale,vegetable,2024-04-03,3.0,14.76,44.28
5211,angel bush,35.0,north markland,191,almond butter,organic,2024-09-13,4.0,15.12,60.48
5212,melissa norris,20.0,port dorothyborough,128,tofu,organic,2024-05-13,2.0,3.12,6.24
5213,jeffrey schwartz,40.0,rodriguezmouth,153,kale,snack,2024-09-18,2.0,19.36,38.72
5214,john wilcox,42.0,delgadomouth,119,kale,dairy,2024-08-03,1.0,9.83,9.83
5215,sarah banks,66.0,haneyville,173,organic apples,organic,2024-03-30,4.0,18.88,75.52
5216,bob austin,19.0,new jerryland,113,organic apples,dairy,2024-04-03,1.0,5.33,5.33
5217,taylor murray,58.0,port kent,196,fresh milk,organic,2024-08-24,4.0,14.11,56.44
5218,cindy vang,54.0,gonzaleston,100,organic apples,organic,2024-02-28,2.0,3.06,6.12
5219,bobby anderson,57.0,amberside,168,almond butter,dairy,2024-03-03,3.0,10.0,30.0
5220,heather stout,28.0,lake joseph,199,tofu,vegetable,2024-07-14,2.0,1.83,3.66
5221,pamela hanson,21.0,donnamouth,162,kale,vegetable,2024-06-15,4.0,2.65,10.6
5222,ricky reese,43.0,angelaborough,138,almond butter,vegetable,2024-01-22,4.0,16.54,66.16
5223,joshua olson,74.0,east vincent,117,kale,snack,2024-01-21,2.0,8.17,16.34
5224,bryan gilbert,25.0,catherinechester,186,granola,dairy,2024-08-18,2.0,10.73,21.46
5225,david payne,34.0,port jason,158,tofu,vegetable,2024-03-22,2.0,6.48,12.96
5227,timothy bennett,23.0,rosemouth,113,organic apples,snack,2024-11-03,4.0,3.13,12.52
5228,leslie moore,68.0,kristenburgh,169,organic apples,dairy,2024-02-23,1.0,18.24,18.24
5229,douglas armstrong,65.0,rebeccaville,111,kale,dairy,2024-01-11,2.0,10.69,21.38
5230,carlos dickerson,43.0,east george,170,almond butter,vegetable,2024-06-26,1.0,4.95,4.95
5231,matthew miller,61.0,port rachelchester,117,kale,organic,2024-01-23,123.0,8.57,1054.11
5232,tammie morris,26.0,brooksfort,186,granola,vegetable,2024-01-17,2.0,10.32,20.64
5233,tammy berry,43.0,frankshire,121,organic apples,organic,2024-10-19,3.0,12.64,37.92
5235,kevin jackson,22.0,lauraville,174,fresh milk,snack,2024-08-17,4.0,10.43,41.72
5237,kelly smith,50.0,north patrick,139,organic apples,snack,2024-01-30,140.0,13.55,1897.0
5238,sharon white,58.0,mollyside,106,tofu,vegetable,2024-02-22,4.0,14.97,59.88
5239,bryan anderson,24.0,amyborough,147,organic apples,dairy,2024-04-03,1.0,6.24,6.24
5240,cynthia vasquez,45.0,south cynthia,155,tofu,organic,2024-01-17,2.0,4.62,9.24
5241,logan logan,55.0,glassport,128,almond butter,snack,2024-04-04,2.0,10.18,20.36
5242,diana ibarra,77.0,erinland,154,tofu,organic,2024-03-08,4.0,19.49,77.96
5243,christine brown,28.0,east dylan,116,almond butter,dairy,2024-03-25,3.0,9.07,27.21
5244,craig bailey,36.0,hollandbury,125,almond butter,vegetable,2024-04-29,4.0,14.27,57.08
5245,david wagner,28.0,brucestad,158,kale,dairy,2024-07-21,3.0,11.65,34.95
5246,clifford howe,48.0,williamsburgh,106,kale,organic,2024-08-30,4.0,7.89,31.56
5247,diane simmons,48.0,andreaview,198,kale,snack,2024-01-28,3.0,11.44,34.32
5248,kevin horn,55.0,south jasonbury,193,fresh milk,vegetable,2024-08-17,2.0,19.46,38.92
5250,michael hunter,53.0,lake michael,128,tofu,snack,2024-11-07,4.0,2.95,11.8
5251,sally ramos,72.0,port shellymouth,111,tofu,vegetable,2024-07-29,2.0,8.16,16.32
5252,christopher white,77.0,port ronald,102,granola,snack,2024-03-17,4.0,18.72,74.88
5253,melissa winters,58.0,new alanchester,150,fresh milk,vegetable,2024-03-09,1.0,18.69,18.69
5254,debbie porter,54.0,lake gregory,104,tofu,snack,2024-04-21,3.0,18.16,54.48
5255,marc richards,60.0,lake steven,130,tofu,organic,2024-02-15,3.0,3.48,10.44
5256,karen noble,78.0,east jo,139,organic apples,dairy,2024-09-23,2.0,8.46,16.92
5257,carol gill,48.0,simmonsbury,152,granola,organic,2024-09-13,4.0,17.39,69.56
5258,debra bailey,59.0,south williamfurt,188,fresh milk,organic,2024-05-04,3.0,7.46,22.38
5259,vicki martin,72.0,east erin,104,kale,vegetable,2024-05-03,3.0,6.0,18.0
5260,annette petty,77.0,north sandrachester,192,kale,vegetable,2024-03-27,1.0,6.26,6.26
5261,zachary hogan,35.0,east emma,167,tofu,organic,2024-03-03,1.0,5.72,5.72
5262,mrs. amy duncan,45.0,north janet,154,granola,vegetable,2024-08-06,3.0,2.98,8.94
5263,meagan gonzales,78.0,gonzalezfort,186,granola,snack,2024-02-16,1.0,5.68,5.68
5264,heather williams,79.0,port george,151,almond butter,vegetable,2024-03-20,2.0,9.48,18.96
5265,kimberly young,64.0,christinaberg,141,organic apples,dairy,2024-08-17,3.0,19.99,59.97
5266,deborah aguilar,37.0,leeton,136,fresh milk,dairy,2024-09-26,1.0,16.52,16.52
5267,kristina kelley,27.0,lake ashley,183,organic apples,organic,2024-10-11,4.0,12.89,51.56
5268,mary ho,68.0,lake jason,113,granola,dairy,2024-01-02,1.0,15.67,15.67
5270,eric james,41.0,port kristen,114,almond butter,vegetable,2024-03-19,1.0,14.03,14.03
5271,brendan miller,64.0,port jennachester,173,tofu,organic,2024-10-24,1.0,7.46,7.46
5272,eric fisher,30.0,new anthony,103,fresh milk,snack,2024-01-10,3.0,6.94,20.82
5274,joe brown,29.0,greenchester,157,kale,organic,2024-08-02,1.0,13.08,13.08
5275,lisa kelly,65.0,sandovalburgh,196,kale,vegetable,2024-02-20,4.0,5.45,21.8
5276,kerry chapman,32.0,port melissa,115,granola,snack,2024-04-09,2.0,3.99,7.98
5277,christopher cardenas,31.0,banksborough,133,granola,organic,2024-06-20,1.0,10.87,10.87
5278,jesse mckenzie,39.0,east laura,141,granola,dairy,2024-03-16,3.0,11.73,35.19
5279,ashley haas,26.0,powersbury,177,granola,organic,2024-05-19,3.0,7.97,23.91
5280,connie johnston,23.0,lake tyler,159,organic apples,dairy,2024-09-01,4.0,16.69,66.76
5281,gregory stokes,19.0,schmidtside,108,almond butter,organic,2024-04-12,2.0,7.23,14.46
5282,taylor walker,68.0,port april,131,granola,snack,2024-03-19,2.0,3.3,6.6
5283,paul middleton,71.0,loweryton,157,kale,dairy,2024-04-22,3.0,8.91,26.73
5284,timothy zamora,65.0,paceland,177,fresh milk,organic,2024-07-17,2.0,13.29,26.58
5285,david silva,60.0,adamfort,156,organic apples,snack,2024-09-14,2.0,15.76,31.52
5286,cynthia kerr,33.0,port belindamouth,163,granola,dairy,2024-02-11,2.0,12.78,25.56
5287,sheila mann,76.0,new amanda,111,tofu,organic,2024-09-20,4.0,19.72,78.88
5288,scott holland,22.0,lake alicia,196,organic apples,vegetable,2024-08-10,4.0,7.18,28.72
5289,lisa robles,58.0,new michaelville,120,granola,vegetable,2024-09-26,2.0,4.04,8.08
5290,dana patel,71.0,port garychester,133,almond butter,snack,2024-11-01,1.0,19.65,19.65
5291,robert dennis,71.0,east jasminefort,159,almond butter,organic,2024-05-31,4.0,6.95,27.8
5292,mr. christopher jones,28.0,lake derrick,150,tofu,vegetable,2024-04-09,2.0,14.13,28.26
5293,cynthia freeman,43.0,north kevin,134,almond butter,organic,2024-07-26,4.0,8.25,33.0
5294,pamela owens,33.0,south janet,101,kale,organic,2024-10-08,1.0,2.6,2.6
5295,bruce sullivan,35.0,new aprilfort,181,organic apples,organic,2024-09-04,1.0,13.34,13.34
5297,barbara johnson,31.0,kimberlyhaven,126,almond butter,dairy,2024-10-14,1.0,2.51,2.51
5298,robyn hernandez,24.0,south elizabeth,147,kale,vegetable,2024-07-30,1.0,17.97,17.97
5301,gary mason,40.0,boydville,191,almond butter,organic,2024-08-26,1.0,16.08,16.08
5303,jesse buchanan,60.0,port michaelburgh,174,organic apples,organic,2024-06-17,1.0,10.79,10.79
5304,david harvey md,37.0,zhangview,143,kale,vegetable,2024-09-12,3.0,12.32,36.96
5305,jacob hampton,24.0,lynchchester,149,granola,snack,2024-01-16,2.0,18.3,36.6
5306,kenneth huang,35.0,port christinaport,167,kale,vegetable,2024-02-12,4.0,7.74,30.96
5307,jimmy wiggins,53.0,new robertton,167,fresh milk,vegetable,2024-01-19,4.0,2.2,8.8
5309,rachel mclaughlin,62.0,millerberg,164,fresh milk,organic,2024-01-03,4.0,4.95,19.8
5310,sonya anderson,20.0,danielleborough,125,almond butter,vegetable,2024-06-10,4.0,16.24,64.96
5311,mary curry,53.0,north theresatown,186,kale,vegetable,2024-07-01,1.0,2.54,2.54
5312,jason cruz,22.0,rosariofort,124,organic apples,dairy,2024-09-12,4.0,2.16,8.64
5313,jessica church,19.0,dyerbury,179,almond butter,snack,2024-06-23,2.0,16.94,33.88
5314,elizabeth ball,34.0,davisland,106,fresh milk,vegetable,2024-02-01,2.0,19.32,38.64
5315,daniel davis ii,55.0,lake amymouth,176,fresh milk,vegetable,2024-06-28,1.0,15.45,15.45
5316,alexandra gentry,19.0,karenland,149,kale,organic,2024-04-03,1.0,19.72,19.72
5317,john adams,35.0,mcneilborough,108,organic apples,vegetable,2024-07-07,4.0,13.14,52.56
5318,tracy martin,25.0,cobbmouth,103,granola,dairy,2024-11-01,1.0,4.68,4.68
5319,emily avila,32.0,north scott,144,kale,vegetable,2024-06-28,1.0,18.53,18.53
5320,renee gonzalez,71.0,jonport,172,kale,snack,2024-04-20,2.0,4.38,8.76
5321,william garner,27.0,danielleburgh,199,fresh milk,vegetable,2024-08-11,3.0,8.96,26.880000000000003
5322,richard bryant,19.0,bryantville,165,almond butter,organic,2024-09-25,2.0,16.6,33.2
5323,sheri smith,29.0,catherinetown,128,granola,organic,2024-06-05,2.0,10.89,21.78
5324,mark merritt,41.0,north kristophermouth,131,tofu,organic,2024-08-01,2.0,19.81,39.62
5325,lisa williams,73.0,andrewbury,130,kale,organic,2024-05-29,1.0,5.62,5.62
5326,mackenzie dunn,53.0,pagefurt,130,kale,dairy,2024-10-25,3.0,13.77,41.31
5327,terry wang,62.0,mookeburgh,175,tofu,snack,2024-07-21,2.0,19.96,39.92
5328,andrew phillips,53.0,east samanthatown,159,tofu,dairy,2024-09-23,195.0,14.12,2753.4
5329,daniel wood,32.0,walkerborough,113,tofu,snack,2024-02-21,4.0,2.68,10.72
5330,lisa vazquez,70.0,new lorraine,154,fresh milk,organic,2024-09-28,2.0,13.66,27.32
5331,jeffery west,47.0,kellyview,176,tofu,dairy,2024-06-29,1.0,17.62,17.62
5332,hunter hernandez,23.0,east shelby,173,granola,vegetable,2024-04-24,4.0,13.3,53.2
5333,christine hunter,60.0,geneshire,190,almond butter,vegetable,2024-06-10,1.0,17.62,17.62
5334,megan martinez,32.0,port seanside,109,fresh milk,snack,2024-09-05,2.0,2.97,5.94
5335,michelle johnson dvm,18.0,west elizabethborough,165,fresh milk,snack,2024-04-13,2.0,3.51,7.02
5336,brittany oliver,34.0,hamptonburgh,104,organic apples,dairy,2024-01-01,2.0,4.16,8.32
5337,christopher jefferson,79.0,lake robert,163,fresh milk,snack,2024-03-03,2.0,1.07,2.14
5338,matthew lewis,69.0,chaseberg,102,fresh milk,snack,2024-04-18,4.0,8.77,35.08
5339,sherri smith,48.0,allenbury,185,almond butter,snack,2024-08-18,3.0,4.69,14.07
5340,gregory schwartz,35.0,lake corey,170,tofu,dairy,2024-02-03,2.0,19.23,38.46
5341,thomas daniels,44.0,east amanda,108,tofu,organic,2024-10-10,4.0,8.98,35.92
5342,eric collins,57.0,port cindyfurt,125,almond butter,organic,2024-01-14,4.0,9.86,39.44
5343,bryan maldonado,21.0,west patricia,121,kale,dairy,2024-08-10,3.0,7.43,22.29
5344,victoria price,22.0,sandersview,146,granola,snack,2024-02-01,4.0,2.15,8.6
5345,danny shaw,79.0,joshuaton,187,kale,organic,2024-03-28,1.0,1.46,1.46
5346,kelsey rowe,48.0,east leonard,137,organic apples,snack,2024-01-28,178.0,2.37,421.86
5347,joseph davis,37.0,terrystad,163,fresh milk,organic,2024-04-28,3.0,3.55,10.65
5348,matthew smith,23.0,new janiceburgh,177,almond butter,organic,2024-05-30,3.0,6.68,20.04
5349,jeffrey smith,75.0,taylorfurt,127,granola,snack,2024-07-11,2.0,16.83,33.66
5350,mary orr,37.0,north bradley,137,almond butter,dairy,2024-03-07,4.0,15.56,62.24
5351,donna osborn,47.0,huffmanfurt,104,granola,dairy,2024-11-04,3.0,19.07,57.21
5352,andrew levine,40.0,north scott,105,organic apples,vegetable,2024-09-30,3.0,17.36,52.08
5353,nathaniel rose,28.0,ashleyfurt,151,tofu,snack,2024-03-18,4.0,18.09,72.36
5354,joshua edwards,36.0,south mark,132,almond butter,dairy,2024-05-29,3.0,16.77,50.31
5355,casey wood,66.0,jamesburgh,182,organic apples,dairy,2024-02-10,1.0,4.05,4.05
5356,carlos williams,47.0,south karenborough,189,organic apples,organic,2024-07-09,3.0,3.36,10.08
5357,george myers,51.0,millerside,111,granola,organic,2024-03-12,2.0,11.08,22.16
5358,amanda martin,18.0,port paulaborough,181,kale,dairy,2024-06-02,3.0,13.1,39.3
5359,maria miller,41.0,port charles,159,tofu,dairy,2024-02-04,2.0,3.91,7.82
5360,ronald moon,19.0,christopherstad,138,almond butter,vegetable,2024-05-31,3.0,7.79,23.37
5361,brooke livingston,59.0,port charles,153,almond butter,snack,2024-02-19,3.0,8.9,26.700000000000003
5362,dillon bradshaw,43.0,lopezside,151,granola,snack,2024-02-13,4.0,3.12,12.48
5363,laura thompson,37.0,lake susanburgh,127,granola,snack,2024-07-20,3.0,11.2,33.599999999999994
5364,victoria meyer,51.0,kaitlynmouth,133,almond butter,vegetable,2024-08-03,4.0,14.85,59.4
5365,jessica carpenter,19.0,martinport,146,granola,organic,2024-06-24,3.0,8.51,25.53
5366,monica norman,53.0,north pamelaland,142,almond butter,vegetable,2024-01-27,1.0,11.09,11.09
5367,heather fowler,25.0,port elizabethmouth,102,almond butter,organic,2024-01-29,4.0,16.41,65.64
5369,mr. jason burns,56.0,bakerchester,176,tofu,vegetable,2024-05-07,4.0,18.16,72.64
5370,carol nicholson,48.0,south ericville,199,kale,dairy,2024-10-15,2.0,11.7,23.4
5371,marcus gregory,64.0,south nathan,180,kale,organic,2024-06-29,3.0,3.09,9.27
5372,scott smith,61.0,jonesmouth,145,kale,vegetable,2024-07-18,3.0,1.19,3.57
5373,mary rosario,79.0,charlesview,149,almond butter,snack,2024-05-03,1.0,17.62,17.62
5374,brandy anderson,21.0,north george,188,fresh milk,snack,2024-05-15,2.0,17.39,34.78
5375,jeffrey thompson,53.0,hopkinsport,123,granola,organic,2024-01-27,1.0,5.86,5.86
5376,casey williams,46.0,east lori,192,fresh milk,snack,2024-01-01,2.0,164.06,328.12
5377,john johnson,67.0,new jacqueline,151,granola,organic,2024-03-24,3.0,11.74,35.22
5378,natasha jones,62.0,robertport,161,organic apples,snack,2024-10-13,3.0,9.92,29.76
5379,zachary giles,44.0,richardbury,120,granola,snack,2024-09-18,2.0,5.98,11.96
5380,willie greene,28.0,reevesport,114,granola,snack,2024-02-19,2.0,6.86,13.72
5381,randy smith,70.0,kennethport,138,granola,vegetable,2024-08-17,4.0,9.56,38.24
5382,rachel dunn,25.0,williamsfurt,137,granola,snack,2024-06-19,2.0,2.37,4.74
5383,alison smith,73.0,cunninghamtown,195,granola,dairy,2024-01-20,2.0,1.64,3.28
5384,peter cooper,31.0,north brendanton,104,granola,snack,2024-03-09,4.0,4.68,18.72
5385,monica kelly,60.0,jamesborough,155,tofu,organic,2024-07-07,1.0,11.02,11.02
5386,angela cline,63.0,maryside,151,tofu,vegetable,2024-02-20,2.0,18.61,37.22
5387,jessica davis,79.0,lake anitabury,154,granola,organic,2024-07-15,4.0,17.51,70.04
5388,deborah gonzalez,39.0,east timothy,147,kale,vegetable,2024-06-11,1.0,8.88,8.88
5389,stephanie patton,47.0,new megan,151,granola,snack,2024-09-18,4.0,13.46,53.84
5390,sabrina villa,72.0,wesd joshuafurt,141,almond butter,organic,2024-07-28,4.0,13.87,55.48
5391,jessica stanley,30.0,new matthew,182,fresh milk,organic,2024-01-20,3.0,1.63,4.89
5392,chad phillips,52.0,east sharontown,124,granola,organic,2024-04-15,4.0,13.59,54.36
5393,megan williams,67.0,moraborough,173,kale,organic,2024-03-12,3.0,15.05,45.150000000000006
5394,abigail nelson,62.0,katherinestad,150,granola,vegetable,2024-06-05,1.0,6.86,6.86
5395,jose meyers,65.0,south ricky,137,kale,vegetable,2024-04-25,3.0,19.4,58.2
5396,john cruz,38.0,mollyberg,171,fresh milk,vegetable,2024-02-09,1.0,1.36,1.36
5397,claudia alvarez,59.0,mikemouth,164,kale,organic,2024-08-10,1.0,14.44,14.44
5398,donna thompson,76.0,williamville,108,organic apples,organic,2024-10-07,3.0,17.12,51.36
5399,kathryn soto,63.0,jenniferberg,136,fresh milk,vegetable,2024-11-08,3.0,14.86,44.58
5400,sean lee,26.0,crystalton,118,granola,vegetable,2024-06-15,2.0,1.47,2.94
5401,samuel baker,57.0,west christine,177,almond butter,vegetable,2024-09-19,2.0,3.35,6.7
5402,sandy ewing,49.0,mirandatown,130,almond butter,snack,2024-06-20,2.0,16.65,33.3
5404,david watts,59.0,port rebeccachester,174,granola,dairy,2024-01-18,3.0,16.6,49.8
5405,patrick curtis,71.0,lake matthew,136,tofu,vegetable,2024-05-28,4.0,18.63,74.52
5406,heather barker,59.0,lake annetown,166,almond butter,vegetable,2024-06-07,1.0,12.91,12.91
5407,nicole clements,23.0,josephmouth,163,granola,snack,2024-01-27,1.0,16.61,16.61
5408,charlene richards,43.0,north julieton,172,tofu,organic,2024-10-14,4.0,4.72,18.88
5409,amy lamb,60.0,gonzalezport,135,fresh milk,dairy,2024-05-22,4.0,17.67,70.68
5410,christopher stephenson,53.0,erikchester,143,fresh milk,vegetable,2024-01-13,1.0,5.99,5.99
5411,christopher cummings,18.0,south jamesville,128,organic apples,vegetable,2024-03-20,4.0,13.55,54.2
5412,emily ruiz,26.0,north melissa,187,organic apples,organic,2024-07-06,3.0,12.67,38.01
5413,austin george,51.0,arnoldview,137,organic apples,snack,2024-09-23,1.0,19.47,19.47
5414,alicia bailey,58.0,nancyborough,123,tofu,dairy,2024-07-14,2.0,4.86,9.72
5415,melissa shaffer,40.0,williamchester,149,granola,snack,2024-03-12,4.0,18.17,72.68
5417,paul hayes md,28.0,vickiemouth,175,kale,organic,2024-08-14,3.0,19.56,58.67999999999999
5418,susan russo,48.0,new shawn,150,tofu,vegetable,2024-01-09,3.0,5.95,17.85
5419,shawn ray,66.0,robertsfort,143,organic apples,snack,2024-09-18,2.0,13.91,27.82
5420,amanda jones,64.0,east timothyfurt,186,kale,snack,2024-02-18,2.0,6.11,12.22
5421,danielle gomez,42.0,huangtown,134,tofu,dairy,2024-08-24,2.0,10.51,21.02
5422,lindsey frederick,42.0,east scott,144,almond butter,organic,2024-05-10,4.0,19.59,78.36
5423,laura espinoza,77.0,jesusmouth,114,fresh milk,dairy,2024-10-06,2.0,5.15,10.3
5424,andrea boyer,68.0,rebeccashire,125,fresh milk,vegetable,2024-01-31,2.0,18.77,37.54
5426,cheryl nguyen,56.0,lake henryfurt,152,fresh milk,snack,2024-09-13,1.0,11.04,11.04
5427,frank knight,37.0,lake kathleenfort,146,organic apples,organic,2024-07-08,4.0,3.41,13.64
5428,adam becker,79.0,wardport,189,almond butter,organic,2024-01-22,4.0,14.73,58.92
5429,rebecca chen,66.0,south james,181,granola,dairy,2024-10-28,3.0,4.96,14.88
5430,alison gray,52.0,moyerton,148,fresh milk,snack,2024-04-05,4.0,7.39,29.56
5431,nicole king,65.0,lake michaelburgh,171,almond butter,vegetable,2024-03-27,2.0,13.07,26.14
5432,eric cruz,26.0,barbaramouth,126,almond butter,vegetable,2024-08-04,3.0,8.71,26.130000000000003
5433,brandon brown,44.0,lake erinborough,152,fresh milk,snack,2024-04-28,2.0,11.22,22.44
5434,brooke higgins,61.0,north elizabethmouth,182,kale,organic,2024-04-13,4.0,14.21,56.84
5435,edward morgan,44.0,west edwardborough,125,organic apples,organic,2024-06-21,1.0,13.25,13.25
5436,deborah clay,44.0,wrightfurt,175,fresh milk,organic,2024-10-16,1.0,19.42,19.42
5437,daniel richardson,39.0,south carolynberg,127,organic apples,vegetable,2024-01-24,4.0,11.26,45.04
5438,robert coleman,25.0,south veronica,119,tofu,dairy,2024-04-12,1.0,11.88,11.88
5439,kelly jones,21.0,port alexanderville,164,kale,snack,2024-01-25,4.0,16.34,65.36
5440,maurice castaneda,70.0,new seanmouth,139,fresh milk,snack,2024-04-08,1.0,19.31,19.31
5441,erin barnes,62.0,south thomas,116,organic apples,dairy,2024-10-20,1.0,12.99,12.99
5442,candice cook,59.0,bowersshire,176,granola,vegetable,2024-09-03,3.0,6.74,20.22
5443,cynthia hall,34.0,carterbury,197,granola,vegetable,2024-06-22,4.0,5.5,22.0
5444,christina perry,49.0,port brandi,157,kale,dairy,2024-04-06,1.0,3.58,3.58
5445,christopher gonzales,37.0,north jessica,170,almond butter,organic,2024-10-12,1.0,13.27,13.27
5446,lawrence anderson,31.0,robertsonberg,168,tofu,dairy,2024-01-08,4.0,16.97,67.88
5447,kelly davis,22.0,port john,131,kale,dairy,2024-06-09,4.0,10.25,41.0
5448,joshua navarro,59.0,east lauraburgh,143,granola,dairy,2024-07-21,4.0,11.75,47.0
5451,stephanie dean,33.0,ricefort,180,fresh milk,organic,2024-08-27,4.0,17.64,70.56
5452,terry roberts,51.0,north lanceside,123,almond butter,dairy,2024-06-23,2.0,17.19,34.38
5453,jessica greer,61.0,tiffanyfurt,124,granola,snack,2024-04-11,1.0,10.81,10.81
5454,jacqueline martinez,54.0,wigginsfurt,175,fresh milk,dairy,2024-05-23,1.0,19.49,19.49
5455,tanya martinez,53.0,kevinview,175,organic apples,snack,2024-06-13,1.0,8.89,8.89
5456,nathan mason,51.0,alvarezfort,195,granola,organic,2024-04-17,4.0,3.55,14.2
5457,kathleen foster,27.0,new carol,118,organic apples,snack,2024-01-13,2.0,19.16,38.32
5458,richard tucker,71.0,anthonyside,166,fresh milk,organic,2024-08-11,2.0,11.83,23.66
5459,jared mcgee,24.0,north joshua,171,fresh milk,snack,2024-10-05,3.0,10.72,32.160000000000004
5460,monica holmes,56.0,loweryfort,193,fresh milk,vegetable,2024-03-29,1.0,9.03,9.03
5461,lauren elliott,23.0,wesleytown,127,tofu,organic,2024-04-08,2.0,13.9,27.8
5462,patricia lewis,63.0,north wendy,178,granola,dairy,2024-10-02,4.0,6.94,27.76
5463,kyle jones,30.0,cookville,197,granola,dairy,2024-11-07,2.0,7.4,14.8
5464,jason york,39.0,port levi,180,kale,vegetable,2024-01-20,127.0,9.15,1162.05
5465,peter wu,68.0,grossburgh,102,almond butter,dairy,2024-11-05,4.0,9.08,36.32
5466,michael wolf,47.0,turnershire,126,tofu,vegetable,2024-07-24,1.0,16.5,16.5
5467,kristen brown,41.0,north stephanie,142,almond butter,dairy,2024-06-27,3.0,5.96,17.88
5468,tiffany green,65.0,elizabethport,156,almond butter,vegetable,2024-01-28,2.0,10.62,21.24
5469,sergio stafford,69.0,scottmouth,116,almond butter,snack,2024-06-23,2.0,11.03,22.06
5470,sean fleming,20.0,richardville,184,granola,dairy,2024-02-20,3.0,7.63,22.89
5471,kelsey bell,79.0,huyuhchester,149,fresh milk,organic,2024-07-03,1.0,2.78,2.78
5472,dale taylor,56.0,cindyland,115,organic apples,vegetable,2024-04-08,4.0,13.3,53.2
5474,joshua werner,40.0,rossbury,186,almond butter,snack,2024-01-22,2.0,2.83,5.66
5475,catherine woodward,65.0,michaelbury,199,tofu,snack,2024-07-22,2.0,18.39,36.78
5476,christine washington,38.0,valdezchester,169,organic apples,dairy,2024-01-27,4.0,2.84,11.36
5477,megan hinton,42.0,hernandezport,191,organic apples,vegetable,2024-04-30,1.0,2.51,2.51
5478,jeffrey west,36.0,port dale,173,granola,snack,2024-07-17,2.0,11.85,23.7
5479,rebecca barker,54.0,port shannon,144,granola,vegetable,2024-05-04,1.0,2.08,2.08
5480,kathleen lee,67.0,stevenfort,109,fresh milk,organic,2024-10-11,3.0,12.96,38.88
5482,sarah hayes,62.0,new clintonland,184,granola,vegetable,2024-08-10,3.0,2.73,8.19
5483,michael snyder,49.0,wangton,157,fresh milk,snack,2024-03-02,3.0,11.17,33.51
5484,sabrina webster,55.0,jonathanfort,174,almond butter,organic,2024-03-18,1.0,10.78,10.78
5485,alexander washington,18.0,osborntown,136,tofu,snack,2024-04-26,3.0,9.78,29.34
5486,thomas mills,34.0,lake leahborough,184,organic apples,dairy,2024-05-25,3.0,17.43,52.29
5487,larry hernandez,44.0,west raymondton,155,tofu,snack,2024-04-25,3.0,2.19,6.57
5488,becky vaughn,68.0,petersonfurt,171,almond butter,vegetable,2024-03-25,4.0,19.56,78.24
5489,linda jackson,37.0,lake angela,147,granola,organic,2024-03-21,2.0,16.54,33.08
5490,mr. mark parker,78.0,padillashire,148,almond butter,snack,2024-02-19,4.0,13.86,55.44
5491,erica trujillo,18.0,cruzburgh,128,kale,snack,2024-03-11,3.0,6.99,20.97
5492,jose hernandez,19.0,heatherstad,109,almond butter,dairy,2024-06-13,1.0,5.87,5.87
5493,david york,59.0,north katherineborough,147,kale,dairy,2024-02-06,2.0,17.14,34.28
5494,raymond reyes,53.0,robinsontown,130,almond butter,organic,2024-02-23,4.0,8.75,35.0
5495,mr. kenneth schmidt ii,56.0,west amanda,158,fresh milk,snack,2024-04-11,2.0,3.98,7.96
5496,heather young,70.0,katherineshire,130,organic apples,snack,2024-08-06,4.0,15.18,60.72
5497,meredith mcdaniel dds,48.0,rileymouth,197,organic apples,snack,2024-09-06,1.0,7.05,7.05
5499,ryan pena,49.0,north daniellebury,128,granola,dairy,2024-08-23,2.0,8.16,16.32
5501,stephanie sims,55.0,east davidmouth,170,kale,snack,2024-11-07,1.0,17.02,17.02
5502,gary harris,59.0,kirkfurt,198,kale,dairy,2024-04-24,3.0,11.81,35.43
5503,antonio lucas,31.0,arellanoberg,170,almond butter,dairy,2024-09-03,3.0,5.54,16.62
5504,edward mills,72.0,south mark,198,organic apples,organic,2024-09-13,2.0,1.16,2.32
5505,jacob wright,63.0,south cindyburgh,195,almond butter,snack,2024-01-16,4.0,4.75,19.0
5506,jeremy jackson,24.0,randybury,138,kale,snack,2024-09-24,1.0,19.21,19.21
5507,bobby williams,43.0,port ricky,138,kale,dairy,2024-03-22,2.0,12.56,25.12
5508,gregory cummings,41.0,north james,182,tofu,organic,2024-10-07,2.0,14.33,28.66
5509,paul gonzales,24.0,allisonport,182,organic apples,organic,2024-05-20,3.0,19.67,59.010000000000005
5510,carolyn cole,47.0,lake robert,193,fresh milk,dairy,2024-04-19,2.0,16.59,33.18
5511,george hayes,49.0,new tabitha,144,kale,snack,2024-05-03,1.0,2.47,2.47
5512,kenneth johnson,45.0,bakerburgh,100,almond butter,organic,2024-05-10,4.0,16.93,67.72
5513,jessica stuart,46.0,vincentmouth,189,granola,dairy,2024-02-29,2.0,8.28,16.56
5514,melissa martin,56.0,south david,162,organic apples,vegetable,2024-01-28,4.0,12.16,48.64
5515,jeffery jackson,56.0,south brandy,195,granola,snack,2024-08-26,3.0,18.75,56.25
5516,chloe fuller,18.0,beckerborough,152,almond butter,dairy,2024-02-12,1.0,9.5,9.5
5517,stacy armstrong,45.0,lake david,157,fresh milk,organic,2024-01-12,4.0,14.57,58.28
5519,deborah graves,53.0,davilahaven,129,organic apples,organic,2024-09-14,4.0,6.84,27.36
5520,jennifer garcia dvm,55.0,huertastad,188,almond butter,organic,2024-03-10,2.0,9.17,18.34
5521,felicia taylor,23.0,lawsontown,167,organic apples,vegetable,2024-06-24,3.0,18.8,56.400000000000006
5522,allison vargas,21.0,wendyfurt,150,tofu,vegetable,2024-10-30,3.0,18.27,54.81
5524,chad brady,37.0,lake angelaport,152,fresh milk,snack,2024-05-18,2.0,9.43,18.86
5525,brian anderson,26.0,lake laurenbury,188,tofu,organic,2024-09-24,4.0,4.72,18.88
5527,john moore,36.0,anthonyfurt,139,kale,organic,2024-08-04,3.0,1.45,4.35
5528,ms. carolyn juarez,29.0,lake kayla,196,organic apples,snack,2024-08-03,4.0,12.09,48.36
5529,alexander blake,41.0,goodmanport,159,kale,dairy,2024-04-07,3.0,16.08,48.24
5530,sarah martin,23.0,kellyberg,160,tofu,snack,2024-08-17,3.0,14.79,44.37
5531,tammy gross,27.0,west meganstad,166,kale,dairy,2024-10-23,3.0,12.06,36.18
5532,robert ryan,37.0,lake beckytown,164,tofu,snack,2024-10-10,3.0,2.85,8.55
5533,kevin harper jr.,35.0,east carolynport,179,tofu,organic,2024-02-18,2.0,8.44,16.88
5534,cesar mcfarland,77.0,erikaport,173,almond butter,organic,2024-04-01,4.0,4.88,19.52
5535,dylan frederick,59.0,fernandezborough,191,kale,snack,2024-03-30,3.0,19.47,58.41
5536,jason gallagher,29.0,yvettebury,186,fresh milk,organic,2024-08-12,1.0,19.62,19.62
5537,janet lawson,49.0,lake marciabury,159,granola,organic,2024-02-19,1.0,4.04,4.04
5538,gabriel smith,67.0,north theresaside,189,fresh milk,dairy,2024-02-23,3.0,3.99,11.97
5540,chelsea walters,63.0,amandamouth,160,fresh milk,vegetable,2024-05-28,2.0,2.26,4.52
5541,brandi king,72.0,zacharyside,158,organic apples,vegetable,2024-04-09,3.0,13.24,39.72
5542,julie smith,60.0,lake edward,196,tofu,dairy,2024-04-14,1.0,19.19,19.19
5543,kimberly sanders,23.0,dwaynestad,135,almond butter,vegetable,2024-04-09,1.0,18.59,18.59
5544,casey wood,71.0,new raven,167,almond butter,snack,2024-06-21,2.0,16.58,33.16
5545,michael brown,69.0,michealtown,146,almond butter,snack,2024-06-02,4.0,10.33,41.32
5546,stephanie frank,26.0,gordonburgh,163,tofu,dairy,2024-08-07,4.0,12.03,48.12
5547,peter anthony,29.0,north jackie,168,almond butter,dairy,2024-06-04,2.0,8.03,16.06
5548,shane richards,22.0,matthewfurt,107,fresh milk,organic,2024-09-25,1.0,7.54,7.54
5549,olivia shannon,51.0,jessicachester,157,almond butter,vegetable,2024-10-19,4.0,6.08,24.32
5550,virginia moody,32.0,parrishborough,146,organic apples,organic,2024-08-15,3.0,7.1,21.3
5551,lisa cox,19.0,christineville,105,granola,snack,2024-07-29,4.0,185.23,740.92
5552,rachel guzman,35.0,maryfurt,147,granola,vegetable,2024-02-10,1.0,8.85,8.85
5553,maureen smith,34.0,lake justin,160,organic apples,organic,2024-06-29,2.0,13.03,26.06
5554,joann smith,61.0,south deborahmouth,170,almond butter,dairy,2024-07-29,4.0,12.64,50.56
5555,laura mcpherson,63.0,kennethton,122,almond butter,vegetable,2024-04-29,1.0,2.04,2.04
5556,hector walker,34.0,east maryborough,199,tofu,snack,2024-02-16,2.0,18.5,37.0
5557,meagan sullivan,49.0,zunigastad,165,tofu,vegetable,2024-03-30,1.0,3.28,3.28
5558,richard davis,31.0,new joshua,156,tofu,dairy,2024-01-29,3.0,2.61,7.83
5559,jacob garcia,56.0,north jennifer,133,organic apples,organic,2024-04-15,1.0,3.0,3.0
5560,brittany torres,57.0,south ryanmouth,174,tofu,vegetable,2024-06-09,4.0,1.03,4.12
5561,aaron price,63.0,melissaport,174,kale,organic,2024-02-16,3.0,2.3,6.9
5562,catherine hanna,44.0,west brianland,134,kale,organic,2024-04-12,3.0,3.88,11.64
5563,shawn vaughn,65.0,lake wendy,161,fresh milk,snack,2024-04-01,3.0,2.53,7.59
5564,craig reeves,58.0,jessicabury,163,granola,vegetable,2024-01-01,4.0,6.98,27.92
5565,marco williams,39.0,kristineville,112,kale,dairy,2024-10-26,2.0,6.16,12.32
5566,robin jordan,77.0,port kristy,145,almond butter,dairy,2024-09-10,1.0,19.87,19.87
5568,matthew garcia,23.0,raystad,158,almond butter,snack,2024-03-20,1.0,7.32,7.32
5569,allison hart,58.0,bakerfurt,192,granola,organic,2024-06-28,1.0,16.15,16.15
5570,thomas dickerson,60.0,shawnabury,169,kale,dairy,2024-02-12,4.0,17.88,71.52
5571,jimmy wilson,64.0,hectorfurt,138,almond butter,snack,2024-06-26,3.0,1.42,4.26
5572,kelly griffin,47.0,swansonchester,177,granola,dairy,2024-08-12,2.0,15.01,30.02
5573,christopher liu,76.0,jessicashire,122,fresh milk,vegetable,2024-06-25,4.0,8.51,34.04
5575,joseph mitchell,47.0,east amy,122,tofu,dairy,2024-08-25,2.0,4.83,9.66
5576,jeremiah montgomery,34.0,lake todd,122,almond butter,organic,2024-02-06,1.0,10.94,10.94
5577,emma serrano,69.0,east matthew,168,tofu,dairy,2024-11-04,4.0,10.51,42.04
5578,jennifer arellano,59.0,manuelview,167,kale,snack,2024-10-11,1.0,19.88,19.88
5579,frank johnson,29.0,jerrybury,161,organic apples,dairy,2024-05-03,1.0,18.65,18.65
5580,michael patel,62.0,stacyfurt,150,granola,organic,2024-08-24,2.0,16.97,33.94
5581,amy west,71.0,ashleyview,116,kale,snack,2024-06-21,1.0,14.91,14.91
5582,tammy gomez,66.0,new victor,146,organic apples,organic,2024-08-16,2.0,15.36,30.72
5583,alexa thompson,65.0,kramerhaven,116,granola,vegetable,2024-03-01,2.0,19.36,38.72
5584,maureen oneal,78.0,north rebeccabury,162,fresh milk,dairy,2024-05-18,2.0,5.69,11.38
5585,kathleen ho,41.0,destinyside,135,granola,organic,2024-02-28,3.0,13.87,41.61
5586,samantha weeks,33.0,port jasmineborough,159,almond butter,vegetable,2024-04-05,1.0,2.51,2.51
5587,reginald riley,29.0,west markville,171,granola,snack,2024-07-04,2.0,1.94,3.88
5588,laura boyd,38.0,new jennyhaven,105,granola,dairy,2024-02-20,3.0,1.8,5.4
5589,john ball,42.0,lake ashley,141,kale,dairy,2024-07-11,1.0,10.61,10.61
5590,stephanie murphy,26.0,walshview,165,kale,vegetable,2024-01-02,4.0,2.1,8.4
5592,kristin cox,33.0,north lori,127,almond butter,vegetable,2024-05-01,4.0,19.3,77.2
5593,james cooper,41.0,new samuelport,153,kale,snack,2024-07-17,3.0,9.75,29.25
5594,john harris,52.0,samanthaport,151,fresh milk,dairy,2024-10-25,1.0,15.52,15.52
5595,abigail campbell,71.0,ryadmouth,130,granola,vegetable,2024-07-14,4.0,8.67,34.68
5596,tyler huff,40.0,suttonhaven,157,granola,dairy,2024-07-07,3.0,19.22,57.66
5597,sheila lewis,39.0,michaelburgh,134,kale,vegetable,2024-04-05,3.0,12.25,36.75
5598,jordan schmidt,36.0,south christopherland,130,granola,dairy,2024-03-29,2.0,1.47,2.94
5599,thomas taylor,54.0,ortizborough,147,fresh milk,organic,2024-02-22,2.0,10.33,20.66
5600,mary roman,43.0,karenstad,188,tofu,dairy,2024-03-30,3.0,1.31,3.93
5601,jeffrey smith,56.0,kathrynfort,165,organic apples,dairy,2024-07-22,1.0,15.45,15.45
5602,crystal hodges,48.0,ryanchester,133,fresh milk,vegetable,2024-02-16,3.0,13.21,39.63
5604,timothy bentley jr.,47.0,lake suzannefurt,136,granola,organic,2024-10-22,111.0,15.06,1671.66
5605,brittany bowen,62.0,lake williamstad,145,almond butter,snack,2024-07-01,3.0,12.44,37.32
5606,michelle mason,63.0,new williamfurt,102,tofu,vegetable,2024-07-02,2.0,12.11,24.22
5607,brenda robinson,64.0,hayesburgh,114,granola,snack,2024-02-20,4.0,2.58,10.32
5608,scott taylor,23.0,west ashley,100,kale,vegetable,2024-04-16,3.0,2.86,8.58
5609,thomas rodriguez,68.0,lake david,149,kale,organic,2024-11-03,2.0,16.81,33.62
5610,cynthia sullivan,68.0,new sherri,181,almond butter,snack,2024-10-02,2.0,12.66,25.32
5611,jennifer wilkerson,23.0,east nicholasmouth,169,organic apples,snack,2024-02-04,1.0,14.73,14.73
5612,david robinson,57.0,paulburgh,117,fresh milk,organic,2024-03-09,4.0,11.02,44.08
5613,megan johnson,53.0,west michellefort,140,organic apples,vegetable,2024-02-11,3.0,14.8,44.400000000000006
5614,robert dorsey,30.0,brennanborough,126,kale,vegetable,2024-06-03,4.0,11.96,47.84
5615,elizabeth hernandez,75.0,lake jacquelineville,105,almond butter,vegetable,2024-01-29,1.0,19.06,19.06
5616,tiffany frost,25.0,north valerieland,189,tofu,dairy,2024-07-06,4.0,18.87,75.48
5617,catherine garcia,33.0,south michelle,147,tofu,organic,2024-02-27,2.0,14.61,29.22
5618,rebecca garcia,50.0,south joseph,164,organic apples,vegetable,2024-03-22,2.0,14.72,29.44
5619,jennifer alvarez,27.0,dalestad,175,kale,vegetable,2024-07-13,3.0,13.63,40.89
5621,chase burns,37.0,lake madisonton,116,granola,dairy,2024-02-17,1.0,14.13,14.13
5622,michael logan,67.0,warrenstad,146,granola,snack,2024-07-25,4.0,7.78,31.12
5623,sarah sherman,57.0,samanthaland,140,almond butter,dairy,2024-08-21,3.0,7.27,21.81
5624,lynn dunn,27.0,ashleeside,157,fresh milk,snack,2024-07-11,1.0,9.88,9.88
5625,wyatt obrien,74.0,sanchezmouth,146,granola,organic,2024-06-24,4.0,5.58,22.32
5626,andrew boyle,31.0,new kendra,179,granola,vegetable,2024-05-31,3.0,2.02,6.0600000000000005
5627,cassandra davis,19.0,christopherberg,127,almond butter,dairy,2024-07-04,2.0,16.23,32.46
5628,alex decker,51.0,hoganfort,117,granola,organic,2024-06-13,3.0,9.27,27.81
5629,john robinson,74.0,barnettbury,149,fresh milk,vegetable,2024-10-21,3.0,10.6,31.8
5630,justin watson,50.0,lake christianmouth,152,kale,dairy,2024-01-08,1.0,10.82,10.82
5631,brian butler,60.0,christianbury,113,granola,dairy,2024-02-17,3.0,12.47,37.41
5632,kelly hardy,52.0,walkerside,151,organic apples,snack,2024-02-08,3.0,19.39,58.17
5633,colleen kim,76.0,south samuelchester,153,almond butter,snack,2024-09-10,4.0,19.91,79.64
5634,kelly harris,49.0,new tammieland,180,fresh milk,dairy,2024-02-03,3.0,16.12,48.36
5635,tina lin,64.0,east krystalbury,158,organic apples,snack,2024-10-28,2.0,7.01,14.02
5636,robert weaver,24.0,mendezland,165,almond butter,vegetable,2024-04-08,1.0,13.02,13.02
5637,cory howell,67.0,smithchester,101,almond butter,vegetable,2024-03-27,4.0,16.12,64.48
5638,david williams,33.0,port kevinborough,114,almond butter,snack,2024-08-05,1.0,6.54,6.54
5639,wendy lewis,76.0,harrismouth,120,granola,snack,2024-02-16,1.0,13.44,13.44
5640,gerald burgess,62.0,sarahside,146,granola,organic,2024-01-10,1.0,7.55,7.55
5641,walter sanchez,29.0,thomasmouth,127,fresh milk,snack,2024-02-20,3.0,9.08,27.24
5642,kim garcia,21.0,new mark,136,granola,dairy,2024-07-07,3.0,16.68,50.04
5643,stacey baker,41.0,pearsonside,129,kale,organic,2024-05-23,4.0,16.21,64.84
5644,gwendolyn thompson,18.0,danielleview,130,almond butter,snack,2024-04-04,2.0,6.21,12.42
5645,jill gonzalez,62.0,lake heather,177,tofu,dairy,2024-03-10,1.0,6.75,6.75
5646,michelle warner,23.0,beckstad,178,tofu,vegetable,2024-04-14,4.0,14.72,58.88
5647,michelle andrade,49.0,davisland,113,kale,dairy,2024-07-14,1.0,8.14,8.14
5648,samuel cannon,55.0,staceyberg,172,almond butter,snack,2024-08-14,3.0,11.46,34.38
5649,gary jones,28.0,burtonchester,183,fresh milk,snack,2024-02-29,1.0,15.23,15.23
5650,charles williams,30.0,dixonberg,199,tofu,vegetable,2024-02-07,2.0,5.03,10.06
5651,nicole hoffman,62.0,youngborough,137,granola,snack,2024-09-04,1.0,6.3,6.3
5653,jeffrey brown,32.0,south patriciaside,192,tofu,dairy,2024-01-14,4.0,15.02,60.08
5654,julie osborn,68.0,lake morgan,118,tofu,organic,2024-02-15,2.0,10.32,20.64
5655,carrie underwood,34.0,north lisa,140,granola,dairy,2024-08-15,4.0,1.92,7.68
5656,erin smith,41.0,ingramton,104,almond butter,organic,2024-01-06,2.0,4.66,9.32
5657,carol fitzgerald,53.0,nicoletown,137,almond butter,dairy,2024-07-22,3.0,11.77,35.31
5658,theresa mahoney,66.0,west christine,144,tofu,organic,2024-09-10,4.0,5.26,21.04
5659,sarah ellis,32.0,new jennifer,119,organic apples,organic,2024-09-11,1.0,8.84,8.84
5660,erin hamilton,63.0,north kevinshire,130,tofu,dairy,2024-07-06,2.0,18.51,37.02
5662,rebecca diaz,43.0,west jonathon,134,almond butter,organic,2024-06-20,3.0,3.19,9.57
5663,kayla burns,38.0,allisontown,146,kale,dairy,2024-09-03,1.0,13.02,13.02
5664,mark chase,56.0,north stacey,164,organic apples,vegetable,2024-04-25,3.0,11.2,33.599999999999994
5665,kaitlyn mcmillan,51.0,mclaughlinmouth,187,fresh milk,dairy,2024-01-19,1.0,8.46,8.46
5666,jose hardy,69.0,port joshua,103,organic apples,vegetable,2024-09-29,1.0,12.46,12.46
5667,joseph camacho,47.0,johnburgh,176,almond butter,organic,2024-05-30,2.0,16.76,33.52
5668,victoria schroeder,40.0,christopherside,133,granola,dairy,2024-08-15,2.0,15.74,31.48
5669,gene hughes,18.0,spencerfort,108,tofu,vegetable,2024-09-16,3.0,11.95,35.849999999999994
5671,carol wood,20.0,north jamesburgh,124,kale,snack,2024-04-25,3.0,2.2,6.6000000000000005
5672,nathan king,20.0,jasonmouth,121,fresh milk,dairy,2024-09-18,1.0,8.5,8.5
5673,jessica steele,41.0,south jessicaberg,118,tofu,dairy,2024-11-03,3.0,9.77,29.31
5674,shawn johnson,32.0,jamesshire,126,organic apples,dairy,2024-01-17,1.0,1.06,1.06
5675,mary cox,46.0,wrightland,178,organic apples,organic,2024-07-05,1.0,11.74,11.74
5676,brett thompson,72.0,east mark,109,almond butter,dairy,2024-03-23,2.0,7.1,14.2
5677,harold owen,19.0,port billyberg,189,almond butter,snack,2024-08-14,2.0,10.78,21.56
5678,anthony sanchez,78.0,port james,185,fresh milk,vegetable,2024-04-18,4.0,6.98,27.92
5679,mr. jerry yates jr.,36.0,lake william,184,almond butter,snack,2024-04-10,1.0,14.13,14.13
5680,nathaniel wilson,26.0,east alison,121,almond butter,snack,2024-02-23,3.0,4.29,12.87
5681,jeffrey coleman,58.0,marybury,108,almond butter,dairy,2024-11-03,2.0,17.14,34.28
5682,taylor mcdonald,56.0,new anna,106,almond butter,organic,2024-10-20,3.0,19.03,57.09
5683,katherine kent,30.0,sethbury,185,kale,snack,2024-05-08,2.0,10.47,20.94
5684,joseph dorsey,33.0,katherinetown,132,tofu,snack,2024-01-01,3.0,16.08,48.24
5685,reginald duran,19.0,new hunterside,153,organic apples,vegetable,2024-10-01,3.0,5.12,15.36
5687,rebekah landry,45.0,manningberg,150,kale,vegetable,2024-09-08,2.0,19.81,39.62
5688,jeffrey lin,20.0,west thomas,133,granola,dairy,2024-05-14,2.0,12.31,24.62
5689,nancy hess,56.0,taylormouth,180,organic apples,vegetable,2024-09-22,2.0,18.72,37.44
5690,kenneth henry,74.0,kimberlychester,131,tofu,organic,2024-11-08,1.0,19.7,19.7
5691,kevin smith,34.0,north philip,135,granola,organic,2024-10-21,4.0,2.05,8.2
5693,calvin henry,24.0,south jeremyfurt,192,fresh milk,vegetable,2024-04-26,4.0,6.21,24.84
5694,justin ramirez,26.0,claudiamouth,195,tofu,dairy,2024-08-02,1.0,6.68,6.68
5695,jeanne tanner,46.0,kingbury,139,tofu,organic,2024-04-29,1.0,14.54,14.54
5696,david cortez,24.0,south kathymouth,186,organic apples,dairy,2024-09-14,4.0,13.46,53.84
5697,jacob robinson,72.0,lake carlaside,137,almond butter,vegetable,2024-07-14,4.0,15.03,60.12
5698,mary rogers,68.0,lakj shirleyfurt,142,granola,organic,2024-03-24,2.0,2.49,4.98
5699,christopher oneill,19.0,west heather,165,almond butter,vegetable,2024-07-07,2.0,7.8,15.6
5700,hannah delgado,27.0,west cherylmouth,179,almond butter,dairy,2024-07-18,4.0,1.44,5.76
5701,morgan brooks,65.0,lake dave,176,almond butter,vegetable,2024-10-30,2.0,1.6,3.2
5702,michelle reyes,60.0,jeffreyland,185,almond butter,dairy,2024-01-06,3.0,5.15,15.45
5703,brittany white,76.0,south jacquelineberg,159,granola,vegetable,2024-07-20,2.0,13.63,27.26
5704,dr. zoe kelly dds,53.0,shepherdchester,103,kale,vegetable,2024-05-13,2.0,10.68,21.36
5706,john allison,65.0,knighttown,143,fresh milk,dairy,2024-02-07,2.0,2.3,4.6
5707,kenneth brooks,50.0,port melissabury,113,organic apples,vegetable,2024-03-31,1.0,5.42,5.42
5708,michelle haas,33.0,west william,181,almond butter,organic,2024-08-07,1.0,8.84,8.84
5709,william martinez,73.0,south oscar,194,granola,vegetable,2024-03-08,4.0,14.53,58.12
5711,kelly perez,34.0,south jeffreyborough,153,granola,dairy,2024-06-03,2.0,4.03,8.06
5712,devon fox,58.0,gibbsside,182,fresh milk,snack,2024-05-27,2.0,19.29,38.58
5714,david hopkins,29.0,rachelmouth,166,kale,snack,2024-06-13,1.0,11.28,11.28
5715,michael anderson,53.0,north warren,100,tofu,dairy,2024-08-05,1.0,16.91,16.91
5716,holly oconnell,54.0,south william,115,granola,organic,2024-06-21,3.0,16.82,50.46
5718,thomas hansen,77.0,north carrieton,103,tofu,organic,2024-02-28,1.0,6.5,6.5
5720,spencer hill,61.0,new amanda,159,fresh milk,snack,2024-06-27,3.0,5.76,17.28
5722,mr. christopher lopez md,28.0,bowersview,163,kale,snack,2024-01-18,3.0,7.71,23.13
5723,ann sanchez,42.0,west cheryl,183,granola,organic,2024-08-05,2.0,19.42,38.84
5724,alyssa jones,59.0,valentineburgh,128,organic apples,snack,2024-01-06,1.0,7.5,7.5
5725,emily holt,68.0,campbellmouth,188,kale,snack,2024-02-19,1.0,2.35,2.35
5726,lisa johnson,50.0,south reneestad,133,almond butter,vegetable,2024-05-19,3.0,3.45,10.35
5727,megan davis,20.0,west amyhaven,198,granola,snack,2024-05-27,4.0,11.91,47.64
5728,james richardson,52.0,evanchester,139,granola,organic,2024-07-17,4.0,14.04,56.16
5729,michael castaneda,30.0,jeffreyport,127,tofu,snack,2024-02-21,2.0,2.45,4.9
5730,peter walker,79.0,west stacey,126,organic apples,vegetable,2024-01-09,2.0,4.54,9.08
5731,vincent anderson,22.0,south chelsea,106,fresh milk,dairy,2024-02-02,2.0,1.41,2.82
5732,michelle davis,34.0,smithfort,193,granola,snack,2024-05-30,4.0,19.16,76.64
5733,gloria weber,27.0,julieton,166,organic apples,vegetable,2024-07-21,4.0,19.2,76.8
5734,karen khan,41.0,normaside,118,fresh milk,snack,2024-09-24,4.0,5.69,22.76
5735,nicole fernandez,69.0,davilaton,116,kale,snack,2024-02-23,2.0,19.68,39.36
5736,alexandra mccormick,28.0,patrickport,100,fresh milk,organic,2024-10-14,2.0,15.31,30.62
5737,jeremy cunningham,30.0,austinton,123,fresh milk,vegetable,2024-06-08,3.0,4.34,13.02
5738,william conrad,48.0,west christian,168,organic apples,vegetable,2024-11-05,3.0,18.78,56.34
5739,joshua bautista,37.0,robertston,170,granola,organic,2024-08-12,4.0,8.71,34.84
5740,debbie robertson,62.0,thowpsonhaven,119,kale,vegetable,2024-09-13,1.0,1.85,1.85
5741,jasmine price,36.0,port lauren,184,tofu,snack,2024-07-29,2.0,6.21,12.42
5742,barbara gonzalez,66.0,north chris,139,almond butter,snack,2024-10-30,4.0,5.4,21.6
5743,michael smith,34.0,new jesusberg,105,almond butter,snack,2024-07-19,2.0,17.64,35.28
5744,joe lawson,62.0,lake davidfurt,166,granola,organic,2024-04-08,2.0,19.56,39.12
5746,marvin villegas,61.0,north joseph,142,almond butter,snack,2024-04-13,2.0,9.06,18.12
5747,glenn lewis,75.0,lake christopher,145,granola,dairy,2024-09-09,2.0,12.37,24.74
5748,ryan rivera,77.0,new matthew,114,granola,snack,2024-09-29,1.0,6.84,6.84
5749,timothy anderson,37.0,christychester,105,fresh milk,dairy,2024-10-07,2.0,13.85,27.7
5750,jennifer moore,51.0,port cristianmouth,178,fresh milk,dairy,2024-08-30,4.0,18.27,73.08
5751,lindsay clark,50.0,jonesland,157,kale,snack,2024-05-01,2.0,13.59,27.18
5752,kristen shaffer,52.0,new michaelport,193,almond butter,snack,2024-08-06,1.0,7.54,7.54
5753,ashley russell,51.0,lambfurt,133,tofu,snack,2024-01-29,3.0,19.09,57.27
5754,randy baker,33.0,oliviaview,146,tofu,dairy,2024-03-02,4.0,14.44,57.76
5755,sean savage,70.0,robertchester,148,tofu,vegetable,2024-03-06,2.0,1.96,3.92
5756,michele jones,56.0,lake amyview,121,organic apples,dairy,2024-03-18,1.0,7.32,7.32
5757,daniel woodward,79.0,port carrieport,185,kale,dairy,2024-03-25,3.0,6.14,18.42
5758,rebecca smith,62.0,lake melissabury,182,fresh milk,dairy,2024-02-06,3.0,1.46,4.38
5759,tamara norris,47.0,casemouth,117,almond butter,dairy,2024-07-10,4.0,12.75,51.0
5760,amanda jenkins,21.0,north jamesmouth,180,organic apples,vegetable,2024-07-22,1.0,19.27,19.27
5761,mr. david cummings,18.0,kennethchester,197,tofu,organic,2024-01-14,4.0,3.05,12.2
5762,tracy paul,49.0,elizabethside,149,fresh milk,snack,2024-10-22,2.0,11.3,22.6
5763,heather johnson,44.0,millertown,182,fresh milk,snack,2024-07-20,2.0,16.84,33.68
5764,melissa wright,33.0,jeffreyland,139,tofu,dairy,2024-08-06,4.0,11.84,47.36
5766,natalie smith,74.0,west scottburgh,110,almond butter,organic,2024-06-04,2.0,14.26,28.52
5767,yolanda bush,23.0,ashleyview,146,almond butter,organic,2024-04-15,4.0,2.97,11.88
5768,john baker,45.0,lake kaitlinville,162,fresh milk,organic,2024-06-26,3.0,19.42,58.260000000000005
5769,thomas velazquez,26.0,east michael,138,tofu,snack,2024-09-29,4.0,16.56,66.24
5770,pamela russell,56.0,lake robert,154,kale,organic,2024-01-18,3.0,6.5,19.5
5771,michael werner,42.0,port vanessastad,159,fresh milk,vegetable,2024-04-02,1.0,14.84,14.84
5772,emily nichols,22.0,elizabethfurt,113,tofu,vegetable,2024-03-08,3.0,6.31,18.93
5773,monique macias,33.0,west michelle,124,tofu,vegetable,2024-02-24,2.0,10.27,20.54
5774,joel pena,39.0,west krista,136,granola,snack,2024-06-26,3.0,19.56,58.67999999999999
5775,aaron brown,47.0,kingmouth,184,fresh milk,snack,2024-07-02,1.0,18.36,18.36
5776,sandra harris,48.0,west annport,194,kale,organic,2024-01-11,2.0,8.96,17.92
5777,karen zimmerman,56.0,port veronicafort,116,granola,organic,2024-01-14,3.0,12.9,38.7
5778,lindsay edwards,26.0,scotthaven,154,kale,organic,2024-02-20,1.0,6.76,6.76
5779,christopher johnson,71.0,lake christopher,144,organic apples,organic,2024-07-18,3.0,13.71,41.13
5780,shannon george,41.0,south michaelfurt,125,kale,vegetable,2024-04-10,2.0,18.07,36.14
5781,melissa phillips,18.0,hendersonfurt,107,fresh milk,vegetable,2024-02-10,4.0,11.22,44.88
5782,sean freeman,45.0,marksfurt,195,tofu,snack,2024-09-25,4.0,1.73,6.92
5783,james harris,42.0,ortizbury,184,granola,snack,2024-05-30,4.0,16.88,67.52
5784,michaela patel,25.0,stevenborough,108,granola,organic,2024-11-02,1.0,9.89,9.89
5785,john phelps,42.0,new briannafort,198,tofu,dairy,2024-04-24,2.0,1.27,2.54
5786,lindsey waters,64.0,south theresa,143,organic apples,vegetable,2024-04-26,3.0,11.53,34.59
5789,jennifer woodard,51.0,garrettborough,121,granola,organic,2024-10-12,4.0,3.44,13.76
5790,christopher clark,65.0,lake samuelfort,163,almond butter,dairy,2024-10-17,4.0,6.89,27.56
5791,mr. joshua mckee md,54.0,new paul,119,tofu,snack,2024-11-06,2.0,12.58,25.16
5792,michael bell,24.0,new andrewberg,163,kale,organic,2024-06-22,1.0,12.24,12.24
5793,travis frazier,26.0,phillipstown,154,granola,organic,2024-08-05,4.0,14.03,56.12
5794,mary morrison,24.0,south michaelfurt,105,almond butter,organic,2024-02-13,1.0,19.6,19.6
5795,tammy bowen,19.0,lake nancyville,153,kale,snack,2024-09-01,4.0,9.43,37.72
5796,andrew santiago,18.0,johnsonfurt,121,fresh milk,snack,2024-09-09,2.0,17.16,34.32
5797,mark weiss,62.0,west dominique,194,kale,vegetable,2024-05-12,3.0,13.76,41.28
5798,dan anderson,72.0,north audrey,162,tofu,organic,2024-02-08,3.0,1.09,3.2700000000000005
5799,allison taylor,74.0,south cherylmouth,176,tofu,dairy,2024-09-19,2.0,17.83,35.66
5800,ashley parker,78.0,lake ernest,154,organic apples,snack,2024-07-20,3.0,6.99,20.97
5801,tara vance,45.0,lake patriciachester,116,organic apples,snack,2024-09-28,4.0,7.25,29.0
5802,lisa hawkins,67.0,dawnshire,102,kale,dairy,2024-01-24,1.0,2.33,2.33
5803,kelsey moore,47.0,evansborough,126,organic apples,vegetable,2024-01-06,4.0,6.09,24.36
5804,elizabeth walker,20.0,heatherland,192,organic apples,snack,2024-03-19,1.0,7.39,7.39
5805,mason rhodes,60.0,new katieton,181,almond butter,organic,2024-01-18,3.0,5.42,16.259999999999998
5806,casey lane,22.0,east ianmouth,173,almond butter,vegetable,2024-04-20,1.0,15.75,15.75
5807,julia donaldson,24.0,bryanport,119,granola,snack,2024-07-26,2.0,5.44,10.88
5808,nicole wells,78.0,south michael,184,almond butter,vegetable,2024-01-02,3.0,1.07,3.21
5809,david gordon,40.0,stevenhaven,178,organic apples,dairy,2024-03-26,3.0,15.73,47.19
5810,ralph rangel,54.0,north jake,155,tofu,organic,2024-09-25,3.0,14.49,43.47
5811,kathryn brown,63.0,east marvinville,123,fresh milk,organic,2024-02-07,4.0,8.08,32.32
5812,robert trujillo,77.0,lake corey,166,fresh milk,snack,2024-06-09,3.0,7.38,22.14
5813,maria johnson,70.0,lopezhaven,163,kale,organic,2024-03-14,1.0,12.11,12.11
5814,kevin kim,21.0,new jessicaside,183,organic apples,organic,2024-03-31,3.0,12.02,36.06
5815,christopher barry,25.0,lopezton,187,granola,organic,2024-07-17,4.0,5.8,23.2
5816,alec brown phd,69.0,north tonyaville,185,granola,dairy,2024-10-24,1.0,12.6,12.6
5817,charles morrison,32.0,powellborough,149,kale,dairy,2024-01-29,3.0,5.04,15.12
5818,austin smith,68.0,welchview,193,organic apples,vegetable,2024-04-16,1.0,4.81,4.81
5819,kathryn lowe,56.0,jonesside,116,tofu,snack,2024-02-27,1.0,18.55,18.55
5820,andrew delacruz,32.0,garciatown,174,fresh milk,vegetable,2024-02-13,1.0,12.94,12.94
5821,daniel campbell,61.0,hensleyborough,153,almond butter,dairy,2024-10-04,3.0,2.98,8.94
5822,scott baldwin,60.0,lake scottshire,153,almond butter,snack,2024-06-06,2.0,5.85,11.7
5823,aaron foster,64.0,west danielle,100,organic apples,snack,2024-03-18,4.0,5.2,20.8
5824,mary kim,78.0,ronaldland,192,kale,vegetable,2024-03-20,2.0,10.91,21.82
5825,amber ramirez,35.0,new kayla,167,tofu,vegetable,2024-09-30,2.0,6.35,12.7
5826,abigail cook,74.0,woodfort,121,granola,snack,2024-06-09,2.0,18.43,36.86
5827,nicholas nicholson,19.0,walterland,147,kale,dairy,2024-07-29,4.0,1.77,7.08
5828,nathaniel williams,54.0,raymondshire,146,granola,organic,2024-02-09,4.0,5.08,20.32
5829,kelly turner,22.0,collinston,189,kale,vegetable,2024-10-27,4.0,6.04,24.16
5830,david buck,52.0,north glen,183,tofu,organic,2024-02-06,4.0,10.69,42.76
5831,james willis,31.0,thompsonborough,140,almond butter,snack,2024-08-05,4.0,2.15,8.6
5832,megan green,47.0,kevinhaven,141,organic apples,vegetable,2024-07-31,4.0,14.14,56.56
5833,ms. kathryn clark,66.0,jacquelinetown,120,almond butter,organic,2024-09-16,3.0,12.55,37.650000000000006
5835,alyssa williams,47.0,lake jamesberg,178,kale,vegetable,2024-09-25,4.0,9.99,39.96
5836,julie webb,67.0,lake michael,177,kale,dairy,2024-05-27,2.0,11.59,23.18
5837,matthew murillo,28.0,port angela,163,tofu,dairy,2024-07-14,1.0,8.54,8.54
5838,jason browning,68.0,port robinborough,132,granola,vegetable,2024-06-02,1.0,13.68,13.68
5839,michelle richardson,69.0,wilsonstad,193,kale,dairy,2024-07-25,4.0,18.52,74.08
5840,brooke ball,45.0,south marilyn,163,almond butter,snack,2024-09-01,2.0,7.07,14.14
5841,samantha freeman,44.0,edwardchester,155,fresh milk,vegetable,2024-04-19,1.0,1.76,1.76
5842,jasmine mullen,74.0,wallaceview,171,almond butter,organic,2024-02-01,4.0,13.65,54.6
5843,charles macias,55.0,lawrencemouth,136,tofu,dairy,2024-01-31,4.0,19.48,77.92
5844,vanessa morgan,30.0,murphybury,154,kale,vegetable,2024-04-16,3.0,19.99,59.97
5845,richard miller,31.0,brianmouth,116,granola,dairy,2024-08-06,4.0,19.43,77.72
5846,mark li,68.0,amberstad,127,organic apples,organic,2024-05-04,2.0,3.5,7.0
5847,tristan cruz,50.0,east elizabeth,160,kale,dairy,2024-01-31,198.0,19.95,3950.1
5848,christine hawkins,62.0,north heatherbury,158,kale,organic,2024-06-24,2.0,18.72,37.44
5849,emily kaufman md,52.0,jodyland,184,tofu,vegetable,2024-07-03,2.0,12.05,24.1
5850,michael sanchez,31.0,floresbury,197,fresh milk,organic,2024-11-04,3.0,2.63,7.89
5851,lacey wright,74.0,port frederick,128,granola,snack,2024-02-18,3.0,20.0,60.0
5852,jody fry,20.0,north jeffreyton,142,granola,dairy,2024-07-04,1.0,5.76,5.76
5853,bonnie williams,37.0,port kevinport,156,granola,dairy,2024-04-05,4.0,18.54,74.16
5854,matthew garcia,43.0,marcoland,104,almond butter,dairy,2024-06-11,1.0,18.75,18.75
5855,susan harris,78.0,south latashaland,194,kale,snack,2024-06-17,4.0,12.51,50.04
5856,christopher huynh,69.0,new matthew,148,tofu,organic,2024-03-01,2.0,3.85,7.7
5857,matthew calhoun,18.0,melissaport,199,kale,vegetable,2024-01-28,3.0,17.29,51.87
5858,andrew li,30.0,lake sara,114,tofu,organic,2024-10-21,2.0,16.44,32.88
5859,jose green,60.0,harrisport,160,kale,vegetable,2024-01-30,3.0,16.66,49.98
5860,elizabeth chandler,21.0,port charles,146,tofu,vegetable,2024-05-10,4.0,17.9,71.6
5861,christopher mccarty,54.0,port tylerburgh,178,tofu,dairy,2024-10-25,1.0,14.4,14.4
5862,aaron weaver,40.0,thompsonfort,112,almond butter,snack,2024-11-03,3.0,12.63,37.89
5863,crystal ramirez,78.0,sullivanhaven,109,almond butter,snack,2024-06-05,1.0,18.52,18.52
5864,amber mclaughlin,23.0,south paulside,184,tofu,snack,2024-06-02,3.0,6.22,18.66
5865,michael lee,53.0,jamcschester,134,almond butter,dairy,2024-03-09,2.0,12.56,25.12
5866,andrew roman,31.0,east kathrynfurt,190,organic apples,dairy,2024-04-23,1.0,3.44,3.44
5867,laurie cooke,49.0,gonzalezport,162,granola,snack,2024-06-18,3.0,4.32,12.96
5868,michael riley,44.0,new tonya,110,fresh milk,dairy,2024-01-13,4.0,2.64,10.56
5869,chloe orr,67.0,andersonside,168,fresh milk,dairy,2024-07-12,4.0,11.44,45.76
5870,luis rodriguez,52.0,gutierrezburgh,143,organic apples,organic,2024-02-17,1.0,9.05,9.05
5871,jennifer alexander,65.0,west jennifer,187,organic apples,snack,2024-02-14,1.0,6.18,6.18
5872,alex nelson,75.0,east phillipberg,131,organic apples,snack,2024-09-08,3.0,14.46,43.38
5873,pamela bailey,45.0,south david,191,almond butter,organic,2024-07-05,4.0,12.38,49.52
5874,jonathan neal,31.0,west jenniferfort,129,granola,vegetable,2024-02-01,3.0,11.5,34.5
5875,matthew bates,38.0,lake kimberlyburgh,129,granola,dairy,2024-07-22,2.0,17.8,35.6
5876,rachel jennings,69.0,susanfurt,105,granola,snack,2024-04-07,2.0,18.18,36.36
5877,cory lewis,63.0,arielbury,162,granola,vegetable,2024-04-12,4.0,13.04,52.16
5878,kathleen elliott,78.0,haynesmouth,107,kale,snack,2024-05-10,1.0,1.83,1.83
5879,joanna gay,59.0,east katherine,130,organic apples,dairy,2024-11-06,4.0,17.29,69.16
5880,thomas peters,42.0,east isabel,195,organic apples,vegetable,2024-06-08,4.0,3.71,14.84
5881,howard stephens,51.0,paulview,128,tofu,dairy,2024-07-07,3.0,4.29,12.87
5882,mrs. katherine martinez dvm,39.0,barryhaven,130,almond butter,organic,2024-10-24,1.0,7.84,7.84
5883,adrian stewart,36.0,williamsburgh,193,kale,organic,2024-04-27,4.0,4.16,16.64
5884,jeff cochran,58.0,south nicholasville,129,organic apples,snack,2024-03-20,4.0,1.4,5.6
5885,adam simpson,22.0,port angela,144,granola,snack,2024-01-02,4.0,7.89,31.56
5886,angela alvarez,36.0,north stephanie,195,tofu,vegetable,2024-10-02,3.0,475.35,1426.0500000000002
5887,hannah osborne,44.0,west richard,161,tofu,vegetable,2024-08-18,2.0,10.69,21.38
5888,brian hamilton,32.0,north annastad,136,tofu,dairy,2024-08-11,4.0,16.57,66.28
5889,lisa gray,71.0,new nicholaston,113,tofu,vegetable,2024-02-16,2.0,8.76,17.52
5891,victoria miller,31.0,east kaylaport,164,tofu,snack,2024-05-18,3.0,6.08,18.24
5892,mr. nicholas pope dds,32.0,rhondashire,111,almond butter,dairy,2024-01-08,4.0,4.47,17.88
5894,wendy ayers,24.0,east catherinehaven,123,fresh milk,snack,2024-02-29,4.0,17.63,70.52
5895,john carroll,40.0,jodystad,103,fresh milk,organic,2024-04-16,4.0,17.0,68.0
5896,benjamin noble,77.0,port teresaview,139,organic apples,vegetable,2024-01-29,3.0,5.04,15.12
5897,patricia garza,63.0,joneschester,137,kale,snack,2024-09-28,1.0,14.01,14.01
5898,jordan rodgers,23.0,lake katherine,106,organic apples,snack,2024-09-30,2.0,18.37,36.74
5899,andrea davis,60.0,lake candiceton,180,fresh milk,snack,2024-03-16,3.0,7.45,22.35
5900,douglas warren,27.0,horneburgh,161,fresh milk,dairy,2024-10-26,1.0,19.08,19.08
5901,dawn patrick,69.0,schultzside,157,almond butter,snack,2024-07-25,2.0,14.34,28.68
5902,thomas henderson,46.0,west madison,178,organic apples,organic,2024-06-09,2.0,18.94,37.88
5903,cindy white,45.0,north james,116,tofu,dairy,2024-10-26,3.0,11.23,33.69
5904,michael wallace,46.0,michaelmouth,170,fresh milk,organic,2024-09-18,2.0,12.04,24.08
5905,ms. jasmine wilson,55.0,dianashire,114,almond butter,vegetable,2024-03-10,3.0,6.61,19.83
5906,joseph hernandez,77.0,port timothy,182,fresh milk,snack,2024-06-07,1.0,18.71,18.71
5907,cameron wilcox,35.0,east nicholasland,125,tofu,organic,2024-07-06,1.0,19.73,19.73
5908,valerie hernandez,29.0,new sean,191,granola,vegetable,2024-05-08,3.0,7.0,21.0
5909,dale reynolds,67.0,north derek,117,granola,snack,2024-03-15,3.0,18.31,54.92999999999999
5910,dana patton,24.0,east carolyn,185,tofu,vegetable,2024-01-28,1.0,18.73,18.73
5911,jordan perkins,30.0,stevenland,113,kale,vegetable,2024-02-23,4.0,4.64,18.56
5912,jennifer lopez,64.0,turnerhaven,100,fresh milk,vegetable,2024-06-15,3.0,6.92,20.76
5913,dr. amanda hawkins,75.0,stephanietown,165,almond butter,vegetable,2024-08-22,2.0,18.16,36.32
5914,arthur rogers md,77.0,port travis,174,granola,dairy,2024-07-03,3.0,1.54,4.62
5915,jennifer brown,79.0,johnsonton,129,kale,dairy,2024-05-23,1.0,2.16,2.16
5916,patricia martinez,47.0,port christopher,155,granola,dairy,2024-08-10,3.0,19.08,57.24
5917,mr. scott lynch,20.0,jonesberg,140,kale,dairy,2024-06-07,1.0,19.85,19.85
5919,paige keller,55.0,east russell,113,almond butter,organic,2024-08-21,2.0,11.3,22.6
5920,nicole washington,66.0,new georgemouth,113,kale,organic,2024-03-23,2.0,11.15,22.3
5921,jennifer burns,67.0,west justin,143,tofu,snack,2024-08-20,4.0,14.31,57.24
5922,joseph long,70.0,north christopher,119,tofu,organic,2024-07-04,2.0,19.54,39.08
5923,alexander clark,29.0,south amandaview,141,almond butter,snack,2024-10-11,4.0,17.68,70.72
5924,jennifer frey,55.0,east robertomouth,144,granola,organic,2024-08-31,1.0,1.61,1.61
5926,frank roth,47.0,south henrystad,101,kale,snack,2024-05-19,4.0,11.48,45.92
5927,patricia perez,52.0,carloston,154,almond butter,snack,2024-08-05,3.0,19.08,57.24
5928,ashley buck,61.0,shannonstad,180,granola,organic,2024-10-10,1.0,4.49,4.49
5929,andrew price,25.0,west elizabethstad,190,tofu,snack,2024-02-14,2.0,8.29,16.58
5930,jason morrison,19.0,walkerburgh,139,tofu,vegetable,2024-03-07,3.0,9.16,27.48
5931,jonathon roberts,39.0,west kyle,158,almond butter,dairy,2024-03-29,3.0,3.89,11.67
5932,tiffany sherman,30.0,port danielleburgh,192,organic apples,dairy,2024-07-07,1.0,18.05,18.05
5933,ashley stevenson,45.0,deniseborough,185,almond butter,snack,2024-08-19,1.0,10.16,10.16
5934,mark ferguson,50.0,north kimberlybury,170,fresh milk,dairy,2024-06-18,2.0,16.49,32.98
5935,laura gardner,68.0,east mark,125,kale,organic,2024-09-08,3.0,8.08,24.24
5937,natalie peterson,64.0,donnaburgh,129,organic apples,dairy,2024-09-22,3.0,11.13,33.39
5938,elizabeth torres,69.0,michaelmouth,138,tofu,dairy,2024-01-21,3.0,18.35,55.05
5939,matthew parker,46.0,veronicaborough,160,almond butter,vegetable,2024-08-20,1.0,9.84,9.84
5940,tyler russell,55.0,port jessicatown,159,fresh milk,dairy,2024-01-31,2.0,15.92,31.84
5941,debbie dunn,45.0,jonathonland,179,organic apples,organic,2024-06-07,4.0,8.79,35.16
5942,oscar mcmahon,21.0,sotoside,147,organic apples,vegetable,2024-01-09,2.0,16.87,33.74
5943,joshua reed,21.0,new maurice,170,organic apples,dairy,2024-04-25,2.0,9.3,18.6
5944,colleen anderson,75.0,hicksfurt,177,tofu,organic,2024-07-12,3.0,13.95,41.85
5945,wesley thompson,51.0,lake mary,126,tofu,vegetable,2024-11-08,4.0,4.3,17.2
5946,evelyn taylor,76.0,west ryan,124,fresh milk,organic,2024-09-05,4.0,10.36,41.44
5947,mark tucker,45.0,south crystal,116,fresh milk,organic,2024-09-13,4.0,15.87,63.48
5949,johnny tanner,21.0,west meganmouth,124,almond butter,organic,2024-05-18,2.0,13.54,27.08
5950,jessica giles,63.0,michaelside,159,organic apples,vegetable,2024-08-29,2.0,7.98,15.96
5951,mary johnson,26.0,south charleshaven,142,tofu,dairy,2024-03-24,1.0,15.58,15.58
5952,angela coffey,23.0,annfort,152,tofu,snack,2024-06-13,1.0,18.65,18.65
5953,heather white,40.0,east dannyborough,113,fresh milk,vegetable,2024-06-13,4.0,13.09,52.36
5954,richard clark,20.0,sanchezville,117,fresh milk,vegetable,2024-06-08,3.0,2.73,8.19
5956,james palmer,48.0,vazquezbury,187,tofu,organic,2024-05-16,4.0,10.55,42.2
5958,john thompson,62.0,east emilyhaven,149,granola,snack,2024-02-18,2.0,16.85,33.7
5959,michelle schultz,26.0,alexanderport,140,tofu,snack,2024-01-12,2.0,15.81,31.62
5960,jesus walker,64.0,mortonland,185,fresh milk,dairy,2024-02-23,2.0,19.35,38.7
5961,jennifer delgado,19.0,stephenchester,128,organic apples,dairy,2024-05-06,3.0,5.51,16.53
5962,victor gibson,26.0,gillborough,124,tofu,vegetable,2024-02-09,4.0,17.52,70.08
5964,natalie bautista,22.0,west calebberg,162,granola,dairy,2024-03-30,2.0,3.17,6.34
5965,dr. yolanda friedman,60.0,jamesborough,136,tofu,snack,2024-03-31,1.0,18.13,18.13
5966,michael phelps,53.0,port hannahchester,143,organic apples,organic,2024-10-06,3.0,7.31,21.93
5967,sarah hunt,51.0,south paul,143,organic apples,dairy,2024-04-22,2.0,4.2,8.4
5969,calvin myers,20.0,walshborough,188,almond butter,dairy,2024-04-08,3.0,12.3,36.900000000000006
5970,brandon wolfe,77.0,north parker,129,fresh milk,snack,2024-10-27,3.0,7.77,23.31
5972,jessica mercer,54.0,west yvettehaven,146,granola,vegetable,2024-09-18,3.0,9.83,29.49
5973,kara barry,79.0,mannberg,108,organic apples,organic,2024-05-07,4.0,10.3,41.2
5974,paul torres,55.0,boothstad,110,kale,organic,2024-04-23,3.0,3.16,9.48
5975,jennifer smith,26.0,ashleyburgh,171,kale,vegetable,2024-10-14,2.0,11.3,22.6
5976,cody lee,57.0,danielport,153,almond butter,snack,2024-04-13,3.0,6.92,20.76
5977,carla king,37.0,kellystad,142,kale,vegetable,2024-05-08,4.0,13.69,54.76
5979,diana santana,79.0,jonestown,186,organic apples,dairy,2024-05-25,1.0,3.39,3.39
5980,michael martinez,39.0,port donaldtown,136,granola,organic,2024-11-02,3.0,10.81,32.43
5981,michael lee,38.0,mcleanton,157,granola,organic,2024-02-05,3.0,10.75,32.25
5982,carla brown,39.0,saundersland,101,almond butter,organic,2024-01-22,2.0,4.82,9.64
5983,brian lewis,28.0,south patrick,198,tofu,vegetable,2024-07-30,3.0,1.53,4.59
5984,matthew park,22.0,barnesmouth,128,tofu,organic,2024-09-25,1.0,13.96,13.96
5985,jesse sanders,41.0,hahnmouth,183,almond butter,snack,2024-07-21,2.0,17.93,35.86
5986,leon scott,39.0,south gary,175,kale,organic,2024-10-28,1.0,6.47,6.47
5987,christopher lopez,50.0,rebeccatown,192,fresh milk,snack,2024-07-25,3.0,8.47,25.410000000000004
5988,patrick anderson,41.0,west sandrafurt,141,tofu,dairy,2024-11-06,2.0,11.81,23.62
5989,nathaniel diaz,62.0,port christineside,130,tofu,organic,2024-01-12,2.0,15.62,31.24
5990,maxwell dunn,79.0,bellburgh,138,fresh milk,organic,2024-07-18,3.0,2.93,8.790000000000001
5991,john villanueva,52.0,ashleyside,121,organic apples,vegetable,2024-06-29,1.0,14.95,14.95
5992,tara armstrong,20.0,davidfort,126,kale,dairy,2024-06-11,4.0,6.39,25.56
5993,ann tapia,21.0,lake krystalshire,155,kale,organic,2024-06-29,2.0,15.07,30.14
5994,julia bell,37.0,williamshaven,111,granola,vegetable,2024-01-16,2.0,5.57,11.14
5995,katherine jones,69.0,south alanmouth,129,tofu,organic,2024-09-26,3.0,10.84,32.52
5996,robert holloway,21.0,east charles,136,kale,dairy,2024-03-21,1.0,3.92,3.92
5997,frances gonzalez,27.0,east angelachester,143,kale,dairy,2024-08-24,3.0,8.51,25.53
6000,nicole harris,33.0,lake carolyn,163,granola,dairy,2024-08-17,1.0,2.74,2.74
6001,michael chen,42.0,south donaldview,149,tofu,organic,2024-04-27,3.0,19.49,58.47
6002,kimberly mcclain,61.0,munozfurt,197,granola,vegetable,2024-06-22,3.0,8.37,25.11
6003,nicholas duncan,62.0,new kayla,161,granola,snack,2024-06-07,2.0,12.27,24.54
6004,julie smith,19.0,shaunstad,193,fresh milk,snack,2024-05-01,1.0,1.19,1.19
6005,maureen paul,72.0,east mary,113,tofu,organic,2024-06-21,2.0,14.67,29.34
6006,sarah garcia,30.0,port aliceborough,114,organic apples,organic,2024-04-28,1.0,15.86,15.86
6007,anthony nielsen,54.0,douglasstad,186,organic apples,organic,2024-08-07,3.0,1.43,4.29
6008,michelle scott,56.0,munozside,189,organic apples,vegetable,2024-03-01,4.0,1.57,6.28
6009,kevin mason,39.0,nicolechester,141,almond butter,organic,2024-10-23,1.0,8.42,8.42
6010,christopher ferrell,58.0,williamsstad,121,fresh milk,dairy,2024-07-08,2.0,19.34,38.68
6011,katherine miller,62.0,lake kristenhaven,145,almond butter,organic,2024-01-19,1.0,6.17,6.17
6012,matthew brown,52.0,port ashleystad,160,almond butter,vegetable,2024-07-20,2.0,8.25,16.5
6013,cory lee,75.0,south michaelview,164,organic apples,organic,2024-03-23,2.0,13.85,27.7
6014,sara rangel,67.0,south sandratown,112,granola,dairy,2024-02-04,3.0,5.82,17.46
6015,miranda rios,28.0,shannonborough,176,granola,vegetable,2024-05-14,3.0,5.2,15.6
6016,carolyn pugh,58.0,jenniferchester,152,fresh milk,organic,2024-07-16,4.0,5.05,20.2
6017,stephen alvarado,19.0,west sarahburgh,129,tofu,vegetable,2024-01-22,4.0,11.15,44.6
6018,cameron gardner,54.0,new joanne,131,fresh milk,dairy,2024-08-15,1.0,1.28,1.28
6019,richard miller,28.0,jamesview,117,granola,snack,2024-06-11,4.0,10.06,40.24
6020,rachel jones,61.0,new ian,132,granola,dairy,2024-10-14,4.0,16.46,65.84
6021,mike howard,61.0,deborahberg,113,granola,dairy,2024-09-17,1.0,13.51,13.51
6022,stacy sanchez,47.0,spencerberg,141,fresh milk,dairy,2024-05-30,4.0,14.93,59.72
6023,bianca moore,32.0,west omar,192,granola,organic,2024-07-14,2.0,15.78,31.56
6024,sheri pope,44.0,port willie,168,tofu,dairy,2024-03-29,1.0,13.14,13.14
6025,jared martin,57.0,bradyhaven,114,granola,snack,2024-05-14,1.0,13.96,13.96
6026,christopher lawson,60.0,south johnhaven,110,organic apples,snack,2024-03-15,2.0,16.69,33.38
6028,kathryn stein,49.0,south matthew,105,fresh milk,dairy,2024-05-24,4.0,18.49,73.96
6029,ricky perry,72.0,port frederickview,187,almond butter,organic,2024-05-04,3.0,18.51,55.53
6030,brandon holder,25.0,west markchester,178,kale,vegetable,2024-02-21,4.0,5.22,20.88
6031,joshua willis,45.0,cartertown,177,organic apples,dairy,2024-10-23,4.0,8.72,34.88
6032,jorge wright,25.0,lake mario,135,fresh milk,dairy,2024-09-24,2.0,17.06,34.12
6033,jeanette king,19.0,whitneyfurt,155,fresh milk,vegetable,2024-07-18,2.0,13.91,27.82
6034,matthew snow,29.0,lake kimberly,152,organic apples,snack,2024-03-17,3.0,3.94,11.82
6035,timothy kerr,18.0,port amyburgh,195,almond butter,dairy,2024-10-11,1.0,7.8,7.8
6036,noah hurst,76.0,lake james,175,fresh milk,snack,2024-06-30,2.0,1.52,3.04
6037,sean stevens,66.0,craigchester,115,almond butter,vegetable,2024-06-08,3.0,2.61,7.83
6038,casey torres,52.0,lake samanthaport,167,fresh milk,dairy,2024-01-13,3.0,2.28,6.84
6039,shannon blevins,74.0,cherylborough,124,granola,organic,2024-10-12,3.0,5.89,17.669999999999998
6040,angel newton,26.0,east stephanie,198,kale,organic,2024-03-21,1.0,18.5,18.5
6041,emily tran,34.0,north richard,149,granola,vegetable,2024-08-11,4.0,17.65,70.6
6042,ryan murphy,22.0,jamesland,135,fresh milk,organic,2024-05-05,3.0,12.61,37.83
6043,heather johnston,67.0,ellisside,172,fresh milk,dairy,2024-04-03,1.0,12.12,12.12
6044,erin bowman,26.0,port sharistad,117,granola,dairy,2024-11-07,2.0,8.83,17.66
6045,calvin johnson,63.0,christopherton,143,tofu,snack,2024-10-15,4.0,16.26,65.04
6046,jessica montes,73.0,south samuel,164,fresh milk,vegetable,2024-06-01,1.0,15.77,15.77
6047,donald jones,41.0,joshuafurt,167,kale,organic,2024-08-19,161.0,19.23,3096.03
6048,laura washington,41.0,south jessica,197,kale,organic,2024-01-29,1.0,14.57,14.57
6049,joshua hill,41.0,kristenside,117,almond butter,dairy,2024-10-23,2.0,15.55,31.1
6050,kimberly hall,38.0,port chelsea,121,fresh milk,organic,2024-03-06,4.0,2.09,8.36
6051,gary williams,41.0,south kimberly,127,fresh milk,vegetable,2024-04-03,2.0,18.67,37.34
6052,emily wu,38.0,hillchester,186,almond butter,vegetable,2024-08-03,4.0,13.05,52.2
6053,melanie aguilar,24.0,laurashire,170,granola,snack,2024-02-27,1.0,10.08,10.08
6054,jacqueline rose,68.0,guerraberg,161,kale,organic,2024-03-15,4.0,2.43,9.72
6055,tammy gallegos,67.0,new sydney,100,fresh milk,vegetable,2024-03-02,3.0,17.25,51.75
6056,alex fuller,68.0,sotoshire,164,kale,snack,2024-06-17,1.0,13.41,13.41
6057,brandy howard,65.0,matthewview,125,tofu,snack,2024-10-21,1.0,16.53,16.53
6058,raymond peters,40.0,johnfurt,167,tofu,snack,2024-07-12,4.0,8.57,34.28
6059,suzanne mitchell,28.0,coryport,133,organic apples,dairy,2024-09-24,2.0,17.87,35.74
6060,cindy murphy,76.0,ballardmouth,100,organic apples,organic,2024-03-29,3.0,8.44,25.32
6061,alice estes,37.0,taylorland,102,granola,vegetable,2024-08-28,1.0,6.3,6.3
6062,michael fisher,74.0,brookstown,114,kale,vegetable,2024-03-02,3.0,19.95,59.85
6063,danny williams,70.0,south paigeberg,186,fresh milk,organic,2024-09-18,4.0,12.45,49.8
6065,keith cobb,29.0,port bobbymouth,176,organic apples,snack,2024-10-28,2.0,3.09,6.18
6066,denise ramirez,70.0,south michael,104,organic apples,organic,2024-05-25,3.0,10.09,30.27
6067,gregory carr,68.0,nealport,122,tofu,dairy,2024-03-13,2.0,3.68,7.36
6068,tiffany green,25.0,hickmantown,148,organic apples,organic,2024-02-15,2.0,2.11,4.22
6069,erica mejia,32.0,east danielhaven,122,granola,dairy,2024-04-16,1.0,5.27,5.27
6070,connie becker md,33.0,port melissa,134,almond butter,dairy,2024-08-15,4.0,18.22,72.88
6072,kelsey holmes,39.0,whitestad,119,fresh milk,dairy,2024-04-10,4.0,5.98,23.92
6073,mrs. cindy sanchez,44.0,ronaldside,171,granola,organic,2024-06-08,1.0,7.59,7.59
6074,debra watson,56.0,port rebeccaview,199,kale,organic,2024-08-17,4.0,15.78,63.12
6075,joel white,33.0,north hannah,150,tofu,vegetable,2024-03-09,4.0,8.58,34.32
6076,jamie nguyen,74.0,port tracie,190,organic apples,dairy,2024-06-22,3.0,8.89,26.67
6077,margaret walker,79.0,mataview,142,fresh milk,organic,2024-07-29,2.0,12.59,25.18
6078,austin hensley,25.0,new kerryville,107,kale,dairy,2024-05-24,4.0,9.41,37.64
6079,katie thomas dds,71.0,east andrew,188,kale,snack,2024-02-16,4.0,14.08,56.32
6080,kevin montoya,26.0,marystad,172,fresh milk,organic,2024-06-03,3.0,6.94,20.82
6081,michael gallagher,62.0,lake heather,104,organic apples,organic,2024-01-03,3.0,16.19,48.57000000000001
6082,margaret white,33.0,new davidborough,125,fresh milk,organic,2024-01-05,3.0,5.3,15.9
6083,jennifer newman,34.0,keithport,143,fresh milk,snack,2024-08-31,4.0,1.24,4.96
6084,jennifer graham,53.0,south frankchester,124,almond butter,dairy,2024-06-13,1.0,14.36,14.36
6085,taylor sanchez,27.0,south amanda,148,tofu,snack,2024-11-01,4.0,15.9,63.6
6086,lee donaldson,76.0,fordberg,145,tofu,vegetable,2024-09-10,1.0,15.96,15.96
6087,janet williams,59.0,south lisa,155,organic apples,organic,2024-09-10,4.0,17.98,71.92
6088,shannon jackson,28.0,port john,167,tofu,dairy,2024-05-09,1.0,15.79,15.79
6089,richard parker,79.0,lake tiffany,194,granola,vegetable,2024-06-15,3.0,14.26,42.78
6090,timothy may,71.0,lindaton,171,kale,dairy,2024-02-11,1.0,2.74,2.74
6091,alan howard,18.0,new alvin,120,fresh milk,vegetable,2024-02-25,3.0,11.99,35.97
6092,alan young,33.0,mckinneyborough,130,fresh milk,vegetable,2024-05-03,2.0,3.53,7.06
6093,gloria stephens,55.0,huffbury,176,tofu,dairy,2024-07-12,4.0,16.02,64.08
6094,kevin frank,72.0,north meganburgh,144,fresh milk,vegetable,2024-10-30,3.0,7.82,23.46
6095,luke morgan,72.0,kleinton,112,kale,vegetable,2024-01-21,4.0,10.23,40.92
6096,matthew russell,54.0,port loretta,174,almond butter,organic,2024-10-26,1.0,17.41,17.41
6097,linda chan,70.0,timothyville,175,kale,vegetable,2024-07-24,3.0,17.71,53.13
6098,julie foster,74.0,nelsonhaven,166,organic apples,organic,2024-03-15,2.0,19.0,38.0
6099,katherine oneill,76.0,kaylashire,132,tofu,vegetable,2024-06-13,4.0,2.93,11.72
6100,thomas gilmore,72.0,new sherri,163,kale,vegetable,2024-02-10,3.0,7.0,21.0
6101,michael garrett,40.0,ramosburgh,150,almond butter,organic,2024-07-13,1.0,1.73,1.73
6102,barbara rice,59.0,colinchester,139,tofu,dairy,2024-10-07,1.0,7.8,7.8
6103,susan pham,19.0,smithbury,193,granola,snack,2024-06-18,3.0,5.51,16.53
6104,jason edwards,30.0,danielville,146,almond butter,dairy,2024-10-10,4.0,4.54,18.16
6105,thomas johnson,19.0,kimberlyside,179,granola,dairy,2024-10-04,120.0,13.55,1626.0
6106,bethany ferguson,59.0,north laura,193,almond butter,organic,2024-01-12,1.0,11.22,11.22
6107,hannah payne,25.0,lake jacobtown,143,tofu,organic,2024-04-10,3.0,18.24,54.72
6108,roger alexander,35.0,ashleyville,115,almond butter,vegetable,2024-10-09,3.0,7.1,21.3
6109,nicole martinez,60.0,south anna,174,organic apples,snack,2024-05-24,4.0,6.79,27.16
6110,jennifer johnson,32.0,new garrettside,152,tofu,organic,2024-11-08,3.0,7.43,22.29
6111,michael taylor,20.0,ashleyview,191,fresh milk,vegetable,2024-05-04,4.0,13.91,55.64
6112,margaret robinson,22.0,bowmanton,137,kale,organic,2024-08-13,2.0,13.6,27.2
6113,vanessa bates,38.0,south emmaport,103,kale,dairy,2024-02-03,1.0,19.18,19.18
6114,heather may,61.0,michaelport,183,fresh milk,vegetable,2024-02-08,3.0,15.73,47.19
6116,tina faulkner,58.0,east marissaside,166,tofu,dairy,2024-05-25,1.0,13.2,13.2
6117,amanda mueller,30.0,kingberg,131,granola,snack,2024-10-17,2.0,4.28,8.56
6118,roger wood,36.0,north saraborough,119,fresh milk,vegetable,2024-02-21,3.0,18.95,56.85
6119,phillip allen,52.0,new cynthiaview,164,granola,organic,2024-06-21,2.0,14.4,28.8
6120,stacie calhoun,47.0,north heatherhaven,155,kale,organic,2024-08-08,4.0,16.35,65.4
6121,christina simpson,52.0,joetown,124,fresh milk,dairy,2024-03-06,2.0,14.93,29.86
6122,stacy hess,65.0,danielstad,175,kale,dairy,2024-01-16,1.0,18.18,18.18
6123,brett harmon,48.0,anneside,178,kale,vegetable,2024-04-07,105.0,12.49,1311.45
6124,lisa bernard,38.0,zacharyland,158,tofu,organic,2024-10-04,3.0,5.68,17.04
6125,nathaniel hoover,69.0,east peterfort,143,fresh milk,dairy,2024-01-09,2.0,17.0,34.0
6126,jonathan snyder,24.0,carterburgh,164,kale,snack,2024-08-26,2.0,19.8,39.6
6127,jacob barnett,50.0,elizabethville,139,kale,snack,2024-06-01,2.0,9.03,18.06
6128,timothy jones,44.0,parkerbury,132,fresh milk,vegetable,2024-01-29,1.0,4.94,4.94
6129,anthony morton,59.0,east jameston,116,organic apples,dairy,2024-10-31,1.0,15.55,15.55
6130,christopher adams,34.0,spencermouth,121,organic apples,snack,2024-10-23,3.0,4.4,13.2
6131,rebecca williams,44.0,south joshua,175,organic apples,vegetable,2024-06-08,3.0,13.11,39.33
6132,patricia henry,75.0,baldwintown,107,tofu,dairy,2024-05-21,1.0,10.95,10.95
6133,debra andersen,49.0,east julia,125,kale,organic,2024-06-08,1.0,16.84,16.84
6134,christine tran,55.0,gwendolynland,123,almond butter,dairy,2024-03-01,2.0,15.46,30.92
6135,jessica madden,20.0,pierceland,161,organic apples,vegetable,2024-09-09,3.0,1.43,4.29
6136,shaun gilbert,36.0,south laura,132,kale,organic,2024-01-15,4.0,7.61,30.44
6137,jody rivera,73.0,lisaside,167,kale,snack,2024-08-05,3.0,18.72,56.16
6138,lisa carrillo,54.0,klineton,146,organic apples,vegetable,2024-01-12,2.0,11.64,23.28
6139,rebecca smith,18.0,west sylviafurt,171,tofu,organic,2024-01-01,4.0,1.17,4.68
6140,brandon medina,49.0,lake samanthaborough,127,almond butter,organic,2024-07-06,1.0,10.43,10.43
6141,joel harris,54.0,lake brandon,191,almond butter,dairy,2024-07-22,3.0,5.01,15.03
6142,casey mejia md,31.0,port kimberlyburgh,177,kale,snack,2024-08-06,4.0,10.37,41.48
6143,maria cain,62.0,new laurenview,198,tofu,organic,2024-10-26,4.0,6.17,24.68
6144,rachel matthews,21.0,east kristopherchester,134,organic apples,vegetable,2024-10-22,1.0,8.81,8.81
6145,jason howard,35.0,marilynberg,169,organic apples,snack,2024-05-05,3.0,9.88,29.64
6146,jessica thomas,41.0,lake jamie,122,almond butter,organic,2024-06-11,4.0,2.59,10.36
6147,diana curtis,50.0,west michael,192,tofu,organic,2024-08-27,4.0,19.14,76.56
6148,dorothy skinner,42.0,port john,102,fresh milk,vegetable,2024-10-09,1.0,12.62,12.62
6149,keith stokes,74.0,evansmouth,143,almond butter,organic,2024-01-01,1.0,6.76,6.76
6150,victoria bolton,27.0,south davidville,160,almond butter,dairy,2024-04-05,1.0,12.97,12.97
6151,christopher wang,70.0,sarahside,178,tofu,organic,2024-03-26,4.0,6.0,24.0
6152,donna chambers,39.0,robertside,157,tofu,dairy,2024-09-29,2.0,16.23,32.46
6153,benjamin deleon,44.0,new frank,157,organic apples,dairy,2024-03-02,4.0,4.77,19.08
6154,kathryn smith,38.0,new cody,145,tofu,vegetable,2024-06-19,1.0,16.72,16.72
6155,sharon ross,19.0,east marthashire,152,kale,vegetable,2024-05-14,3.0,16.36,49.08
6156,anthony walker,48.0,loriton,125,fresh milk,dairy,2024-04-25,2.0,4.72,9.44
6158,brandi weaver,34.0,thompsontown,140,almond butter,dairy,2024-09-07,4.0,16.13,64.52
6159,patrick rodriguez,21.0,parkborough,196,granola,snack,2024-02-26,1.0,13.16,13.16
6160,justin wallace,25.0,port adam,192,granola,vegetable,2024-01-20,1.0,11.85,11.85
6161,kiara mcknight,69.0,andreahaven,192,organic apples,snack,2024-06-11,3.0,2.27,6.8100000000000005
6162,mariah alexander,74.0,hallberg,146,granola,dairy,2024-07-12,1.0,10.53,10.53
6163,joseph west,40.0,new williamberg,149,granola,dairy,2024-05-26,2.0,7.2,14.4
6164,cindy fisher,34.0,new laurahaven,140,granola,dairy,2024-04-05,1.0,16.27,16.27
6165,sandra hernandez,67.0,lake christina,162,kale,organic,2024-04-25,2.0,16.6,33.2
6166,daniel rich,69.0,north julie,183,kale,organic,2024-01-21,4.0,18.32,73.28
6167,jessica johnson,40.0,lake robertberg,179,fresh milk,dairy,2024-08-25,4.0,15.61,62.44
6168,jennifer graham,59.0,north patriciahaven,172,granola,dairy,2024-10-13,2.0,9.85,19.7
6169,becky gordon,29.0,kingview,143,granola,organic,2024-11-01,1.0,11.25,11.25
6170,justin olson,30.0,campbellfort,124,granola,snack,2024-08-31,2.0,17.68,35.36
6171,rebecca potter,66.0,russoland,109,tofu,snack,2024-07-28,1.0,18.09,18.09
6172,ryan davis,48.0,west ricardo,130,granola,organic,2024-01-12,2.0,16.6,33.2
6173,wendy jackson,25.0,davidside,145,kale,snack,2024-04-21,4.0,1.46,5.84
6174,maria jones,35.0,matthewmouth,113,organic apples,snack,2024-06-02,3.0,6.38,19.14
6175,james carr,43.0,dennisport,130,organic apples,vegetable,2024-10-20,1.0,9.39,9.39
6176,kathryn underwood,61.0,andrewport,126,organic apples,organic,2024-06-12,3.0,8.89,26.67
6177,kevin hall,72.0,larryview,182,fresh milk,dairy,2024-04-06,3.0,8.01,24.03
6178,kevin martinez,65.0,lake brucestad,193,fresh milk,vegetable,2024-02-28,3.0,8.98,26.94
6179,karen smith dds,40.0,kathrynburgh,152,fresh milk,organic,2024-05-30,4.0,1.15,4.6
6180,jessica hernandez,48.0,new jacquelineland,120,tofu,vegetable,2024-07-22,3.0,19.61,58.83
6181,nathaniel anderson,44.0,banksland,119,almond butter,dairy,2024-02-20,4.0,2.09,8.36
6182,casey diaz,34.0,hughesberg,119,kale,snack,2024-08-15,3.0,3.51,10.53
6183,dr. carly webb,26.0,north mark,126,fresh milk,vegetable,2024-04-13,4.0,17.27,69.08
6184,tiffany ross,46.0,north heathermouth,186,kale,snack,2024-03-15,3.0,19.75,59.25
6186,jeremy ford,63.0,brockmouth,123,granola,snack,2024-02-04,4.0,18.13,72.52
6187,stacey mercado,78.0,brittneyport,138,kale,dairy,2024-07-10,4.0,9.33,37.32
6188,thomas burns,37.0,port jamie,175,kale,dairy,2024-10-19,4.0,13.89,55.56
6189,hannah tyler,34.0,seanmouth,103,fresh milk,vegetable,2024-01-01,3.0,12.28,36.84
6190,james bryant,63.0,north robertfort,145,granola,snack,2024-05-04,1.0,8.3,8.3
6191,shawn smith,45.0,south rachaelburgh,146,fresh milk,dairy,2024-01-19,1.0,4.18,4.18
6192,alan mooney,22.0,victoriastad,114,kale,snack,2024-10-29,4.0,12.37,49.48
6193,timothy perez,71.0,east cathy,114,fresh milk,snack,2024-08-28,2.0,13.0,26.0
6195,michael clark,71.0,lake erinland,160,granola,dairy,2024-01-19,4.0,12.27,49.08
6196,john smith,20.0,mitchellchester,112,granola,vegetable,2024-04-30,2.0,13.63,27.26
6197,jeffrey hernandez,34.0,lydiafort,148,fresh milk,dairy,2024-06-20,1.0,19.24,19.24
6198,miranda oconnor,57.0,harrisland,190,fresh milk,vegetable,2024-08-04,3.0,8.07,24.21
6199,michelle chavez,49.0,whitemouth,119,kale,dairy,2024-05-16,3.0,4.27,12.81
6200,aaron hughes,75.0,staceyfurt,133,fresh milk,vegetable,2024-03-23,1.0,1.23,1.23
6201,justin smith,62.0,audreychester,188,tofu,organic,2024-05-28,1.0,12.32,12.32
6202,jason cummings,70.0,christinaborough,143,almond butter,dairy,2024-05-08,4.0,11.15,44.6
6203,randy curry,66.0,new angelaborough,155,kale,vegetable,2024-05-31,2.0,9.63,19.26
6205,matthew allen,28.0,danielleview,122,organic apples,organic,2024-07-14,2.0,13.79,27.58
6206,taylor price,57.0,south amyberg,198,fresh milk,dairy,2024-03-17,2.0,11.79,23.58
6207,mary weber,44.0,muellerside,176,almond butter,dairy,2024-08-29,1.0,17.27,17.27
6208,gregg orozco,72.0,youggburgh,117,fresh milk,vegetable,2024-02-07,4.0,1.89,7.56
6209,kimberly dixon,23.0,riverashire,167,kale,snack,2024-05-15,2.0,18.01,36.02
6210,daniel dawson,37.0,edwardberg,104,tofu,snack,2024-01-09,4.0,6.24,24.96
6211,jason murphy,73.0,north christinachester,162,almond butter,organic,2024-06-08,2.0,17.36,34.72
6212,mitchell dixon,58.0,davidfort,167,tofu,dairy,2024-01-03,4.0,9.87,39.48
6213,cheryl costa,36.0,east barryland,106,tofu,snack,2024-02-28,2.0,3.0,6.0
6214,emily lopez,39.0,smithburgh,113,kale,snack,2024-07-09,1.0,15.33,15.33
6215,daniel brown,43.0,johnsonshire,130,organic apples,snack,2024-02-01,3.0,11.41,34.230000000000004
6216,adrian walker,34.0,parsonsberg,114,granola,organic,2024-06-28,1.0,13.31,13.31
6217,monica larson,18.0,alvaradobury,111,almond butter,vegetable,2024-04-11,3.0,4.55,13.65
6218,nicholas clark,22.0,east jason,124,tofu,snack,2024-01-08,2.0,13.2,26.4
6219,michelle dean,27.0,pory matthew,135,fresh milk,vegetable,2024-02-17,1.0,15.56,15.56
6220,christian doyle,76.0,staceymouth,133,organic apples,snack,2024-07-05,2.0,14.58,29.16
6221,michelle moore,43.0,south bradley,131,fresh milk,dairy,2024-10-06,2.0,16.33,32.66
6222,douglas brown,62.0,lake cassandraberg,177,almond butter,dairy,2024-05-14,3.0,7.21,21.63
6223,mary rivas,27.0,north jonstad,169,kale,snack,2024-11-06,1.0,5.84,5.84
6224,andrea cook,42.0,east donaldport,197,tofu,vegetable,2024-01-27,4.0,13.89,55.56
6225,anne brown,75.0,lake matthewtown,137,fresh milk,snack,2024-06-17,4.0,7.0,28.0
6226,erica barnes,18.0,west brooke,188,granola,snack,2024-06-11,4.0,16.78,67.12
6227,joel johnson,49.0,matthewhaven,115,kale,organic,2024-07-18,2.0,10.24,20.48
6228,kendra russell,34.0,new james,126,kale,vegetable,2024-05-23,1.0,4.27,4.27
6229,tracie chen,51.0,west vanessatown,193,organic apples,snack,2024-01-29,164.0,8.1,1328.4
6230,richard kim,61.0,east suzannechester,176,tofu,vegetable,2024-02-29,2.0,18.48,36.96
6231,jamie riley,56.0,conzieshire,107,kale,snack,2024-10-04,3.0,15.91,47.73
6232,michael estrada,44.0,new kristaberg,100,tofu,vegetable,2024-03-20,4.0,8.67,34.68
6233,heather brown,51.0,katherinehaven,168,almond butter,organic,2024-05-09,4.0,19.2,76.8
6234,rebecca riley,72.0,sharpfurt,111,almond butter,vegetable,2024-04-10,4.0,2.24,8.96
6235,john king,52.0,hernandezfurt,133,tofu,organic,2024-01-21,4.0,3.81,15.24
6236,stephanie wallace,48.0,martinezview,136,almond butter,vegetable,2024-05-14,2.0,12.36,24.72
6237,laura herman,37.0,sullivanshire,138,kale,dairy,2024-08-01,3.0,6.92,20.76
6238,sarah adams,31.0,south kyle,151,granola,dairy,2024-02-23,3.0,13.93,41.79
6239,danielle white,61.0,south alexandraton,177,almond butter,dairy,2024-06-14,3.0,11.43,34.29
6240,craig clark,75.0,east gina,118,almond butter,dairy,2024-08-10,1.0,2.2,2.2
6241,nancy thomas,55.0,north rachel,109,granola,organic,2024-04-23,2.0,4.59,9.18
6243,matthew nelson,77.0,kathleenberg,155,granola,dairy,2024-07-16,4.0,3.13,12.52
6244,michael williams,31.0,lakx danielport,125,tofu,organic,2024-06-17,2.0,10.3,20.6
6247,brian anderson,29.0,west joseph,196,almond butter,organic,2024-01-14,1.0,18.04,18.04
6248,megan white,60.0,heidiville,187,tofu,vegetable,2024-06-15,4.0,2.3,9.2
6249,paige bailey,36.0,port gina,125,organic apples,dairy,2024-06-23,2.0,4.18,8.36
6250,barbara cobb,79.0,edwardbury,163,kale,dairy,2024-07-12,3.0,13.53,40.59
6251,molly white,60.0,west ashley,194,granola,dairy,2024-06-16,4.0,11.86,47.44
6252,robert holland,78.0,port brittany,166,granola,dairy,2024-09-18,3.0,6.33,18.99
6253,travis flores,58.0,sarahfurt,170,tofu,dairy,2024-10-06,1.0,7.33,7.33
6254,chelsea gray,77.0,east jillfort,120,fresh milk,organic,2024-03-20,3.0,4.27,12.81
6255,pamela lee,28.0,simmonshaven,158,almond butter,organic,2024-09-06,4.0,5.9,23.6
6256,kristi chavez,47.0,munozhaven,107,tofu,dairy,2024-02-27,4.0,18.94,75.76
6257,andrea chapman,42.0,quinnburgh,165,almond butter,organic,2024-06-12,4.0,4.2,16.8
6258,laura johns,69.0,lanestad,174,kale,snack,2024-06-23,3.0,3.57,10.71
6261,scott sosa,53.0,mcleanburgh,129,tofu,snack,2024-05-14,4.0,19.3,77.2
6262,kevin chung,65.0,smithside,133,almond butter,organic,2024-09-14,4.0,19.21,76.84
6264,trevor lyons,62.0,patelberg,159,tofu,organic,2024-10-31,4.0,17.67,70.68
6265,alan allen,42.0,weaverfort,167,granola,dairy,2024-11-07,2.0,8.87,17.74
6266,melissa rodriguez,46.0,lake clifford,101,granola,vegetable,2024-09-02,2.0,18.62,37.24
6267,clinton thompson,56.0,deborahville,180,granola,vegetable,2024-04-08,4.0,12.55,50.2
6268,ann taylor,45.0,new katelynborough,103,kale,vegetable,2024-08-10,4.0,14.7,58.8
6269,kristen martin,43.0,west derrick,149,almond butter,organic,2024-01-11,3.0,3.47,10.41
6270,joseph patterson,19.0,north ricardoland,188,organic apples,vegetable,2024-10-16,3.0,1.45,4.35
6271,jennifer martinez,58.0,jamesfurt,137,kale,dairy,2024-07-20,2.0,11.32,22.64
6272,melissa nelson,78.0,north michael,156,tofu,dairy,2024-09-20,4.0,15.74,62.96
6273,patricia hall,43.0,north peter,171,organic apples,dairy,2024-03-22,3.0,9.01,27.03
6274,julie lopez,40.0,port jason,119,kale,organic,2024-02-13,1.0,10.3,10.3
6275,rodney harper,22.0,clarkfurt,106,almond butter,snack,2024-05-24,2.0,8.76,17.52
6276,miranda barnes,54.0,kennethfort,118,tofu,organic,2024-10-05,3.0,17.58,52.74
6277,natalie hansen,24.0,south danielle,191,fresh milk,dairy,2024-05-31,3.0,13.56,40.68
6278,jeanette turner,69.0,nicolefort,125,kale,dairy,2024-02-29,1.0,19.23,19.23
6280,crystal ramirez,72.0,east thomas,148,almond butter,vegetable,2024-01-27,4.0,15.71,62.84
6281,dr. samuel brown,56.0,east whitney,116,organic apples,vegetable,2024-08-16,3.0,18.79,56.37
6282,brett castaneda,68.0,north christopher,132,organic apples,vegetable,2024-03-31,2.0,7.15,14.3
6283,jennifer hays dvm,21.0,south michael,154,kale,snack,2024-09-04,4.0,16.31,65.24
6284,danielle rowe,65.0,jonesberg,132,granola,snack,2024-05-19,2.0,14.52,29.04
6285,catherine carroll,31.0,mitchellbury,104,granola,dairy,2024-03-08,1.0,17.11,17.11
6286,pamela reed,39.0,cruzborough,177,organic apples,snack,2024-02-06,3.0,7.45,22.35
6287,kelsey pratt,70.0,jefferytown,127,kale,dairy,2024-07-21,2.0,5.9,11.8
6288,walter cooper,56.0,north maryhaven,139,granola,vegetable,2024-03-07,3.0,4.35,13.05
6289,nicole bender,79.0,east lance,140,tofu,snack,2024-11-07,4.0,8.16,32.64
6290,evelyn neal,64.0,lake donald,133,kale,organic,2024-09-04,2.0,14.43,28.86
6291,tony webb,39.0,port robertberg,115,almond butter,vegetable,2024-01-26,2.0,11.03,22.06
6292,james long,41.0,gardnertown,156,fresh milk,organic,2024-02-18,2.0,3.71,7.42
6293,veronica woodward,44.0,north ericshire,124,fresh milk,snack,2024-10-01,4.0,12.93,51.72
6294,tammy clayton,66.0,north codyberg,190,organic apples,dairy,2024-09-08,1.0,5.42,5.42
6295,aaron mcdaniel,54.0,maxwellland,121,tofu,snack,2024-06-18,1.0,4.79,4.79
6296,nancy ramos,60.0,north kyle,127,kale,organic,2024-02-03,2.0,5.39,10.78
6297,joshua nichols,36.0,south john,145,kale,vegetable,2024-06-04,1.0,2.2,2.2
6298,bridget hunter,44.0,lake alexander,137,tofu,snack,2024-03-12,3.0,17.55,52.650000000000006
6299,nancy campbell,31.0,barronshire,139,granola,vegetable,2024-07-18,2.0,13.1,26.2
6300,nicholas moore,46.0,lake david,152,fresh milk,organic,2024-03-18,3.0,18.28,54.84
6301,austin peterson,33.0,allenview,129,granola,snack,2024-06-20,1.0,14.46,14.46
6302,samantha wilcox,61.0,charlesshire,170,kale,snack,2024-01-03,2.0,19.31,38.62
6303,shelly thomas,39.0,christopherberg,165,granola,snack,2024-02-17,4.0,5.37,21.48
6304,john mills,71.0,east tylerchester,163,kale,vegetable,2024-04-11,4.0,7.56,30.24
6305,theresa smith,39.0,sarabury,142,almond butter,vegetable,2024-07-09,2.0,17.99,35.98
6306,victor sanchez,28.0,north jamestown,119,granola,vegetable,2024-10-20,2.0,11.45,22.9
6307,lisa wilson,22.0,south john,197,kale,organic,2024-02-17,3.0,6.93,20.79
6308,sean ward,78.0,weissberg,183,fresh milk,organic,2024-05-13,2.0,14.22,28.44
6309,larry cooper,45.0,west sarah,130,organic apples,organic,2024-02-01,3.0,11.2,33.599999999999994
6310,rachel jackson,44.0,new james,128,fresh milk,snack,2024-03-13,2.0,1.11,2.22
6311,cheryl christensen,50.0,south davidport,195,tofu,vegetable,2024-05-31,2.0,1.33,2.66
6312,taylor smith,59.0,south bryan,130,organic apples,organic,2024-01-26,3.0,3.67,11.01
6313,kendra gonzalez,42.0,lake jefferymouth,192,kale,organic,2024-01-11,4.0,10.84,43.36
6314,brian zhang,52.0,north lauraberg,155,granola,vegetable,2024-10-31,2.0,13.51,27.02
6315,robyn harrell,76.0,east thomas,140,fresh milk,vegetable,2024-04-15,3.0,6.19,18.57
6316,lindsay miller,65.0,new michaelville,141,kale,vegetable,2024-02-21,2.0,3.81,7.62
6317,colin bean,27.0,michaelborough,159,fresh milk,dairy,2024-07-15,2.0,11.7,23.4
6319,nancy park,38.0,alexandertown,188,granola,dairy,2024-10-16,3.0,9.69,29.07
6320,mackenzie walker,24.0,corymouth,167,tofu,snack,2024-06-22,4.0,3.87,15.48
6321,mr. david walker,46.0,tracychester,142,fresh milk,dairy,2024-10-26,3.0,14.63,43.89
6322,dr. jamie fitzgerald,60.0,lake ryanville,119,kale,snack,2024-08-29,1.0,2.37,2.37
6324,jessica contreras,51.0,evansville,180,tofu,snack,2024-09-14,4.0,6.39,25.56
6325,mr. john smith,43.0,hillton,167,granola,vegetable,2024-02-23,1.0,15.98,15.98
6326,maurice moore,29.0,paulmouth,197,fresh milk,vegetable,2024-03-16,4.0,7.99,31.96
6327,anthony sanders,77.0,cookbury,145,kale,organic,2024-10-25,3.0,12.98,38.94
6328,lori garcia,62.0,ericborough,150,fresh milk,vegetable,2024-02-14,2.0,12.98,25.96
6329,vanessa diaz,35.0,lewisport,151,granola,dairy,2024-06-10,2.0,1.66,3.32
6330,patrick diaz,50.0,south whitneyview,146,granola,snack,2024-06-14,2.0,15.36,30.72
6331,dawn wilcox,61.0,fisherton,107,tofu,vegetable,2024-09-01,3.0,14.96,44.88
6332,robert orozco,20.0,cruzton,141,organic apples,snack,2024-07-03,1.0,2.03,2.03
6333,nicholas schneider,52.0,cynthiashire,192,almond butter,dairy,2024-03-28,2.0,3.13,6.26
6334,bryan williams,76.0,port courtneytown,165,fresh milk,snack,2024-10-03,2.0,6.81,13.62
6335,michelle hutchinson,32.0,glorialand,188,almond butter,vegetable,2024-08-06,3.0,16.61,49.83
6336,kayla sims,22.0,wallsshire,184,almond butter,dairy,2024-08-01,3.0,19.22,57.66
6338,jacqueline camacho,32.0,port craigchester,180,granola,vegetable,2024-08-15,3.0,14.24,42.72
6340,spencer alvarez,24.0,port ashley,158,organic apples,organic,2024-05-19,3.0,13.63,40.89
6341,kevin reyes,76.0,randolphfurt,114,tofu,dairy,2024-08-16,1.0,138.47,138.47
6342,philip adams,61.0,lake coryland,155,tofu,organic,2024-01-08,3.0,19.72,59.16
6343,tracey morgan,49.0,alexandriachester,130,tofu,snack,2024-03-28,1.0,1.16,1.16
6344,diana moss,67.0,thomasfurt,111,kale,organic,2024-06-12,4.0,10.04,40.16
6345,jean sanchez,51.0,patelton,164,tofu,organic,2024-09-26,3.0,11.28,33.84
6346,gary davis,22.0,north frankbury,161,fresh milk,vegetable,2024-06-21,2.0,19.83,39.66
6347,glenn jones,30.0,port kristieborough,131,fresh milk,vegetable,2024-01-14,4.0,15.93,63.72
6348,danielle gray,48.0,victortown,176,tofu,vegetable,2024-04-26,3.0,2.5,7.5
6349,frank jackson jr.,26.0,jenkinschester,192,granola,dairy,2024-06-26,1.0,10.08,10.08
6350,jose price,74.0,atkinsmouth,161,organic apples,organic,2024-09-20,2.0,8.79,17.58
6351,tammy dudley,21.0,north nicholasberg,159,granola,vegetable,2024-09-21,1.0,9.51,9.51
6352,john mullins,25.0,simpsonfort,145,almond butter,snack,2024-02-17,4.0,2.27,9.08
6353,deborah martin,43.0,lake jeffreyside,115,almond butter,dairy,2024-06-03,4.0,19.94,79.76
6354,brett perez,79.0,hawkinschester,108,granola,snack,2024-03-10,1.0,1.17,1.17
6355,john calderon,57.0,jasonfort,109,tofu,vegetable,2024-08-08,2.0,2.47,4.94
6356,ariel morris,56.0,barryton,184,kale,dairy,2024-02-13,2.0,7.64,15.28
6357,jason archer,30.0,east kathy,168,tofu,snack,2024-03-14,1.0,14.58,14.58
6358,debbie james,65.0,millerside,175,kale,snack,2024-01-15,1.0,2.32,2.32
6359,sarah shepard,46.0,lake patricia,111,almond butter,dairy,2024-06-05,2.0,9.28,18.56
6360,melissa hart,77.0,jamnsport,157,tofu,organic,2024-01-23,2.0,4.0,8.0
6361,timothy allen,49.0,markshire,155,granola,organic,2024-11-06,2.0,11.93,23.86
6363,john snyder,54.0,johnsonview,194,tofu,dairy,2024-04-09,2.0,7.21,14.42
6364,thomas jimenez,64.0,norkh jasonborough,190,granola,vegetable,2024-06-02,4.0,9.59,38.36
6365,dr. margaret reese md,36.0,port oscarborough,159,kale,snack,2024-09-11,1.0,2.95,2.95
6366,tracy cabrera,47.0,chavezport,138,kale,vegetable,2024-09-04,3.0,5.75,17.25
6367,kathryn jones,19.0,wheelerton,178,organic apples,dairy,2024-07-23,1.0,15.47,15.47
6368,cathy riley,68.0,samanthaside,154,granola,vegetable,2024-03-16,3.0,19.4,58.2
6369,monica goodwin,69.0,amyville,157,organic apples,dairy,2024-05-01,4.0,2.14,8.56
6370,krystal robbins,39.0,cookhaven,144,almond butter,dairy,2024-08-31,4.0,1.31,5.24
6371,katherine christensen,45.0,petersonfurt,151,granola,snack,2024-04-10,3.0,10.62,31.86
6372,justin burton,30.0,jameston,147,kale,dairy,2024-04-21,4.0,5.23,20.92
6374,dr. erica king,43.0,new daniel,193,almond butter,dairy,2024-10-25,160.0,17.99,2878.4
6375,jesus murphy,25.0,north michaelborough,180,fresh milk,dairy,2024-05-31,3.0,15.93,47.79
6376,robin pena,59.0,west justin,126,organic apples,snack,2024-04-24,3.0,6.23,18.69
6377,dawn wilson,22.0,west tashahaven,175,almond butter,vegetable,2024-04-21,2.0,4.2,8.4
6378,timothy flores,59.0,north jordan,167,tofu,organic,2024-08-04,3.0,9.61,28.83
6379,ashley lawson,25.0,north samantha,114,tofu,snack,2024-08-13,3.0,6.0,18.0
6380,amber mccarthy,70.0,west paul,167,kale,dairy,2024-09-28,4.0,7.42,29.68
6382,barbara adams,74.0,allenport,155,organic apples,vegetable,2024-09-11,1.0,6.87,6.87
6383,angela stewart,32.0,east brandon,111,fresh milk,snack,2024-10-23,1.0,10.54,10.54
6384,john mcpherson,73.0,new robertport,141,fresh milk,dairy,2024-07-13,1.0,6.11,6.11
6385,jason brown,37.0,michaelbury,136,granola,organic,2024-10-19,2.0,4.21,8.42
6387,william kim,21.0,north elizabeth,149,tofu,snack,2024-01-06,3.0,12.18,36.54
6388,sarah arnold,52.0,lake jessica,176,organic apples,vegetable,2024-10-29,2.0,8.31,16.62
6389,tom chavez,49.0,mcdanieltown,172,organic apples,vegetable,2024-03-27,3.0,19.37,58.11
6390,wanda guerrero,36.0,christinaton,107,tofu,snack,2024-09-08,3.0,11.47,34.410000000000004
6391,jacqueline wright,35.0,north thomasshire,172,almond butter,dairy,2024-06-24,1.0,5.61,5.61
6392,jennifer williams,19.0,north travis,116,tofu,vegetable,2024-03-27,2.0,15.19,30.38
6393,jennifer powers,78.0,east kelly,184,kale,organic,2024-06-24,4.0,12.62,50.48
6394,christopher moore,45.0,bradleystad,166,fresh milk,organic,2024-04-15,2.0,9.2,18.4
6395,victoria reynolds,33.0,chaneymouth,136,organic apples,dairy,2024-01-12,1.0,5.59,5.59
6396,robert chapman,69.0,port lee,124,tofu,vegetable,2024-03-10,3.0,19.59,58.77
6397,sarah price,37.0,taylorport,194,fresh milk,snack,2024-09-29,3.0,4.4,13.2
6398,aaron beard,23.0,davidton,154,granola,vegetable,2024-08-07,2.0,15.37,30.74
6399,david nelson,71.0,snowview,109,kale,snack,2024-10-14,2.0,7.41,14.82
6400,abigail austin,79.0,carpenterbury,158,granola,snack,2024-10-15,3.0,9.88,29.64
6401,steven haley,64.0,turnerburgh,170,tofu,snack,2024-04-07,3.0,18.64,55.92
6402,jessica humphrey,51.0,christopherview,192,almond butter,vegetable,2024-07-06,1.0,5.63,5.63
6403,arthur duncan,26.0,gordonmouth,189,almond butter,vegetable,2024-06-18,4.0,8.39,33.56
6404,juan arias,63.0,lewisville,122,kale,vegetable,2024-05-24,4.0,15.1,60.4
6405,daniel allen,55.0,michaelfort,128,fresh milk,organic,2024-02-19,3.0,2.82,8.459999999999999
6406,abigail robinson,39.0,new joycehaven,140,almond butter,dairy,2024-09-10,3.0,408.29,1224.87
6408,patrick curtis,20.0,vassuezton,136,granola,vegetable,2024-09-15,2.0,18.33,36.66
6409,lauren simpson,56.0,port kyleberg,125,tofu,organic,2024-05-04,2.0,8.72,17.44
6410,mrs. cheryl scott,43.0,baileyberg,166,granola,snack,2024-10-24,4.0,4.35,17.4
6411,jeff davis,45.0,north jade,186,tofu,snack,2024-05-26,1.0,7.02,7.02
6412,john brown,23.0,barajasstad,110,fresh milk,dairy,2024-05-16,1.0,15.64,15.64
6413,eric fox,21.0,williamstown,121,almond butter,snack,2024-05-30,1.0,13.71,13.71
6414,thomas smith,23.0,baileyton,144,kale,snack,2024-06-22,4.0,1.71,6.84
6415,christopher fox,75.0,sharonview,164,granola,vegetable,2024-02-03,3.0,14.51,43.53
6416,mary franklin,79.0,east oliviaborough,123,fresh milk,vegetable,2024-08-08,2.0,19.32,38.64
6417,amy delacruz,43.0,danielleport,187,almond butter,organic,2024-07-05,2.0,2.98,5.96
6418,timothy levine,49.0,south kari,111,fresh milk,dairy,2024-10-11,1.0,12.07,12.07
6419,richard kelly,41.0,maryburgh,119,almond butter,dairy,2024-06-17,2.0,17.54,35.08
6420,patricia torres,47.0,easn raymondport,120,almond butter,organic,2024-10-06,1.0,5.79,5.79
6421,rhonda vaughn,54.0,emmaborough,146,kale,vegetable,2024-04-23,1.0,5.79,5.79
6422,justin simmons,28.0,south alexanderhaven,104,tofu,vegetable,2024-10-22,1.0,12.66,12.66
6424,john phillips,65.0,richardville,173,kale,vegetable,2024-05-03,2.0,11.23,22.46
6425,eduardo fisher,36.0,north kenneth,181,almond butter,organic,2024-02-11,1.0,9.96,9.96
6426,sally gardner,55.0,port davidstad,132,kale,snack,2024-05-18,2.0,16.58,33.16
6427,alex jones,79.0,west joanne,101,fresh milk,dairy,2024-07-29,3.0,12.12,36.36
6428,derek martinez,35.0,west tinabury,147,almond butter,snack,2024-09-04,1.0,9.9,9.9
6429,barbara mason,22.0,new heatherchester,142,almond butter,vegetable,2024-02-25,1.0,16.49,16.49
6430,kaitlyn alvarez,55.0,new ryanview,121,organic apples,organic,2024-06-28,1.0,2.22,2.22
6431,belinda cordova,65.0,port bradley,196,kale,organic,2024-07-24,2.0,9.11,18.22
6432,robert brown,43.0,south susan,172,kale,dairy,2024-05-05,3.0,4.62,13.86
6433,shawn dixon,50.0,jamesmouth,188,organic apples,snack,2024-08-09,2.0,5.48,10.96
6434,kevin reed,41.0,russellport,118,organic apples,snack,2024-02-09,2.0,5.99,11.98
6435,john schmidt,55.0,johnshire,131,granola,dairy,2024-04-29,4.0,5.0,20.0
6436,derrick holloway,39.0,williamsshire,158,granola,dairy,2024-06-15,1.0,6.03,6.03
6437,robert roberts,58.0,meyerstown,133,tofu,organic,2024-07-31,2.0,16.02,32.04
6438,jeremy lawrence,62.0,greenmouth,159,organic apples,organic,2024-08-30,4.0,18.0,72.0
6439,ryan williamson,30.0,colleenfort,158,tofu,snack,2024-08-14,3.0,9.44,28.32
6440,kevin tanner,35.0,port donnastad,153,granola,snack,2024-07-11,3.0,5.31,15.93
6441,roy walker,73.0,east michael,175,tofu,dairy,2024-01-17,4.0,17.75,71.0
6443,derek dunn,77.0,schaeferton,195,tofu,vegetable,2024-02-03,3.0,6.45,19.35
6444,richard johnson,40.0,north ronaldside,112,almond butter,vegetable,2024-05-16,2.0,10.97,21.94
6445,donald black,29.0,east tiffany,174,tofu,vegetable,2024-05-25,1.0,12.83,12.83
6446,cheryl sawyer,77.0,lake adamburgh,186,granola,organic,2024-03-02,1.0,1.19,1.19
6447,mary dillon,46.0,haleyfort,104,granola,vegetable,2024-04-29,3.0,11.1,33.3
6448,bryan holmes,45.0,thomasshire,106,fresh milk,organic,2024-09-24,1.0,14.14,14.14
6449,deborah lozano,29.0,debraberg,166,almond butter,organic,2024-01-07,1.0,2.6,2.6
6450,jennifer love,24.0,south oscarburgh,167,granola,snack,2024-07-28,1.0,5.17,5.17
6451,ashley smith,72.0,murphymouth,153,granola,organic,2024-06-28,3.0,10.63,31.89
6452,thomas ferguson,64.0,dudleymouth,170,granola,dairy,2024-04-22,4.0,9.37,37.48
6453,jessica hernandez,63.0,huntermouth,117,organic apples,vegetable,2024-04-10,4.0,16.61,66.44
6454,diana johnson,43.0,elizabethfurt,149,tofu,vegetable,2024-07-28,2.0,9.0,18.0
6455,lisa vincent,79.0,lake rachael,145,almond butter,dairy,2024-05-07,3.0,8.2,24.6
6456,natalie smith,79.0,millerbury,134,tofu,organic,2024-10-29,4.0,11.29,45.16
6457,nicole russo,54.0,huynhmouth,187,tofu,dairy,2024-03-02,2.0,9.26,18.52
6458,antonio cox,44.0,south david,120,almond butter,organic,2024-07-28,2.0,10.19,20.38
6459,maureen stewart,22.0,kristyland,122,kale,vegetable,2024-04-21,1.0,8.03,8.03
6460,alexander hanson,23.0,east brian,102,granola,organic,2024-02-25,1.0,12.07,12.07
6461,mr. brian hodges,31.0,jenniferstad,107,fresh milk,organic,2024-05-13,2.0,4.5,9.0
6462,suzanne gonzalez,42.0,east allen,122,kale,snack,2024-07-08,3.0,18.14,54.42
6463,robert moreno,65.0,mooreville,124,granola,vegetable,2024-08-14,2.0,6.87,13.74
6464,andrew jones,54.0,south laurabury,182,tofu,vegetable,2024-01-02,3.0,15.17,45.51
6465,pamela crawford dds,62.0,parkview,170,fresh milk,vegetable,2024-05-28,3.0,11.28,33.84
6466,matthew jimenez,69.0,new jennifermouth,163,organic apples,organic,2024-10-29,2.0,6.47,12.94
6467,michael fleming,29.0,south erin,128,fresh milk,organic,2024-05-08,3.0,2.17,6.51
6469,cindy hurley,67.0,lake christopherville,181,granola,dairy,2024-10-25,2.0,13.78,27.56
6470,emily chang,59.0,east michaelland,164,tofu,dairy,2024-05-10,4.0,19.77,79.08
6471,rose smith,55.0,bauerville,107,kale,dairy,2024-09-30,4.0,19.31,77.24
6472,kenneth hansen,42.0,welchshire,111,organic apples,vegetable,2024-02-12,4.0,5.27,21.08
6474,cynthia lee,23.0,port sylvia,134,tofu,vegetable,2024-10-11,2.0,2.39,4.78
6475,larry saunders,47.0,lake ellenberg,153,kale,vegetable,2024-10-25,2.0,3.47,6.94
6476,richard huang,48.0,beanborough,170,tofu,dairy,2024-08-31,4.0,1.34,5.36
6477,isaac hernandez,52.0,port emily,162,kale,snack,2024-06-30,1.0,19.72,19.72
6478,brandy johnson,75.0,kanetown,100,almond butter,snack,2024-10-30,1.0,5.07,5.07
6479,jonathan thompson,36.0,east dianatown,106,kale,vegetable,2024-11-06,4.0,2.92,11.68
6480,james ford,33.0,susanmouth,117,kale,organic,2024-02-10,3.0,2.2,6.6000000000000005
6481,laura perez,70.0,port vanessachester,119,kale,organic,2024-04-10,2.0,16.8,33.6
6482,jonathan pierce,78.0,new sheri,100,granola,snack,2024-07-23,166.0,11.36,1885.76
6483,jill mccarthy,40.0,east kimberly,115,organic apples,vegetable,2024-11-02,3.0,18.92,56.760000000000005
6484,frank williams,55.0,fletchertown,176,kale,vegetable,2024-06-20,1.0,11.73,11.73
6485,kevin gordon,48.0,lake patrickfurt,114,fresh milk,snack,2024-07-03,2.0,10.13,20.26
6486,evan alexander,39.0,new jasonside,187,almond butter,organic,2024-04-18,4.0,15.12,60.48
6487,arthur adams,71.0,parkview,180,fresh milk,dairy,2024-11-08,3.0,9.68,29.04
6488,terry clark,43.0,stevenfort,100,kale,dairy,2024-08-28,1.0,2.04,2.04
6489,mary martinez,44.0,north michaelmouth,185,organic apples,organic,2024-06-30,1.0,12.25,12.25
6490,daniel brown,53.0,woodardtown,114,kale,snack,2024-01-04,1.0,6.04,6.04
6491,zachary walsh,25.0,lake maureenfurt,165,organic apples,organic,2024-03-23,4.0,9.48,37.92
6492,rachel murray,75.0,south scott,157,fresh milk,organic,2024-03-10,3.0,13.98,41.94
6493,timothy johnson,66.0,lake aaron,153,organic apples,dairy,2024-09-21,1.0,4.37,4.37
6494,clifford jones,20.0,port ryan,180,fresh milk,dairy,2024-08-30,2.0,17.06,34.12
6495,emily mccullough,20.0,graveston,173,organic apples,vegetable,2024-08-28,1.0,12.86,12.86
6496,dr. linda mason,65.0,michaelport,116,kale,organic,2024-01-15,3.0,8.41,25.23
6497,megan mcintyre,73.0,sheliaside,119,organic apples,dairy,2024-03-20,3.0,10.72,32.160000000000004
6498,brian ellis,29.0,lake sarahfort,123,fresh milk,vegetable,2024-09-10,2.0,1.28,2.56
6499,crystal webb,54.0,west tanyaville,173,kale,organic,2024-06-14,2.0,7.97,15.94
6500,peter robinson,54.0,port patricia,130,granola,organic,2024-04-25,1.0,4.36,4.36
6501,kimberly stewart,42.0,south joseph,143,tofu,dairy,2024-02-13,4.0,18.04,72.16
6502,michael morgan,72.0,south jacqueline,140,fresh milk,organic,2024-06-06,2.0,1.16,2.32
6503,robert harrison,71.0,ellismouth,113,almond butter,vegetable,2024-04-05,4.0,11.82,47.28
6504,denise mitchell,39.0,stevenstad,163,kale,vegetable,2024-06-01,4.0,1.67,6.68
6505,yolanda jefferson,47.0,port maria,186,organic apples,dairy,2024-09-16,1.0,14.52,14.52
6506,jonathan ramos,36.0,lake chloechester,171,organic apples,snack,2024-08-22,2.0,2.38,4.76
6508,john lyons,38.0,east roger,138,granola,snack,2024-05-05,3.0,7.22,21.66
6509,steven fuller,57.0,joannatown,195,almond butter,vegetable,2024-11-05,3.0,9.2,27.6
6510,pamela sanchez,20.0,sarahfort,190,tofu,snack,2024-02-11,3.0,10.28,30.84
6511,mrs. kathy nelson,53.0,lake miguel,162,kale,vegetable,2024-07-24,4.0,13.74,54.96
6512,ashley torres,63.0,north steven,141,organic apples,dairy,2024-05-07,2.0,18.81,37.62
6513,andre suarez,36.0,new michael,124,tofu,snack,2024-04-23,4.0,13.05,52.2
6514,thomas vaughn,25.0,south steveland,173,organic apples,snack,2024-01-07,3.0,14.42,43.26
6516,laura webb,30.0,south matthewbury,119,organic apples,vegetable,2024-04-18,1.0,8.9,8.9
6517,jim mendoza,18.0,bridgesstad,149,almond butter,dairy,2024-02-18,3.0,19.29,57.87
6518,mary walker,22.0,fisherfort,124,granola,vegetable,2024-11-07,2.0,15.74,31.48
6519,katie marshall,50.0,port saraside,195,tofu,snack,2024-06-08,1.0,10.64,10.64
6520,christopher arnold,43.0,elizabethbury,114,almond butter,vegetable,2024-02-04,4.0,13.47,53.88
6521,kelly coleman,67.0,ashleyland,164,almond butter,vegetable,2024-04-03,3.0,17.64,52.92
6522,kelly allen,45.0,harrischester,145,kale,snack,2024-07-27,3.0,11.79,35.37
6523,eric haynes,22.0,osbornburgh,105,fresh milk,vegetable,2024-07-19,3.0,16.11,48.33
6524,barbara anthony,53.0,north bobby,144,granola,organic,2024-04-12,3.0,12.31,36.93
6525,luke palmer,78.0,new george,149,tofu,dairy,2024-09-03,4.0,3.19,12.76
6527,crystal cruz,54.0,lake tyler,108,organic apples,dairy,2024-10-05,1.0,8.74,8.74
6528,blake brown,70.0,west adrianborough,125,tofu,dairy,2024-10-16,1.0,18.74,18.74
6529,michelle roberts,47.0,west charles,153,almond butter,snack,2024-10-21,2.0,14.32,28.64
6530,amanda boyer,30.0,north julia,129,fresh milk,vegetable,2024-09-02,3.0,12.42,37.26
6531,brittany byrd,68.0,north lindsay,136,organic apples,snack,2024-01-15,2.0,12.78,25.56
6532,kristen carter,30.0,west brianchester,116,kale,vegetable,2024-03-12,2.0,16.82,33.64
6533,johnny david,32.0,east nathanbury,121,organic apples,dairy,2024-06-28,3.0,12.51,37.53
6535,shannon ross,48.0,maryville,179,granola,dairy,2024-04-09,2.0,17.26,34.52
6536,brenda long,38.0,raymondborough,104,almond butter,snack,2024-10-25,4.0,6.29,25.16
6537,emily murphy,18.0,new reneefurt,190,kale,organic,2024-03-08,2.0,9.36,18.72
6538,stacey brown,62.0,new ambermouth,106,kale,dairy,2024-08-11,2.0,3.05,6.1
6539,melissa lynch,38.0,staceystad,186,fresh milk,vegetable,2024-05-26,1.0,1.8,1.8
6540,joel campbell dds,43.0,port logan,127,granola,snack,2024-11-08,4.0,18.63,74.52
6541,earl day,58.0,port christine,131,tofu,dairy,2024-06-07,3.0,17.96,53.88
6542,richard berg,26.0,east wendy,162,organic apples,dairy,2024-09-05,1.0,15.72,15.72
6543,kaitlin vazquez,59.0,cynthiatown,162,almond butter,vegetable,2024-06-16,1.0,17.45,17.45
6544,pamela evans,68.0,new joshua,109,almond butter,organic,2024-03-04,2.0,4.45,8.9
6545,pamela phillips,43.0,jeremyshire,131,fresh milk,dairy,2024-10-21,1.0,1.77,1.77
6546,brandi davenport,70.0,lake mariatown,192,organic apples,organic,2024-04-10,4.0,1.32,5.28
6547,brandon lane,71.0,south laurabury,101,kale,organic,2024-10-03,1.0,12.52,12.52
6548,michelle ford,28.0,east donnaberg,183,organic apples,organic,2024-04-22,2.0,3.11,6.22
6549,john johnson dvm,37.0,port adamport,191,granola,dairy,2024-02-04,2.0,8.84,17.68
6550,justin rogers,32.0,north annaville,147,fresh milk,snack,2024-02-11,4.0,16.95,67.8
6551,amber khan,39.0,michaelhaven,130,granola,snack,2024-04-03,3.0,13.7,41.1
6552,sarah thompson,27.0,west josemouth,174,kale,organic,2024-06-21,2.0,7.61,15.22
6553,yolanda warner,79.0,francobury,156,organic apples,organic,2024-08-26,1.0,6.63,6.63
6554,kathleen wood,41.0,lake jonathan,141,kale,vegetable,2024-06-08,3.0,1.09,3.2700000000000005
6555,ashley ortiz,49.0,garyside,188,fresh milk,vegetable,2024-03-27,2.0,12.02,24.04
6556,james johnson,53.0,ryanton,128,fresh milk,organic,2024-07-06,3.0,18.09,54.27
6557,madison mejia,58.0,west elizabethhaven,113,kale,snack,2024-02-29,3.0,13.39,40.17
6558,cory grimes,27.0,new juliaton,144,almond butter,dairy,2024-10-12,2.0,15.58,31.16
6559,christopher harris,68.0,north danielhaven,150,almond butter,vegetable,2024-08-10,2.0,18.12,36.24
6560,kimberly brown,46.0,waltersside,181,granola,vegetable,2024-02-27,1.0,6.98,6.98
6561,lisa james,58.0,dylanton,160,kale,snack,2024-07-23,4.0,9.64,38.56
6563,timothy kerr,45.0,north pamela,164,tofu,snack,2024-08-02,4.0,19.37,77.48
6564,christian mitchell,28.0,north matthewmouth,194,almond butter,dairy,2024-10-15,2.0,3.61,7.22
6565,tina mahoney,41.0,lake anthony,191,almond butter,vegetable,2024-06-07,3.0,11.53,34.59
6566,kari brock,73.0,west jacob,157,fresh milk,vegetable,2024-01-30,4.0,17.91,71.64
6568,scott nelson,30.0,michaelmouth,119,tofu,snack,2024-08-10,4.0,2.87,11.48
6569,nathan stevens,62.0,south heather,108,organic apples,vegetable,2024-03-16,1.0,4.21,4.21
6570,anna pena,66.0,nunezbury,172,almond butter,snack,2024-07-04,1.0,9.9,9.9
6571,brandon summers,79.0,new maryberg,186,granola,organic,2024-02-03,2.0,10.94,21.88
6572,caleb simpson,60.0,port gabriela,178,organic apples,vegetable,2024-06-30,4.0,19.82,79.28
6573,rebecca lopez,39.0,west trevor,175,granola,vegetable,2024-02-18,4.0,5.75,23.0
6574,john higgins,68.0,new deborah,140,almond butter,dairy,2024-09-27,3.0,4.07,12.21
6575,connie rice,57.0,south melissa,110,kale,organic,2024-02-06,3.0,10.91,32.730000000000004
6577,richard barrett,18.0,east matthew,197,fresh milk,organic,2024-08-25,2.0,12.19,24.38
6578,nicholas hill,70.0,stephanietown,103,almond butter,snack,2024-05-31,2.0,11.71,23.42
6579,sara vance,50.0,grayside,137,kale,snack,2024-08-07,1.0,4.91,4.91
6580,susan matthews,67.0,edwardside,157,fresh milk,vegetable,2024-08-07,1.0,18.81,18.81
6581,john lee,45.0,new anthony,136,granola,vegetable,2024-09-25,1.0,8.36,8.36
6582,tracy price,22.0,south donna,111,fresh milk,snack,2024-02-22,1.0,10.83,10.83
6583,connor williams,50.0,port trevorstad,120,organic apples,snack,2024-08-16,1.0,12.02,12.02
6584,riley landry,34.0,brendabury,113,almond butter,vegetable,2024-04-19,2.0,12.41,24.82
6585,jeffrey white,44.0,new joelborough,196,granola,organic,2024-02-17,3.0,18.85,56.55
6586,ashley lynch,36.0,north keith,170,fresh milk,snack,2024-09-08,3.0,5.96,17.88
6587,felicia acevedo,59.0,south jon,148,tofu,vegetable,2024-10-01,4.0,4.3,17.2
6588,marcus horton,66.0,port karentown,166,organic apples,dairy,2024-08-06,3.0,19.7,59.1
6589,kathleen lee,47.0,lake john,165,kale,dairy,2024-01-21,3.0,1.48,4.44
6590,tyler mcconnell,55.0,johnsonburgh,199,kale,dairy,2024-08-02,1.0,2.06,2.06
6591,mr. michael collier,64.0,west alyssa,170,almond butter,snack,2024-11-01,1.0,10.12,10.12
6592,alexandria santiago,40.0,new ryan,139,almond butter,dairy,2024-09-05,4.0,19.97,79.88
6593,michelle martinez,64.0,marychester,195,fresh milk,snack,2024-07-26,2.0,13.5,27.0
6594,nicole lopez,44.0,tranmouth,108,fresh milk,organic,2024-04-08,4.0,10.78,43.12
6595,ashley smith,22.0,north robert,107,kale,organic,2024-03-31,2.0,2.69,5.38
6596,steven gomez,28.0,carlosview,174,almond butter,dairy,2024-03-16,4.0,7.49,29.96
6597,laura white,71.0,leebury,122,granola,vegetable,2024-10-30,3.0,2.97,8.91
6598,michael ford,44.0,rochaburgh,176,organic apples,dairy,2024-06-10,4.0,14.55,58.2
6599,wendy frank,50.0,north michelletown,151,organic apples,vegetable,2024-05-25,4.0,3.97,15.88
6600,kimberly wood,78.0,lake christymouth,128,granola,snack,2024-07-20,2.0,13.24,26.48
6601,hunter gray,64.0,marymouth,119,organic apples,organic,2024-01-19,3.0,13.05,39.150000000000006
6602,james wagner,38.0,south stephanieton,175,tofu,snack,2024-07-26,2.0,16.83,33.66
6603,dr. alice hayes,62.0,reynoldsbury,112,fresh milk,dairy,2024-04-08,2.0,15.59,31.18
6604,amy collins,20.0,carpentertown,171,fresh milk,vegetable,2024-01-06,3.0,13.4,40.2
6605,joseph hardy,66.0,lake tony,111,granola,snack,2024-10-07,3.0,3.61,10.83
6606,anthony wolf,47.0,port erica,118,almond butter,vegetable,2024-09-28,4.0,3.95,15.8
6607,tiffany moody,77.0,south davidport,149,granola,organic,2024-01-18,4.0,6.32,25.28
6608,michael moran,70.0,south peterborough,101,tofu,dairy,2024-06-25,1.0,6.91,6.91
6610,craig schmitt,60.0,lake scott,184,granola,organic,2024-09-14,4.0,16.95,67.8
6611,lindsey watson,71.0,lake kristenhaven,192,fresh milk,organic,2024-01-28,4.0,15.99,63.96
6612,james carter,40.0,west angela,123,kale,dairy,2024-10-28,1.0,16.52,16.52
6613,alex flowers,40.0,north sandraview,189,granola,organic,2024-07-26,3.0,3.29,9.87
6614,elizabeth smith,39.0,lewiston,103,kale,organic,2024-01-30,3.0,11.16,33.480000000000004
6615,erin rodriguez,57.0,timothyside,136,kale,dairy,2024-09-13,3.0,14.93,44.79
6616,daniel gentry,63.0,sergioville,143,almond butter,vegetable,2024-09-24,2.0,18.44,36.88
6617,chad benson,21.0,new meganstad,177,almond butter,vegetable,2024-04-28,3.0,19.38,58.14
6618,daniel pratt,22.0,brownville,111,granola,organic,2024-06-24,1.0,13.53,13.53
6620,frank edwards,69.0,north brandonport,199,almond butter,vegetable,2024-05-01,1.0,9.94,9.94
6621,kathryn hodges,63.0,johnsonview,107,organic apples,snack,2024-06-02,4.0,7.7,30.8
6622,joshua marshall,19.0,smithmouth,140,organic apples,snack,2024-04-02,1.0,16.49,16.49
6623,michelle silva,60.0,rogerborough,185,granola,dairy,2024-01-24,2.0,16.93,33.86
6624,zachary thomas,38.0,timothymouth,181,tofu,snack,2024-04-02,3.0,9.48,28.44
6625,joel hall,57.0,east monica,130,granola,vegetable,2024-06-23,1.0,4.03,4.03
6626,james harrison,74.0,north michael,184,fresh milk,vegetable,2024-02-21,1.0,14.93,14.93
6627,christopher townsend,74.0,holand,147,almond butter,dairy,2024-03-30,3.0,9.97,29.910000000000004
6628,faith henry,32.0,taylorbury,184,kale,organic,2024-03-24,2.0,12.45,24.9
6629,kristen mathis,71.0,lake bonnieborough,194,fresh milk,vegetable,2024-02-11,3.0,15.67,47.01
6630,jeffrey johnson,26.0,ashleyburgh,173,granola,organic,2024-10-31,1.0,10.86,10.86
6631,anna scott,49.0,mayhaven,185,kale,organic,2024-06-16,3.0,1.22,3.66
6632,suzanne evans,77.0,connerport,199,tofu,organic,2024-09-14,3.0,11.82,35.46
6633,kimberly ballard,59.0,north amberville,125,fresh milk,organic,2024-03-16,4.0,18.47,73.88
6634,michaela russell,51.0,melissafurt,119,tofu,snack,2024-03-19,2.0,13.83,27.66
6635,penny ponce dds,42.0,phamburgh,117,kale,snack,2024-09-28,1.0,1.03,1.03
6636,randall ferguson,49.0,munozburgh,151,kale,dairy,2024-04-09,2.0,15.26,30.52
6637,jill walters,61.0,christopherton,154,fresh milk,snack,2024-10-26,4.0,7.65,30.6
6638,darlene foster,71.0,joantown,126,granola,organic,2024-01-20,1.0,7.17,7.17
6639,willie smith,59.0,new gabriela,169,almond butter,vegetable,2024-08-21,4.0,15.56,62.24
6640,jeffrey zimmerman,43.0,south tinatown,193,almond butter,snack,2024-06-21,1.0,3.88,3.88
6641,danielle stevens,74.0,port kendratown,100,organic apples,dairy,2024-04-17,3.0,5.05,15.15
6642,eric hendrix,40.0,conleytown,198,kale,vegetable,2024-07-29,1.0,19.0,19.0
6643,anthony harding,67.0,north james,165,tofu,vegetable,2024-03-09,1.0,4.47,4.47
6644,kenneth brown,48.0,angelahaven,161,almond butter,organic,2024-10-22,2.0,4.5,9.0
6645,antonio ryan,58.0,jesusland,130,tofu,snack,2024-08-05,3.0,5.76,17.28
6646,katherine becker,22.0,north victoriaville,170,kale,snack,2024-09-29,2.0,3.54,7.08
6647,zachary pacheco,78.0,melissaside,120,organic apples,snack,2024-05-08,4.0,12.14,48.56
6648,steven shaw,32.0,andersonshire,170,kale,dairy,2024-08-04,4.0,13.85,55.4
6649,rachel patterson,23.0,east hannah,128,granola,organic,2024-10-21,1.0,12.43,12.43
6650,william moore,44.0,lake rachelhaven,114,kale,snack,2024-05-17,2.0,8.66,17.32
6651,paige anderson,52.0,port tiffany,147,almond butter,organic,2024-02-10,4.0,11.47,45.88
6652,jeffrey orr,59.0,kellyview,189,almond butter,organic,2024-03-18,1.0,12.0,12.0
6653,richard ayala,53.0,lopezside,101,granola,dairy,2024-05-11,3.0,16.24,48.72
6654,jamie morris,39.0,joneschester,173,fresh milk,organic,2024-04-21,2.0,9.98,19.96
6655,gregory berg,66.0,west stephanieview,144,tofu,vegetable,2024-03-17,1.0,3.08,3.08
6656,jennifer wood,50.0,port marie,170,fresh milk,dairy,2024-06-12,4.0,2.25,9.0
6657,bradley bennett,22.0,gomezmouth,118,fresh milk,dairy,2024-02-11,2.0,1.19,2.38
6658,angela hartman,60.0,port kyle,145,granola,snack,2024-05-06,1.0,7.9,7.9
6659,curtis hunter,37.0,new joshua,133,fresh milk,vegetable,2024-07-18,2.0,7.49,14.98
6660,jason jackson,38.0,marcusview,129,tofu,organic,2024-03-26,3.0,12.44,37.32
6661,amber alexander,49.0,east anthonyport,106,organic apples,snack,2024-02-26,1.0,19.06,19.06
6662,sarah fuentes,57.0,paulbury,165,fresh milk,snack,2024-07-01,3.0,6.55,19.65
6663,pamela maxwell,36.0,michellebury,198,organic apples,snack,2024-09-15,2.0,3.48,6.96
6664,michael mosley,58.0,west justin,195,organic apples,snack,2024-01-13,3.0,7.63,22.89
6665,james lee,45.0,danielborough,178,almond butter,vegetable,2024-09-28,1.0,10.66,10.66
6666,christopher dorsey,27.0,lake janice,125,tofu,snack,2024-04-24,1.0,16.73,16.73
6667,miss regina lewis md,57.0,susanshire,172,organic apples,snack,2024-02-06,3.0,8.54,25.62
6668,michelle hancock,25.0,north johnton,135,kale,vegetable,2024-04-16,3.0,8.94,26.82
6669,linda scott,70.0,silvachester,190,fresh milk,snack,2024-01-06,3.0,1.6,4.800000000000001
6670,diana bernard,43.0,port jessica,185,granola,organic,2024-08-25,3.0,18.18,54.54
6671,christian jones,56.0,port james,179,granola,vegetable,2024-10-27,3.0,7.77,23.31
6672,timothy yoder,44.0,new samanthachester,106,tofu,organic,2024-01-20,1.0,4.6,4.6
6673,sherry yoder,26.0,patriciaburgh,146,kale,organic,2024-01-16,4.0,18.84,75.36
6674,rachael smith,45.0,bergerburgh,136,kale,snack,2024-09-26,4.0,4.61,18.44
6675,michael martinez,43.0,west marioside,168,organic apples,dairy,2024-05-04,4.0,19.8,79.2
6676,karen hamilton,22.0,new jamesfurt,156,granola,dairy,2024-07-03,3.0,5.22,15.66
6677,samantha ingram,42.0,jameshaven,199,tofu,organic,2024-09-26,3.0,12.01,36.03
6678,dustin maldonado,68.0,lake andrewmouth,163,granola,vegetable,2024-03-11,2.0,5.58,11.16
6679,jeffrey valentine,74.0,jeffreytown,172,kale,organic,2024-01-04,1.0,9.83,9.83
6680,lynn hall,71.0,south joseph,114,kale,organic,2024-09-02,4.0,5.17,20.68
6681,lindsay patel,49.0,east roger,188,tofu,organic,2024-09-24,2.0,5.59,11.18
6683,james griffin,53.0,east ryan,101,granola,vegetable,2024-03-18,4.0,16.19,64.76
6684,kelly schneider,19.0,patrickborough,190,granola,organic,2024-04-14,1.0,7.95,7.95
6685,anthony conley,70.0,east connor,187,fresh milk,snack,2024-11-06,4.0,16.48,65.92
6686,frederick white,69.0,west christy,134,organic apples,organic,2024-01-27,2.0,7.38,14.76
6687,mary stanley,73.0,east alyssaland,129,fresh milk,snack,2024-06-01,1.0,6.38,6.38
6688,ariana dickerson,68.0,colonshire,186,kale,snack,2024-11-04,4.0,9.69,38.76
6689,stephanie clay,41.0,campbellshire,103,tofu,organic,2024-04-02,4.0,19.59,78.36
6690,catherine morales,40.0,south shane,189,kale,vegetable,2024-05-29,4.0,8.49,33.96
6691,nicole lambert,34.0,west gabrielleburgh,185,kale,organic,2024-04-21,4.0,12.85,51.4
6692,katrina brooks,43.0,alexandramouth,122,almond butter,organic,2024-10-10,3.0,9.34,28.02
6694,cory thompson,35.0,lake jason,109,granola,organic,2024-01-27,4.0,12.38,49.52
6695,angela garcia,69.0,lake alyssaport,189,granola,snack,2024-02-17,1.0,16.32,16.32
6696,heather ochoa,42.0,williamton,185,organic apples,dairy,2024-10-01,1.0,5.4,5.4
6697,lisa hodge,40.0,matthewtown,109,kale,dairy,2024-09-13,2.0,2.12,4.24
6698,sheila white,41.0,lake jennifer,129,kale,snack,2024-04-13,1.0,18.55,18.55
6699,beth allison,30.0,east lauren,185,almond butter,organic,2024-08-02,2.0,13.89,27.78
6700,timothy hill,20.0,new luis,135,granola,organic,2024-02-17,4.0,6.77,27.08
6701,ellen mcdonald,43.0,new rebeccafurt,159,fresh milk,organic,2024-05-11,4.0,14.48,57.92
6702,charles evans,43.0,west veronicafort,135,organic apples,vegetable,2024-03-25,4.0,1.12,4.48
6703,kathryn johnson,67.0,taylorhaven,125,kale,snack,2024-09-30,2.0,324.41,648.82
6704,christopher willis,19.0,jeremyport,143,granola,organic,2024-02-21,2.0,5.55,11.1
6705,melanie kelley,55.0,lake spencerburgh,104,almond butter,vegetable,2024-02-18,3.0,4.27,12.81
6706,edward hess,26.0,kristinaville,160,fresh milk,snack,2024-04-15,1.0,3.53,3.53
6707,christopher harris,27.0,hernandezchester,146,tofu,snack,2024-04-06,4.0,14.24,56.96
6710,lisa strickland,42.0,jacksontown,174,almond butter,dairy,2024-03-16,2.0,15.08,30.16
6711,ryan lawson,30.0,armstrongview,157,tofu,vegetable,2024-05-12,4.0,17.09,68.36
6712,courtney lopez,72.0,justinport,120,granola,snack,2024-05-12,2.0,19.35,38.7
6714,sharon lane,45.0,south roberthaven,166,organic apples,organic,2024-08-22,2.0,10.98,21.96
6715,gail gregory,74.0,north anthonyfurt,166,kale,organic,2024-01-17,4.0,16.41,65.64
6716,alyssa pittman,75.0,lake tamara,114,fresh milk,organic,2024-02-11,1.0,1.46,1.46
6717,jason huynh,65.0,west jillchester,152,fresh milk,organic,2024-07-09,4.0,14.23,56.92
6718,nicholas mccormick,28.0,new anthony,103,kale,dairy,2024-04-04,2.0,9.47,18.94
6719,beverly schneider,65.0,port derek,197,tofu,vegetable,2024-02-13,2.0,2.45,4.9
6720,theresa martin,64.0,north christopher,131,tofu,organic,2024-08-16,4.0,19.57,78.28
6721,matthew morris,60.0,east jessicatown,122,tofu,snack,2024-02-27,3.0,5.34,16.02
6722,aaron hill,60.0,ronaldton,117,organic apples,snack,2024-09-03,1.0,7.22,7.22
6723,erica ramsey,65.0,north alexandra,174,kale,organic,2024-11-08,1.0,8.16,8.16
6724,carol moreno,37.0,north tylershire,133,tofu,snack,2024-09-10,3.0,2.89,8.67
6725,dominic huerta,57.0,north christyburgh,153,granola,snack,2024-01-24,3.0,8.93,26.79
6726,shannon wright,26.0,maryside,188,kale,snack,2024-05-14,2.0,19.09,38.18
6727,jorge freeman,50.0,larsonberg,180,fresh milk,dairy,2024-02-20,4.0,11.51,46.04
6728,erica leonard,53.0,new beth,147,kale,vegetable,2024-01-02,1.0,2.96,2.96
6729,david ayala,50.0,hutchinsonmouth,158,granola,snack,2024-10-28,1.0,14.38,14.38
6731,jessica murray,21.0,lake debrafurt,195,organic apples,vegetable,2024-03-04,2.0,16.29,32.58
6732,christopher kim,26.0,kaitlynview,107,fresh milk,snack,2024-08-13,1.0,1.76,1.76
6733,amber matthews,37.0,williamstown,149,kale,organic,2024-01-28,1.0,16.23,16.23
6734,mario marquez,24.0,taylorshire,164,almond butter,vegetable,2024-01-14,1.0,19.01,19.01
6735,linda beck,75.0,leahside,155,granola,vegetable,2024-10-05,3.0,16.08,48.24
6736,erin hawkins,22.0,josephberg,171,fresh milk,vegetable,2024-11-02,3.0,5.29,15.87
6737,sean sherman,56.0,north wesley,155,almond butter,dairy,2024-05-01,3.0,16.55,49.650000000000006
6738,linda mack,49.0,west cynthia,160,tofu,vegetable,2024-06-05,3.0,7.75,23.25
6739,andrew holmes,26.0,lake cynthia,137,organic apples,vegetable,2024-07-10,3.0,14.55,43.650000000000006
6740,christina smith,20.0,patriciastad,186,almond butter,snack,2024-05-16,4.0,16.16,64.64
6741,joseph osborne,78.0,zacharyfurt,174,granola,snack,2024-06-02,3.0,9.11,27.33
6742,felicia craig,79.0,south stephaniefort,109,kale,dairy,2024-01-27,3.0,4.85,14.55
6743,michael montgomery,46.0,lake kimborough,135,tofu,organic,2024-05-13,1.0,17.39,17.39
6744,courtney kim,55.0,west caitlynton,133,organic apples,vegetable,2024-09-01,1.0,4.2,4.2
6745,james kline,42.0,lewismouth,169,tofu,snack,2024-09-26,2.0,4.18,8.36
6746,ashley woods,20.0,port michaelchester,191,organic apples,vegetable,2024-03-30,3.0,2.68,8.040000000000001
6748,michael williams,40.0,hallbury,145,organic apples,organic,2024-10-19,2.0,1.07,2.14
6749,brian swanson,47.0,lindabury,172,kale,organic,2024-04-24,4.0,15.06,60.24
6750,samantha johnson,55.0,north jimmy,131,granola,vegetable,2024-10-29,2.0,8.7,17.4
6751,dawn hamilton,62.0,east barry,121,granola,dairy,2024-09-01,1.0,13.35,13.35
6752,michael lopez,40.0,new michaelburgh,158,fresh milk,organic,2024-01-30,1.0,6.43,6.43
6753,nicole walker,40.0,ariaschester,115,kale,vegetable,2024-04-09,1.0,1.45,1.45
6754,robert turner,49.0,angelashire,100,kale,dairy,2024-02-20,4.0,1.07,4.28
6755,travis wagner,48.0,port johnhaven,155,tofu,snack,2024-01-21,1.0,9.09,9.09
6756,cole hall,48.0,stephanieville,109,almond butter,dairy,2024-05-12,3.0,3.91,11.73
6757,jesus holmes,25.0,andersonside,162,organic apples,snack,2024-08-01,2.0,2.48,4.96
6758,christopher solomon,57.0,west jordan,175,almond butter,vegetable,2024-11-03,2.0,14.67,29.34
6759,joshua morrison,44.0,donnahaven,149,fresh milk,dairy,2024-09-17,3.0,2.59,7.77
6760,chelsea thompson,41.0,bakershire,123,organic apples,organic,2024-06-15,2.0,13.85,27.7
6761,justin jennings,47.0,west christianville,113,organic apples,vegetable,2024-02-22,1.0,9.46,9.46
6762,kelly harris,67.0,north davidfort,122,almond butter,vegetable,2024-10-24,2.0,18.27,36.54
6763,melissa warren,39.0,east john,111,fresh milk,snack,2024-04-18,4.0,11.41,45.64
6764,timothy turner,61.0,carlyton,186,tofu,vegetable,2024-10-22,3.0,13.79,41.37
6765,raymond west,71.0,north william,109,granola,dairy,2024-10-26,2.0,4.18,8.36
6766,jason shaw,39.0,lake diane,160,granola,vegetable,2024-03-30,3.0,11.02,33.06
6767,anthony ho,32.0,lesterland,137,granola,organic,2024-05-18,1.0,3.72,3.72
6768,brittany underwood md,49.0,jeremyberg,111,almond butter,vegetable,2024-07-15,4.0,14.43,57.72
6770,anthony zavala,30.0,joshuastad,138,kale,organic,2024-10-13,3.0,12.11,36.33
6771,heather chang,67.0,port denisefurt,148,kale,vegetable,2024-07-09,2.0,16.73,33.46
6772,shannon carter,47.0,new david,140,fresh milk,dairy,2024-03-02,3.0,11.1,33.3
6773,jeremy mitchell,38.0,east austin,171,almond butter,organic,2024-05-28,3.0,11.15,33.45
6774,kyle dean,41.0,port heatherchester,166,tofu,organic,2024-02-01,2.0,6.62,13.24
6775,alexandra stevens,50.0,south elizabethfort,163,granola,organic,2024-08-18,1.0,18.07,18.07
6776,jennifer acevedo,77.0,lisamouth,171,kale,dairy,2024-08-07,2.0,15.57,31.14
6777,samuel armstrong,33.0,new angelastad,164,organic apples,organic,2024-01-08,2.0,8.37,16.74
6778,brian malone,38.0,robertmouth,151,organic apples,dairy,2024-11-05,1.0,3.9,3.9
6779,eric bishop,29.0,kristenmouth,192,kale,vegetable,2024-01-08,2.0,8.89,17.78
6780,amanda garcia,62.0,east ashleyfurt,159,tofu,organic,2024-03-08,4.0,11.42,45.68
6781,william collins,29.0,blakeshire,109,kale,vegetable,2024-10-05,3.0,1.68,5.04
6782,paul smith,73.0,theodoremouth,134,tofu,dairy,2024-10-08,1.0,16.26,16.26
6783,nicole levine,69.0,lake michaelbury,195,fresh milk,vegetable,2024-07-30,4.0,3.42,13.68
6784,robert moon,41.0,richardfort,181,granola,dairy,2024-01-27,3.0,4.29,12.87
6786,heidi rowe,65.0,port stephanie,198,almond butter,snack,2024-02-04,3.0,17.79,53.37
6788,billy lee,59.0,gibsonborough,173,granola,vegetable,2024-08-13,2.0,4.94,9.88
6789,brittany barton,72.0,andrewport,119,kale,organic,2024-09-23,1.0,6.78,6.78
6790,brandon knox,48.0,north shane,101,almond butter,dairy,2024-07-24,3.0,2.03,6.09
6791,jean jones,76.0,north jamieport,119,granola,vegetable,2024-09-10,4.0,9.85,39.4
6792,joel ballard,21.0,fieldsport,193,kale,vegetable,2024-09-07,3.0,7.43,22.29
6793,jason sexton,71.0,valdezton,192,fresh milk,snack,2024-06-11,3.0,19.94,59.82000000000001
6795,stuart cameron,30.0,franklinberg,154,almond butter,organic,2024-06-03,3.0,5.43,16.29
6796,christine horne,20.0,emilyside,137,granola,organic,2024-10-20,2.0,10.14,20.28
6797,stefanie baldwin,30.0,hernandezville,166,fresh milk,organic,2024-10-27,2.0,2.58,5.16
6798,timothy walker,68.0,christopherstad,152,granola,dairy,2024-06-28,1.0,19.08,19.08
6799,erica jones,59.0,debarahhaven,151,organic apples,snack,2024-02-27,4.0,5.42,21.68
6800,kevin jones,32.0,west jorge,187,almond butter,snack,2024-05-19,2.0,5.21,10.42
6802,brian kennedy,24.0,port victoria,192,organic apples,snack,2024-05-23,3.0,2.07,6.209999999999999
6803,cameron buchanan,55.0,tracyfurt,180,fresh milk,vegetable,2024-01-08,3.0,16.3,48.900000000000006
6804,katherine cervantes,73.0,soulh reginaldton,151,granola,organic,2024-03-29,4.0,15.79,63.16
6805,timothy thomas,68.0,gonzalesbury,153,granola,snack,2024-03-27,2.0,13.81,27.62
6806,david cook,68.0,new anita,137,fresh milk,snack,2024-02-03,1.0,5.0,5.0
6807,david long,57.0,mosesburgh,104,granola,vegetable,2024-10-29,1.0,12.71,12.71
6808,darrell lawrence,39.0,marissachester,184,granola,vegetable,2024-10-12,1.0,15.35,15.35
6809,shannon gonzalez,55.0,south chelseamouth,120,kale,vegetable,2024-08-30,4.0,13.71,54.84
6811,michael ferrell,46.0,south jasonmouth,143,kale,organic,2024-07-10,2.0,455.93,911.86
6812,donald anderson,73.0,caldwellside,118,fresh milk,vegetable,2024-06-01,2.0,13.78,27.56
6813,joseph rodriguez,79.0,new gregory,126,organic apples,snack,2024-05-04,1.0,2.02,2.02
6814,donna morton,69.0,port maxton,118,granola,snack,2024-05-10,1.0,1.66,1.66
6815,tina wilson,40.0,lake ericatown,164,organic apples,dairy,2024-06-18,2.0,10.48,20.96
6816,bruce pace,30.0,west alyssa,115,kale,vegetable,2024-09-03,3.0,5.85,17.549999999999997
6818,shaun jones,58.0,new kristenhaven,177,fresh milk,organic,2024-07-31,2.0,4.99,9.98
6819,michael miller,57.0,christopherstad,148,granola,snack,2024-07-23,3.0,7.28,21.84
6820,tyler harrison,75.0,south juliehaven,169,almond butter,organic,2024-07-10,2.0,13.1,26.2
6822,lisa davis,19.0,west sarahtown,138,kale,snack,2024-10-21,1.0,6.87,6.87
6823,jacqueline silva,59.0,west allisonview,173,kale,snack,2024-06-24,1.0,7.44,7.44
6824,brianna aguirre,61.0,south alyssaville,125,tofu,vegetable,2024-04-07,1.0,2.86,2.86
6826,elizabeth hawkins,64.0,port ryanton,156,fresh milk,snack,2024-09-10,4.0,12.59,50.36
6827,daniel hall,32.0,lake amandachester,136,tofu,dairy,2024-04-24,2.0,18.68,37.36
6828,emma peterson,23.0,raymondview,169,granola,dairy,2024-01-31,4.0,15.6,62.4
6829,benjamin walker,67.0,aliciabury,116,granola,dairy,2024-07-03,1.0,16.45,16.45
6830,russell bradshaw,20.0,west lisa,120,almond butter,organic,2024-07-14,1.0,17.86,17.86
6831,david kramer,25.0,south anthony,104,tofu,vegetable,2024-10-10,2.0,15.92,31.84
6832,heather pruitt,24.0,lake rita,128,kale,dairy,2024-05-08,1.0,16.59,16.59
6833,logan moore,45.0,samanthaland,171,organic apples,vegetable,2024-06-12,3.0,6.03,18.09
6834,carlos contreras,18.0,montoyaberg,155,kale,snack,2024-08-08,2.0,19.33,38.66
6835,kelsey martinez,62.0,new james,178,fresh milk,organic,2024-03-23,4.0,10.79,43.16
6836,jennifer mclean,59.0,johnburgh,119,almond butter,snack,2024-06-19,2.0,1.0,2.0
6837,rachel small,71.0,east peter,125,granola,vegetable,2024-10-04,4.0,452.72,1810.88
6838,daniel mccall,29.0,candiceton,135,fresh milk,snack,2024-07-12,2.0,9.78,19.56
6839,michael jones,29.0,tuckermouth,194,almond butter,dairy,2024-04-07,3.0,428.59,1285.77
6840,shannon estrada md,77.0,amandashire,193,organic apples,dairy,2024-06-16,2.0,4.9,9.8
6842,matthew hunt,73.0,whitneyville,145,organic apples,vegetable,2024-05-17,1.0,5.4,5.4
6843,nathan turner,37.0,sydneyfurt,142,almond butter,snack,2024-01-04,3.0,3.73,11.19
6844,shannon ruiz dds,22.0,ashleyhaven,126,fresh milk,dairy,2024-04-21,4.0,4.62,18.48
6845,cody dean,79.0,jessicaberg,180,organic apples,organic,2024-03-09,3.0,6.33,18.99
6847,betty jones,40.0,west shannon,182,tofu,organic,2024-06-17,4.0,11.75,47.0
6848,tyler obrien,22.0,williamton,124,almond butter,vegetable,2024-07-12,3.0,7.84,23.52
6849,jeanne dillon,57.0,sullivanberg,190,granola,dairy,2024-02-10,1.0,15.52,15.52
6850,andrew robinson,31.0,mannmouth,110,organic apples,organic,2024-08-07,1.0,4.41,4.41
6851,michael peters,32.0,josephhaven,181,tofu,snack,2024-06-19,4.0,17.02,68.08
6852,jennifer rodriguez,31.0,west chaseborough,190,almond butter,organic,2024-08-11,2.0,19.74,39.48
6854,laura mack,39.0,porw robertborough,112,almond butter,dairy,2024-03-01,3.0,8.47,25.410000000000004
6855,nicholas blankenship,73.0,north zachary,177,tofu,dairy,2024-01-21,3.0,9.42,28.26
6856,travis kline,70.0,west joseph,119,organic apples,dairy,2024-01-16,3.0,132.61,397.83
6857,mary bishop,63.0,south adam,181,tofu,dairy,2024-02-25,2.0,1.59,3.18
6858,jimmy morales,38.0,new rebekah,193,kale,snack,2024-09-03,2.0,6.27,12.54
6859,christina clarke,46.0,wernershire,168,kale,vegetable,2024-10-10,1.0,14.29,14.29
6860,april washington,76.0,dawnstad,145,granola,dairy,2024-08-02,3.0,1.84,5.5200000000000005
6861,nicole choi,40.0,east cassandrafort,126,tofu,snack,2024-06-28,1.0,10.86,10.86
6862,michelle ross,24.0,port sean,168,tofu,vegetable,2024-02-09,1.0,12.25,12.25
6863,rebecca pearson,63.0,north jessica,111,tofu,snack,2024-01-23,3.0,7.08,21.24
6864,maria becker,72.0,south catherinefurt,144,kale,dairy,2024-11-07,4.0,18.42,73.68
6865,robert white,43.0,myersside,151,fresh milk,dairy,2024-09-14,3.0,7.74,23.22
6866,michelle heath,39.0,east karina,195,kale,dairy,2024-08-02,1.0,7.59,7.59
6867,sarah schroeder,35.0,south maria,113,organic apples,vegetable,2024-02-01,2.0,7.88,15.76
6868,caroline stokes,65.0,washingtonton,133,kale,snack,2024-02-29,2.0,12.62,25.24
6869,billy williams,70.0,south jesus,189,almond butter,vegetable,2024-08-21,4.0,19.97,79.88
6870,michael cochran,61.0,lisaside,186,almond butter,vegetable,2024-06-20,2.0,10.58,21.16
6871,matthew taylor,29.0,smithville,156,organic apples,organic,2024-02-01,1.0,14.21,14.21
6872,dr. carla lowery dds,21.0,port thomasview,190,granola,vegetable,2024-05-05,3.0,9.21,27.630000000000003
6873,lori gordon,26.0,bryanview,129,almond butter,dairy,2024-07-22,1.0,3.88,3.88
6874,jeffrey villa,30.0,east gina,181,kale,dairy,2024-10-21,1.0,16.41,16.41
6875,edward saunders,64.0,berryborough,198,tofu,snack,2024-09-05,3.0,6.71,20.13
6876,joshua wyatt,30.0,lake monicachester,111,tofu,organic,2024-11-01,4.0,12.25,49.0
6877,ana hill,40.0,quinnburgh,182,organic apples,organic,2024-02-08,2.0,15.93,31.86
6878,nathaniel quinn,68.0,west jennifer,161,fresh milk,snack,2024-01-01,1.0,16.42,16.42
6879,amber carson,34.0,goodwinfort,161,granola,dairy,2024-03-25,1.0,19.91,19.91
6880,jesse myers,42.0,katieshire,158,granola,organic,2024-03-08,2.0,13.63,27.26
6881,antonio morris,19.0,north robert,183,kale,vegetable,2024-05-24,3.0,3.19,9.57
6882,michael lucas,27.0,darleneborough,119,organic apples,snack,2024-07-01,3.0,18.9,56.7
6883,rebecca estrada,78.0,travismouth,175,almond butter,snack,2024-06-19,1.0,17.08,17.08
6884,jillian thomas,73.0,howardborough,189,organic apples,dairy,2024-04-16,1.0,5.31,5.31
6885,nicholas lopez,41.0,lewisberg,136,fresh milk,dairy,2024-01-04,4.0,8.07,32.28
6886,dana miller,54.0,north kyleview,118,organic apples,vegetable,2024-03-13,3.0,5.07,15.21
6888,daniel wilson,56.0,lisaside,153,almond butter,dairy,2024-02-12,1.0,15.5,15.5
6889,courtney todd,46.0,south kristinaburgh,125,granola,snack,2024-06-13,2.0,9.24,18.48
6890,jacob hess,48.0,scottside,161,granola,dairy,2024-03-02,3.0,10.45,31.35
6891,ariana wilson,58.0,east michaelview,157,granola,dairy,2024-02-09,2.0,18.99,37.98
6892,ruth rivera,37.0,north stevenstad,194,organic apples,vegetable,2024-06-14,3.0,14.7,44.1
6893,paul salinas,24.0,ryanberg,187,kale,snack,2024-05-19,1.0,2.76,2.76
6895,michael bishop,32.0,ashleyside,144,fresh milk,organic,2024-07-26,4.0,14.15,56.6
6896,anna alvarado,19.0,jennyhaven,157,organic apples,dairy,2024-10-10,2.0,3.52,7.04
6897,marc lang,43.0,north mark,116,fresh milk,organic,2024-01-23,3.0,9.11,27.33
6898,thomas frazier,46.0,west pamelabury,198,kale,dairy,2024-07-21,2.0,8.02,16.04
6899,cheryl weaver,36.0,shannonhaven,172,granola,dairy,2024-10-18,1.0,14.23,14.23
6900,jill gordon,19.0,haynesborough,175,tofu,vegetable,2024-10-09,2.0,15.5,31.0
6903,joseph reyes,57.0,north tyroneport,116,tofu,organic,2024-10-01,1.0,19.29,19.29
6904,jamie gentry,29.0,lake caseybury,192,kale,organic,2024-05-13,1.0,18.45,18.45
6905,christina hernandez,76.0,west jenniferville,169,kale,snack,2024-09-08,2.0,11.78,23.56
6906,donna hicks,38.0,tinahaven,134,granola,organic,2024-10-02,4.0,11.3,45.2
6908,joshua guerrero,66.0,pora jeremiahborough,124,tofu,organic,2024-07-11,3.0,15.67,47.01
6909,sarah randolph,21.0,south adam,126,almond butter,organic,2024-09-06,4.0,7.43,29.72
6910,timothy baxter,40.0,lake don,199,almond butter,snack,2024-04-14,1.0,6.7,6.7
6911,michelle parker,38.0,maldonadomouth,168,granola,snack,2024-02-19,1.0,12.74,12.74
6912,jennifer ellis,42.0,lake erica,126,granola,vegetable,2024-06-14,3.0,9.72,29.160000000000004
6913,scott reese md,73.0,south darius,114,almond butter,dairy,2024-02-01,2.0,15.91,31.82
6914,harry clark,18.0,dustinstad,198,organic apples,vegetable,2024-02-09,3.0,453.23,1359.69
6915,steven gonzalez,48.0,port ronaldport,152,kale,dairy,2024-02-03,3.0,11.65,34.95
6916,linda green,57.0,robertsmouth,158,granola,vegetable,2024-02-21,2.0,10.62,21.24
6917,andre holmes,45.0,lake james,182,kale,snack,2024-10-15,3.0,8.18,24.54
6918,angel hansen,75.0,brianshire,117,granola,organic,2024-03-26,1.0,10.52,10.52
6919,suzanne huang,40.0,west shawn,151,tofu,organic,2024-08-15,2.0,5.04,10.08
6920,stacey odonnell,30.0,lake stevetown,161,almond butter,organic,2024-04-17,2.0,3.72,7.44
6921,ryan archer,68.0,east nancyborough,131,organic apples,organic,2024-02-04,2.0,6.21,12.42
6922,brenda harding,42.0,brandtmouth,122,fresh milk,snack,2024-08-09,3.0,1.38,4.14
6923,ernest turner,22.0,north williambury,154,fresh milk,vegetable,2024-01-08,1.0,8.59,8.59
6924,amanda wright,57.0,karenchester,187,organic apples,organic,2024-03-29,3.0,8.93,26.79
6925,michele allen,38.0,amyberg,173,granola,dairy,2024-02-19,3.0,1.73,5.19
6926,mandy martin,34.0,rosstown,108,organic apples,vegetable,2024-04-16,4.0,10.68,42.72
6927,heather bruce,45.0,west maryport,186,granola,vegetable,2024-04-15,4.0,2.7,10.8
6928,michael johnson,65.0,perezside,162,fresh milk,vegetable,2024-04-08,2.0,15.86,31.72
6929,jessica rodriguez,65.0,new courtneyshire,183,almond butter,snack,2024-11-05,3.0,19.97,59.91
6930,andrea smith,77.0,davisshire,197,organic apples,organic,2024-02-20,3.0,11.05,33.150000000000006
6931,andrew kramer,74.0,east shawn,191,fresh milk,organic,2024-09-30,4.0,19.59,78.36
6932,jose thompson,30.0,amyland,168,almond butter,vegetable,2024-08-18,1.0,10.53,10.53
6933,kathy farrell,71.0,lake tammy,135,granola,dairy,2024-05-06,3.0,16.1,48.3
6934,curtis armstrong,64.0,north michael,175,organic apples,vegetable,2024-09-24,3.0,7.72,23.16
6935,marcus garza,76.0,south nicoleside,192,granola,vegetable,2024-01-07,2.0,4.13,8.26
6936,molly hughes,57.0,martinbury,180,organic apples,snack,2024-03-01,3.0,7.83,23.49
6937,raymond garcia,23.0,hugheshaven,169,fresh milk,dairy,2024-04-15,2.0,14.03,28.06
6938,todd pugh,39.0,lake sheila,168,kale,organic,2024-06-09,3.0,3.46,10.38
6939,brenda sampson,72.0,east kennethbury,130,granola,vegetable,2024-09-24,2.0,6.85,13.7
6940,darryl edwards,31.0,marshallberg,124,granola,vegetable,2024-07-28,4.0,16.57,66.28
6941,amanda cantu,51.0,donaldchester,147,granola,dairy,2024-03-16,2.0,11.33,22.66
6942,mary jones,22.0,jenniferborough,161,almond butter,vegetable,2024-08-12,4.0,14.01,56.04
6944,michelle buck,72.0,robertstad,177,organic apples,snack,2024-01-25,3.0,7.79,23.37
6945,travis hunt,65.0,west dana,182,kale,dairy,2024-10-07,2.0,6.2,12.4
6946,lisa smith,44.0,floreston,161,organic apples,dairy,2024-05-30,2.0,19.05,38.1
6947,blake simmons,24.0,lake kristina,130,almond butter,snack,2024-10-07,2.0,19.54,39.08
6948,louis mccarty,35.0,south robertland,120,granola,organic,2024-06-16,3.0,6.76,20.28
6949,jennifer miller,35.0,briantown,126,fresh milk,vegetable,2024-08-03,1.0,8.46,8.46
6950,nathan clark,31.0,rayside,111,tofu,organic,2024-04-15,1.0,12.87,12.87
6951,karen taylor,70.0,robertsfurt,186,organic apples,organic,2024-06-26,3.0,2.22,6.66
6952,douglas tucker,39.0,east stevenfort,103,tofu,vegetable,2024-07-01,4.0,13.43,53.72
6953,nichole vega,20.0,webbchester,157,tofu,snack,2024-03-25,2.0,8.72,17.44
6954,cindy lewis,66.0,mannport,187,kale,vegetable,2024-05-05,2.0,6.11,12.22
6955,diane shaffer,31.0,lake francis,137,organic apples,dairy,2024-10-09,2.0,5.3,10.6
6956,douglas smith,19.0,north erica,146,granola,vegetable,2024-08-23,4.0,6.95,27.8
6957,cynthia castillo,27.0,new mark,121,granola,snack,2024-11-05,3.0,4.85,14.55
6958,bradley ross,40.0,new markside,149,kale,organic,2024-06-07,4.0,19.91,79.64
6959,jesus smith,68.0,keithchester,162,almond butter,dairy,2024-08-10,3.0,17.93,53.79
6960,devin hicks,38.0,south kathleen,132,tofu,organic,2024-07-04,1.0,9.64,9.64
6961,rachel valdez,71.0,port katelynborough,152,almond butter,organic,2024-05-30,4.0,19.87,79.48
6962,edward martinez,60.0,west arielhaven,180,organic apples,vegetable,2024-03-16,3.0,19.63,58.89
6963,maurice travis,51.0,east william,176,kale,snack,2024-04-19,2.0,19.26,38.52
6964,annette thomas,24.0,east dennis,186,granola,dairy,2024-08-11,2.0,7.03,14.06
6965,alexis hahn,19.0,jaimeland,147,organic apples,dairy,2024-09-05,4.0,15.62,62.48
6966,amy cunningham,33.0,thomasborough,184,tofu,vegetable,2024-07-04,4.0,1.49,5.96
6967,rebecca newton,77.0,port abigail,113,kale,snack,2024-02-29,3.0,7.19,21.57
6968,joshua leonard,31.0,bakerhaven,107,kale,vegetable,2024-07-23,4.0,16.95,67.8
6969,ashley conley,22.0,lake misty,104,almond butter,dairy,2024-03-17,1.0,14.04,14.04
6970,wayne simpson,25.0,aliciaburgh,173,granola,dairy,2024-10-01,3.0,19.3,57.900000000000006
6971,johnny moore,23.0,new peter,199,organic apples,vegetable,2024-08-08,2.0,9.01,18.02
6972,derek lutz,49.0,port john,179,kale,organic,2024-04-15,4.0,8.81,35.24
6973,daisy baker,22.0,lisabury,171,organic apples,organic,2024-08-07,4.0,12.27,49.08
6974,wendy martin,67.0,north tommy,109,granola,organic,2024-01-30,3.0,17.8,53.400000000000006
6975,diane anderson,32.0,pattersonport,155,fresh milk,vegetable,2024-04-13,2.0,2.72,5.44
6976,michael ward,62.0,north michaelland,143,organic apples,organic,2024-10-27,1.0,18.38,18.38
6977,james walker,75.0,port gregory,199,organic apples,dairy,2024-02-05,3.0,15.29,45.87
6978,vanessa spencer,59.0,hartside,133,almond butter,dairy,2024-05-22,3.0,2.35,7.050000000000001
6979,derek harvey,24.0,lake nicole,165,organic apples,vegetable,2024-01-02,1.0,12.55,12.55
6980,amy thomas,71.0,vanessatown,158,fresh milk,snack,2024-08-14,1.0,7.67,7.67
6981,kristina gutierrez,77.0,cindyberg,133,fresh milk,vegetable,2024-08-05,2.0,15.05,30.1
6982,sarah rice,37.0,ramosfort,105,fresh milk,organic,2024-02-23,2.0,7.15,14.3
6983,donald ruiz,60.0,lisaview,120,organic apples,dairy,2024-05-24,4.0,16.08,64.32
6984,karen davis,32.0,west robertview,173,fresh milk,snack,2024-08-28,2.0,10.36,20.72
6985,jeff jennings,22.0,east ryanview,140,kale,organic,2024-10-03,2.0,1.98,3.96
6986,heather ortiz,47.0,lake jacob,124,organic apples,organic,2024-06-16,2.0,12.1,24.2
6987,michael mejia,70.0,lakd laura,160,granola,organic,2024-08-23,3.0,7.12,21.36
6988,susan kim,25.0,new josephland,125,granola,organic,2024-04-18,1.0,1.65,1.65
6989,sarah simon,26.0,east brenda,100,organic apples,dairy,2024-01-15,4.0,370.8,1483.2
6990,john harris,55.0,rogersland,152,fresh milk,organic,2024-09-16,4.0,18.6,74.4
6991,roy lewis,56.0,lake oliviafort,132,kale,snack,2024-09-28,2.0,17.85,35.7
6992,shannon santiago,51.0,charlesshire,137,tofu,organic,2024-06-06,1.0,10.14,10.14
6994,joseph garcia,33.0,new micheal,180,fresh milk,snack,2024-09-12,4.0,4.02,16.08
6995,zachary shelton,62.0,east johnland,157,tofu,vegetable,2024-04-15,3.0,10.01,30.03
6997,eric munoz,56.0,new margaret,170,fresh milk,dairy,2024-08-25,4.0,9.94,39.76
6998,nicholas kent,62.0,east melissahaven,128,tofu,vegetable,2024-03-31,4.0,19.07,76.28
6999,brenda farrell,22.0,timothytown,118,tofu,dairy,2024-08-03,2.0,17.63,35.26
7000,steven blackwell,68.0,east deborahport,134,organic apples,organic,2024-02-22,1.0,1.26,1.26
7001,paul gonzalez,63.0,stevenland,142,fresh milk,organic,2024-08-10,1.0,8.5,8.5
7002,patricia li,68.0,east andrew,183,fresh milk,vegetable,2024-08-18,3.0,10.82,32.46
7003,jasmine johnson,48.0,west ricardoburgh,197,organic apples,snack,2024-07-05,1.0,10.09,10.09
7004,george ramirez,69.0,north jeffrey,119,almond butter,snack,2024-09-22,2.0,17.2,34.4
7005,charles smith,19.0,barrmouth,133,organic apples,vegetable,2024-06-14,3.0,16.04,48.12
7006,alan davis,35.0,east frankview,126,kale,organic,2024-09-03,1.0,18.13,18.13
7007,amy brown,18.0,west erin,154,fresh milk,dairy,2024-04-08,1.0,450.37,450.37
7008,anna moore dvm,43.0,jamesland,107,fresh milk,organic,2024-08-31,3.0,4.79,14.37
7009,diana mcbride,66.0,port dawnfort,153,organic apples,dairy,2024-07-06,3.0,7.68,23.04
7010,albert lynn,47.0,lake alexanderview,138,almond butter,organic,2024-03-31,2.0,9.79,19.58
7011,shannon cole,20.0,michelleville,106,organic apples,organic,2024-01-12,1.0,7.65,7.65
7012,amy berger,41.0,hillmouth,152,granola,vegetable,2024-08-20,4.0,14.8,59.2
7013,roy clarke,63.0,fisherside,150,granola,snack,2024-02-23,4.0,19.53,78.12
7015,courtney scott,33.0,christopherborough,180,almond butter,vegetable,2024-01-09,3.0,10.92,32.76
7016,kenneth huff,38.0,kristenfort,115,fresh milk,snack,2024-04-17,2.0,9.83,19.66
7018,kristen hall,79.0,south edwinmouth,172,kale,vegetable,2024-10-09,4.0,13.12,52.48
7019,danielle shields,19.0,west bradleyborough,120,organic apples,snack,2024-05-17,4.0,13.0,52.0
7020,tiffany morse,72.0,gibsonmouth,126,granola,organic,2024-11-03,1.0,17.39,17.39
7021,krista kramer,59.0,south nicholasberg,199,granola,dairy,2024-09-23,3.0,3.94,11.82
7022,bethany clark,53.0,brewerberg,140,tofu,organic,2024-03-16,1.0,6.59,6.59
7023,michael juarez,55.0,michaelview,157,granola,organic,2024-10-15,1.0,8.92,8.92
7024,kathleen gregory,72.0,west ronald,154,granola,organic,2024-07-16,2.0,15.74,31.48
7025,jillian edwards dds,68.0,greioryside,165,kale,dairy,2024-07-17,4.0,3.39,13.56
7026,ian sawyer,40.0,colonfort,179,tofu,vegetable,2024-09-28,4.0,13.56,54.24
7027,robert freeman,38.0,north conniebury,101,granola,dairy,2024-10-14,1.0,9.24,9.24
7028,jeffrey joyce,25.0,north bill,109,tofu,dairy,2024-05-27,2.0,9.36,18.72
7029,judy hicks,42.0,heatherview,133,kale,vegetable,2024-10-21,3.0,11.83,35.49
7030,manuel gonzalez,79.0,north ginamouth,166,granola,dairy,2024-10-25,3.0,4.19,12.57
7031,jennifer sawyer,45.0,ernestville,180,almond butter,organic,2024-09-11,3.0,2.39,7.17
7032,kathy castillo,57.0,smithborough,108,granola,dairy,2024-10-11,4.0,8.11,32.44
7033,brendan pope,19.0,south mark,118,kale,snack,2024-10-18,3.0,17.7,53.1
7034,connie anderson,30.0,cookview,168,tofu,organic,2024-04-09,1.0,14.11,14.11
7036,monica james,73.0,lake josephtown,161,fresh milk,snack,2024-01-12,1.0,16.07,16.07
7038,linda benson,38.0,harrisport,165,kale,vegetable,2024-08-08,3.0,9.67,29.01
7039,christopher stewart,70.0,west kaylaborough,162,tofu,snack,2024-04-15,4.0,2.51,10.04
7040,stephanie gallagher,62.0,new andreastad,120,kale,snack,2024-05-22,4.0,18.55,74.2
7041,jennifer moore md,73.0,mullinschester,135,fresh milk,snack,2024-02-12,3.0,18.28,54.84
7042,pedro dean,27.0,lake andrea,182,kale,vegetable,2024-06-14,1.0,2.37,2.37
7043,clayton lewis,33.0,lake angela,169,tofu,snack,2024-03-07,2.0,5.4,10.8
7044,catherine jensen,43.0,south brandy,168,almond butter,snack,2024-04-30,1.0,12.96,12.96
7045,antonio ortega,60.0,north daniel,190,almond butter,vegetable,2024-08-14,2.0,16.31,32.62
7047,teresa long,47.0,north cathy,108,fresh milk,organic,2024-04-10,2.0,17.26,34.52
7048,adam acevedo,18.0,south stevenmouth,194,tofu,snack,2024-06-03,3.0,8.04,24.12
7049,sarah olson,18.0,west danielle,172,granola,organic,2024-06-24,3.0,8.3,24.9
7050,amy nash,54.0,martinport,109,kale,snack,2024-09-06,4.0,4.57,18.28
7051,joseph anderson,33.0,north josephchester,140,almond butter,organic,2024-10-30,3.0,13.16,39.48
7052,regina jackson,53.0,smithmouth,170,granola,vegetable,2024-03-17,1.0,18.56,18.56
7053,thomas phillips,50.0,amandashire,112,fresh milk,dairy,2024-05-31,2.0,1.02,2.04
7054,brian hicks,32.0,lisashire,144,kale,organic,2024-03-10,1.0,6.72,6.72
7055,amanda dixon,63.0,lopezland,115,granola,organic,2024-07-14,3.0,12.03,36.09
7056,william fitzpatrick,77.0,karenhaven,183,almond butter,vegetable,2024-04-01,2.0,7.05,14.1
7057,melissa barnes,44.0,lake jesse,145,organic apples,organic,2024-10-10,4.0,18.13,72.52
7058,angela mitchell,28.0,martinport,124,fresh milk,vegetable,2024-07-17,2.0,15.83,31.66
7059,kristin graham,20.0,mindychester,126,fresh milk,dairy,2024-03-29,3.0,3.05,9.15
7060,dr. tiffany gonzales,55.0,west jamesfurt,138,almond butter,organic,2024-01-03,2.0,17.38,34.76
7061,donald adams,37.0,lake meghan,143,fresh milk,organic,2024-09-13,3.0,10.85,32.55
7062,scott thompson,30.0,south david,155,granola,vegetable,2024-05-08,3.0,15.35,46.05
7063,alyssa pham,44.0,andersonport,146,kale,dairy,2024-07-14,3.0,7.98,23.94
7064,danielle hughes,30.0,east morganhaven,155,tofu,dairy,2024-06-22,2.0,15.5,31.0
7065,david johnson,40.0,east sherry,151,fresh milk,organic,2024-03-02,3.0,16.47,49.41
7067,derek mcdonald,31.0,selenaland,169,almond butter,vegetable,2024-03-28,2.0,18.1,36.2
7069,james villarreal,62.0,new cynthia,161,granola,snack,2024-09-21,1.0,1.21,1.21
7070,joel singleton,44.0,davidland,123,kale,snack,2024-05-20,3.0,18.04,54.12
7071,patrick taylor jr.,62.0,deborahview,148,granola,dairy,2024-09-09,2.0,2.0,4.0
7072,rachel lara,54.0,north victoriaview,190,granola,vegetable,2024-03-04,189.0,19.16,3621.24
7074,christopher gordon,68.0,new davidshire,159,kale,dairy,2024-10-30,2.0,2.09,4.18
7075,morgan rios,33.0,south dalton,114,organic apples,vegetable,2024-03-30,1.0,11.15,11.15
7076,brittany davis,32.0,joshuastad,179,fresh milk,vegetable,2024-07-16,2.0,10.44,20.88
7077,daniel johnson,34.0,port lisa,120,almond butter,dairy,2024-07-01,3.0,10.01,30.03
7078,laurie norman,76.0,port deanna,133,almond butter,organic,2024-11-06,1.0,11.91,11.91
7079,matthew howard,25.0,oconnorton,122,kale,vegetable,2024-05-10,2.0,7.25,14.5
7080,jennifer miller,44.0,leeshire,190,organic apples,dairy,2024-03-16,3.0,11.45,34.349999999999994
7081,james palmer,56.0,williamfurt,170,fresh milk,organic,2024-05-19,4.0,14.63,58.52
7083,patrick martinez,40.0,south richardtown,119,tofu,vegetable,2024-09-22,4.0,16.09,64.36
7084,margaret brewer,29.0,port aaron,165,fresh milk,vegetable,2024-02-11,2.0,192.48,384.96
7085,robert martin,47.0,east nicole,178,tofu,organic,2024-01-31,1.0,11.11,11.11
7086,rebecca spencer,35.0,east jennifer,170,organic apples,organic,2024-03-18,2.0,1.77,3.54
7087,ryan flores,30.0,craigmouth,134,granola,organic,2024-05-28,1.0,9.8,9.8
7088,jason martin,76.0,new kurtborough,169,fresh milk,snack,2024-07-25,3.0,14.94,44.82
7089,timothy anthony,67.0,new melissafurt,114,almond butter,vegetable,2024-09-17,4.0,18.55,74.2
7090,bradley booth,77.0,north kristin,174,tofu,dairy,2024-09-27,2.0,4.78,9.56
7091,betty fox,61.0,port andrewfort,144,tofu,vegetable,2024-09-02,4.0,19.1,76.4
7092,herbert michael,24.0,wartton,111,almond butter,snack,2024-03-29,3.0,12.03,36.09
7093,james baker,54.0,new katelyn,162,tofu,dairy,2024-08-30,4.0,1.83,7.32
7094,debra mercado,36.0,east carlosmouth,146,tofu,dairy,2024-02-27,3.0,3.12,9.36
7095,joseph burgess,63.0,kristenview,199,granola,organic,2024-02-11,2.0,355.34,710.68
7096,mrs. becky mejia,58.0,jessicachester,126,fresh milk,vegetable,2024-08-26,2.0,6.61,13.22
7098,tyler lee,47.0,parksville,196,almond butter,organic,2024-02-05,3.0,8.79,26.37
7099,bianca phillips,57.0,porm margaretbury,135,organic apples,snack,2024-09-01,1.0,9.23,9.23
7100,david smith,75.0,wallerborough,110,tofu,organic,2024-04-21,3.0,4.09,12.27
7101,tamara romero,58.0,west laura,187,tofu,snack,2024-04-01,3.0,6.53,19.59
7102,melinda robinson,70.0,matthewborough,164,kale,snack,2024-06-04,2.0,15.1,30.2
7103,victoria figueroa,74.0,nixonfurt,111,almond butter,snack,2024-07-19,1.0,14.6,14.6
7104,morgan cook,58.0,port albert,160,granola,vegetable,2024-10-15,4.0,7.21,28.84
7105,kevin hill,53.0,terristad,169,fresh milk,dairy,2024-07-14,3.0,16.13,48.39
7106,peter jackson,48.0,christopherfurt,152,tofu,vegetable,2024-05-20,4.0,18.53,74.12
7107,matthew heath,59.0,jimenezton,133,kale,snack,2024-02-27,4.0,13.62,54.48
7108,kristy clements,66.0,chanville,169,almond butter,vegetable,2024-09-07,4.0,8.28,33.12
7109,kristy stone,65.0,elizabethport,133,tofu,dairy,2024-07-20,4.0,16.1,64.4
7110,michelle odom,44.0,johnland,160,kale,snack,2024-05-24,2.0,13.63,27.26
7111,lisa webster,27.0,herreraside,172,kale,vegetable,2024-01-28,4.0,17.69,70.76
7112,dr. melissa manning,23.0,aguirreborough,190,granola,organic,2024-01-08,4.0,6.33,25.32
7113,julie wright,32.0,merrittville,116,granola,dairy,2024-03-01,4.0,8.19,32.76
7114,rachel welch,60.0,chenview,160,kale,snack,2024-07-15,3.0,17.04,51.12
7115,brandon stone,59.0,port patrick,104,fresh milk,organic,2024-02-11,4.0,2.99,11.96
7116,mary brown,58.0,reedstad,149,fresh milk,snack,2024-10-27,2.0,11.51,23.02
7117,kelly cunningham,77.0,nicholaston,177,organic apples,vegetable,2024-04-26,4.0,8.76,35.04
7118,daniel obrien,29.0,east janeberg,107,kale,snack,2024-03-20,3.0,3.29,9.87
7119,francisco welch,53.0,south haleyville,132,fresh milk,dairy,2024-02-17,1.0,9.11,9.11
7120,eric ramirez,29.0,north brandonbury,132,tofu,vegetable,2024-10-07,4.0,9.64,38.56
7121,debra houston,27.0,brownmouth,181,fresh milk,vegetable,2024-06-12,1.0,8.9,8.9
7122,christopher parks,57.0,melissamouth,119,fresh milk,dairy,2024-10-22,4.0,4.45,17.8
7123,mark russo,48.0,lake brittanyburgh,126,tofu,snack,2024-08-04,2.0,18.17,36.34
7124,cindy barnes,76.0,new john,122,tofu,vegetable,2024-08-14,4.0,16.04,64.16
7125,troy jones,49.0,new john,185,organic apples,organic,2024-04-11,3.0,12.09,36.27
7126,leslie hickman,63.0,north rebekah,170,fresh milk,vegetable,2024-01-03,1.0,14.87,14.87
7127,susan garcia,65.0,fischerville,123,tofu,vegetable,2024-10-11,4.0,7.69,30.76
7128,robert chen,54.0,newojennifer,142,almond butter,dairy,2024-01-15,2.0,12.71,25.42
7129,raven williams,32.0,mariahport,137,fresh milk,organic,2024-05-23,1.0,1.34,1.34
7130,robert harris,34.0,sandersborough,131,fresh milk,organic,2024-10-21,2.0,9.53,19.06
7131,jeffrey reyes,20.0,abigailshire,121,organic apples,dairy,2024-09-14,4.0,13.57,54.28
7132,kaitlyn roberson,34.0,south kennethview,159,kale,snack,2024-06-29,1.0,3.68,3.68
7133,emily adams,45.0,anthonyhaven,142,tofu,snack,2024-08-02,3.0,7.14,21.42
7134,stephanie young,59.0,west williamhaven,190,organic apples,vegetable,2024-07-22,2.0,5.24,10.48
7135,timothy collins,79.0,berryville,173,granola,vegetable,2024-05-01,2.0,3.86,7.72
7136,randy arias,18.0,wayneside,183,granola,vegetable,2024-02-14,4.0,10.93,43.72
7137,paul kelly,48.0,new shelbyfort,180,granola,organic,2024-01-15,3.0,13.37,40.11
7138,dawn sloan,44.0,east ryantown,143,organic apples,vegetable,2024-03-01,3.0,8.91,26.73
7140,kevin white,27.0,west courtney,101,granola,snack,2024-09-04,3.0,8.39,25.17
7141,renee hernandez,23.0,haydenside,180,organic apples,organic,2024-02-27,4.0,15.11,60.44
7142,joseph glenn,75.0,new tylerfurt,149,almond butter,organic,2024-10-18,1.0,8.72,8.72
7143,paul miller,60.0,johnsonmouth,130,almond butter,organic,2024-01-19,4.0,5.85,23.4
7144,alexandria sanders,61.0,lake johnborough,123,granola,organic,2024-09-25,3.0,11.62,34.86
7145,anna brown,37.0,new charlesburgh,166,fresh milk,vegetable,2024-05-05,1.0,16.72,16.72
7146,taylor roberts,45.0,peterberg,122,fresh milk,organic,2024-01-22,1.0,9.34,9.34
7147,jasmine fleming,32.0,south caitlynchester,162,granola,snack,2024-09-12,3.0,13.65,40.95
7148,joseph hart,37.0,south ashley,142,organic apples,vegetable,2024-01-01,1.0,18.09,18.09
7149,eric gonzalez,52.0,kimtown,192,almond butter,vegetable,2024-03-12,2.0,12.61,25.22
7150,jeffrey silva,29.0,new nicole,174,granola,organic,2024-02-21,1.0,19.03,19.03
7151,robin robles,40.0,vancemouth,150,kale,organic,2024-10-20,4.0,4.9,19.6
7152,emily terry,47.0,gonzalezburgh,162,organic apples,dairy,2024-04-03,3.0,5.79,17.37
7153,brian rogers,64.0,new alexanderside,116,organic apples,vegetable,2024-05-14,3.0,3.95,11.85
7154,robert johnson,64.0,brendaborough,135,fresh milk,snack,2024-04-27,4.0,4.01,16.04
7155,jessica avila,62.0,sotoside,154,tofu,snack,2024-02-06,2.0,12.8,25.6
7156,douglas baker,56.0,jarvisberg,120,tofu,dairy,2024-09-11,2.0,1.22,2.44
7157,joseph miller,69.0,nicholasbury,133,granola,organic,2024-05-11,1.0,8.9,8.9
7158,alyssa schneider,72.0,jenkinsview,177,kale,snack,2024-05-26,4.0,14.34,57.36
7159,albert thompson,63.0,east richardview,122,fresh milk,vegetable,2024-10-14,1.0,13.66,13.66
7160,paula ortega,30.0,moralesbury,196,tofu,dairy,2024-05-22,4.0,15.39,61.56
7161,kim walker,77.0,north clifford,104,organic apples,vegetable,2024-04-18,1.0,15.06,15.06
7162,brian shields,19.0,port elizabeth,130,organic apples,vegetable,2024-10-16,1.0,6.15,6.15
7163,tyler salazar,20.0,west barbaramouth,155,almond butter,dairy,2024-09-09,1.0,11.21,11.21
7164,dr. alexis rodriguez md,67.0,alanland,166,tofu,vegetable,2024-10-13,2.0,3.65,7.3
7165,oscar ayala,42.0,new andrewbury,146,organic apples,vegetable,2024-05-30,1.0,15.54,15.54
7166,ashley davis,73.0,markborough,177,granola,vegetable,2024-01-05,2.0,3.37,6.74
7167,jason rose,21.0,paulshire,161,fresh milk,vegetable,2024-03-28,1.0,17.09,17.09
7168,terry barnes,54.0,lake jeremyshire,131,organic apples,dairy,2024-06-05,1.0,17.87,17.87
7169,tina schneider,20.0,south todd,151,fresh milk,vegetable,2024-03-03,2.0,13.5,27.0
7170,andrew campbell,73.0,north katherine,172,kale,dairy,2024-10-10,1.0,15.43,15.43
7171,sara jackson,44.0,tinafort,167,almond butter,snack,2024-05-03,1.0,19.28,19.28
7172,pamela mercado,67.0,north deborahton,118,kale,snack,2024-06-08,2.0,17.43,34.86
7173,lisa howard,49.0,port charlene,186,almond butter,snack,2024-07-30,1.0,10.72,10.72
7174,lauren king,65.0,lisaview,141,granola,organic,2024-03-25,2.0,8.45,16.9
7175,kimberly long,38.0,jamesmouth,112,fresh milk,vegetable,2024-08-11,1.0,1.54,1.54
7176,jordan hernandez,53.0,jonesbury,189,fresh milk,dairy,2024-05-13,4.0,9.82,39.28
7177,david leonard,61.0,hallchester,175,tofu,snack,2024-04-29,1.0,6.78,6.78
7178,laura jennings,57.0,lake natashafurt,184,fresh milk,organic,2024-11-08,1.0,2.29,2.29
7179,david zhang,57.0,port andreahaven,125,organic apples,vegetable,2024-09-05,4.0,3.11,12.44
7181,christina williams,45.0,perezburgh,150,almond butter,vegetable,2024-07-12,2.0,12.59,25.18
7182,brandon monroe,25.0,new nicole,178,fresh milk,vegetable,2024-07-05,3.0,11.85,35.55
7183,gregory macias,25.0,santiagoburgh,106,fresh milk,dairy,2024-02-07,2.0,7.1,14.2
7186,april aguirre,70.0,west brianton,135,organic apples,organic,2024-02-25,3.0,19.83,59.49
7187,courtney allen,43.0,east diana,123,fresh milk,organic,2024-07-18,1.0,9.06,9.06
7188,carlos santana,35.0,south kaylabury,118,almond butter,organic,2024-11-03,3.0,2.69,8.07
7189,ryan gutierrez,60.0,east jamie,153,almond butter,organic,2024-10-26,3.0,15.08,45.24
7191,alice oneal,76.0,port kevin,128,almond butter,vegetable,2024-02-23,1.0,7.78,7.78
7192,julia anderson,72.0,north heatherton,177,organic apples,organic,2024-08-18,1.0,6.89,6.89
7193,tonya powell,19.0,lake laura,105,tofu,snack,2024-07-23,2.0,2.93,5.86
7194,mitchell fitzgerald,51.0,ashleyfort,177,granola,dairy,2024-05-16,3.0,6.47,19.41
7195,robert baker,66.0,new crystal,142,tofu,vegetable,2024-05-18,4.0,19.19,76.76
7196,derek barnes,22.0,port blakeport,190,tofu,snack,2024-10-22,3.0,17.81,53.42999999999999
7197,nathan long,46.0,hernandezshire,194,kale,dairy,2024-02-21,1.0,5.87,5.87
7198,donald anthony,58.0,jeffreyhaven,141,organic apples,dairy,2024-03-12,2.0,1.14,2.28
7200,robert turner,64.0,wilsonport,138,kale,vegetable,2024-04-11,3.0,16.21,48.63
7201,robert coleman,55.0,dawnberg,143,organic apples,organic,2024-04-20,3.0,1.78,5.34
7202,jonathan wright,21.0,lake jacquelinemouth,185,organic apples,vegetable,2024-08-18,4.0,8.09,32.36
7204,jeffrey burke,62.0,pinedahaven,146,granola,snack,2024-09-28,1.0,9.97,9.97
7205,sabrina kelly,60.0,ortizstad,100,almond butter,snack,2024-09-03,1.0,4.11,4.11
7206,whitney ibarra,76.0,johnsonland,194,granola,dairy,2024-09-20,1.0,9.59,9.59
7207,darryl morgan,37.0,north colleenberg,191,almond butter,vegetable,2024-05-09,1.0,10.57,10.57
7208,thomas rodriguez,55.0,ruizmouth,124,fresh milk,dairy,2024-05-18,2.0,15.89,31.78
7209,richard giles,55.0,east heather,130,kale,snack,2024-05-14,1.0,15.34,15.34
7210,ricky holt,67.0,cervantesborough,192,fresh milk,organic,2024-02-13,4.0,1.69,6.76
7211,joy harding,46.0,michaelfurt,135,almond butter,vegetable,2024-08-08,2.0,19.52,39.04
7212,stacy anderson,25.0,kendraside,105,kale,vegetable,2024-06-26,3.0,12.51,37.53
7213,janet molina,62.0,riosfort,197,tofu,dairy,2024-10-12,1.0,12.25,12.25
7214,karen aguilar,73.0,lake brian,177,almond butter,dairy,2024-05-20,3.0,6.96,20.88
7215,michael hernandez,53.0,daymouth,116,organic apples,dairy,2024-04-14,1.0,16.82,16.82
7216,regina phillips,21.0,east tammy,105,almond butter,vegetable,2024-09-23,3.0,1.05,3.1500000000000004
7217,mr. earl cox,76.0,gibsonburgh,117,tofu,dairy,2024-05-28,2.0,14.17,28.34
7218,matthew barrett,25.0,hooverfurt,189,organic apples,dairy,2024-09-14,1.0,15.51,15.51
7219,stephanie yang,77.0,heathstad,142,fresh milk,snack,2024-01-12,1.0,10.03,10.03
7220,donald roberts,48.0,port cathyside,164,granola,dairy,2024-09-19,1.0,2.3,2.3
7221,william west,30.0,michaelborough,166,fresh milk,vegetable,2024-01-07,1.0,14.73,14.73
7222,brian burns jr.,22.0,millerbury,104,tofu,dairy,2024-06-22,4.0,7.56,30.24
7223,christopher cain,44.0,chaneyborough,155,organic apples,snack,2024-01-11,3.0,19.59,58.77
7224,tammy porter,72.0,robertborough,184,granola,snack,2024-09-08,4.0,16.46,65.84
7225,brandy meyers,62.0,latoyastad,162,fresh milk,snack,2024-08-24,4.0,1.12,4.48
7226,sean brown,73.0,north nancyview,180,fresh milk,dairy,2024-01-18,3.0,14.59,43.77
7227,david charles,49.0,new kimshire,199,granola,snack,2024-09-14,1.0,11.16,11.16
7228,gary thompson,61.0,simpsontown,199,granola,dairy,2024-07-15,4.0,7.68,30.72
7229,lauren walker,36.0,toddmouth,132,kale,organic,2024-05-24,3.0,9.17,27.51
7231,melissa lane,33.0,griffinmouth,132,organic apples,snack,2024-04-26,1.0,14.87,14.87
7232,jessica meyer,74.0,williamsfurt,184,granola,vegetable,2024-07-10,2.0,5.79,11.58
7233,karen levine,62.0,west natashamouth,174,granola,organic,2024-08-31,2.0,5.38,10.76
7234,richard wallace,62.0,hooperbury,188,fresh milk,dairy,2024-01-20,4.0,12.85,51.4
7235,bonnie carroll,36.0,lindaton,171,tofu,snack,2024-07-21,1.0,1.69,1.69
7236,jonathan lambert,36.0,north deanna,138,fresh milk,organic,2024-09-26,3.0,2.54,7.62
7237,charles kennedy,23.0,east rachel,110,kale,vegetable,2024-05-16,4.0,14.99,59.96
7238,brittney kemp,69.0,north susan,192,tofu,vegetable,2024-09-30,1.0,19.81,19.81
7239,vickie mitchell,40.0,south erica,128,fresh milk,snack,2024-04-25,4.0,3.6,14.4
7240,larry gonzales dvm,23.0,mooreton,189,organic apples,snack,2024-01-25,1.0,7.17,7.17
7241,michael lewis,35.0,lisastad,118,tofu,dairy,2024-02-09,3.0,15.95,47.85
7242,anthony johnston,29.0,south matthewland,162,almond butter,snack,2024-07-28,3.0,4.35,13.05
7243,lisa simpson,31.0,new anthony,126,granola,snack,2024-10-07,4.0,14.71,58.84
7244,maria lucas,78.0,anthonyton,183,granola,vegetable,2024-06-02,4.0,12.32,49.28
7245,hayley alexander,69.0,lake alisonmouth,137,fresh milk,vegetable,2024-02-09,1.0,17.88,17.88
7246,christopher lester,51.0,port rebekahburgh,104,granola,snack,2024-04-19,2.0,12.77,25.54
7247,spencer lee,24.0,crawfordberg,111,tofu,organic,2024-01-24,3.0,19.32,57.96
7248,roger hill,58.0,east williamside,152,tofu,vegetable,2024-07-17,1.0,4.72,4.72
7249,joan myers,23.0,north karen,124,granola,organic,2024-03-17,1.0,11.06,11.06
7250,ellen harrison,25.0,west annaview,173,organic apples,organic,2024-01-25,1.0,18.88,18.88
7251,alfred sparks,39.0,jessicamouth,117,granola,dairy,2024-08-19,1.0,2.55,2.55
7252,veronica bradford,34.0,new kristina,103,fresh milk,vegetable,2024-05-08,4.0,5.84,23.36
7253,marc roman,63.0,sarahmouth,140,fresh milk,vegetable,2024-02-07,1.0,12.28,12.28
7254,jasmine lam,34.0,victoriashire,198,tofu,vegetable,2024-05-18,4.0,8.87,35.48
7255,autumn martinez,38.0,lake amanda,165,organic apples,organic,2024-11-07,2.0,11.18,22.36
7256,nicholas tapia,47.0,east cheryl,131,kale,organic,2024-08-01,4.0,13.56,54.24
7257,amy rogers,29.0,south christinaborough,102,organic apples,organic,2024-06-20,3.0,3.27,9.81
7258,katherine mitchell,76.0,hartfort,182,kale,organic,2024-04-06,1.0,6.11,6.11
7259,jorge williams,28.0,campbellburgh,192,granola,organic,2024-07-13,3.0,1.33,3.99
7260,matthew hanna,36.0,new shawn,197,tofu,organic,2024-03-27,3.0,11.33,33.99
7262,charlene buckley,55.0,josephmouth,196,kale,snack,2024-08-27,3.0,4.25,12.75
7263,michael morris,56.0,natalietown,156,tofu,dairy,2024-09-19,3.0,11.15,33.45
7264,david perez,42.0,morenoville,179,almond butter,vegetable,2024-01-24,4.0,7.62,30.48
7265,alexandra johnson,42.0,west brian,108,kale,dairy,2024-03-29,2.0,18.04,36.08
7266,rebecca wells,70.0,east christian,111,tofu,vegetable,2024-06-06,3.0,4.25,12.75
7267,jeanne zamora,51.0,nunezmouth,156,almond butter,dairy,2024-10-07,3.0,6.84,20.52
7269,janice fleming,40.0,east wandaberg,136,fresh milk,dairy,2024-01-31,4.0,12.29,49.16
7270,brian kim,44.0,carsonton,187,granola,snack,2024-10-06,3.0,18.51,55.53
7271,benjamin mason,48.0,new travisshire,161,tofu,snack,2024-04-03,3.0,9.25,27.75
7272,jennifer conway,28.0,new oscar,162,fresh milk,vegetable,2024-03-04,1.0,16.06,16.06
7273,renee wilson,23.0,goodmanshire,114,kale,organic,2024-04-20,1.0,7.72,7.72
7275,susan knapp,32.0,east luis,193,kale,dairy,2024-01-28,2.0,19.47,38.94
7276,henry murphy,23.0,lake jeremy,120,almond butter,organic,2024-07-18,1.0,8.05,8.05
7277,mark sanchez,67.0,johnshire,130,tofu,dairy,2024-08-13,2.0,16.91,33.82
7278,mark lewis,73.0,port jamesside,156,almond butter,organic,2024-04-09,1.0,10.38,10.38
7279,steven johnson,56.0,boydmouth,140,almond butter,organic,2024-07-04,2.0,12.57,25.14
7280,anthony hernandez,21.0,kleinton,114,tofu,dairy,2024-05-16,4.0,2.81,11.24
7281,robert shaffer,38.0,new stephaniestad,161,fresh milk,organic,2024-09-06,3.0,7.83,23.49
7282,kimberly newman,76.0,fishershire,184,granola,snack,2024-04-12,3.0,3.52,10.56
7283,jacob mcgrath,20.0,josephshire,192,organic apples,snack,2024-10-07,4.0,7.37,29.48
7284,robert king,55.0,danielborough,184,fresh milk,organic,2024-11-01,4.0,12.11,48.44
7286,michael gardner,78.0,louisview,143,organic apples,organic,2024-07-23,3.0,17.92,53.760000000000005
7287,deanna hess,48.0,hortonport,106,almond butter,dairy,2024-05-05,4.0,18.15,72.6
7288,william nelson,52.0,michaelstad,106,almond butter,vegetable,2024-02-07,3.0,16.98,50.94
7289,robert reed,48.0,shelbychester,133,tofu,organic,2024-01-13,2.0,10.54,21.08
7290,anna gomez,77.0,alexanderville,146,granola,snack,2024-02-22,3.0,16.09,48.27
7291,dalton walker,20.0,port amyfort,197,organic apples,snack,2024-02-04,1.0,4.13,4.13
7292,jeffery smith,47.0,johnsonmouth,125,tofu,organic,2024-01-31,3.0,2.65,7.949999999999999
7293,john chung,75.0,millerfurt,193,almond butter,vegetable,2024-06-08,1.0,17.47,17.47
7294,lucas jackson,53.0,mistyborough,121,kale,snack,2024-03-16,4.0,2.88,11.52
7295,george blair,79.0,taylorburgh,109,almond butter,organic,2024-02-24,2.0,5.43,10.86
7296,jessica macdonald,64.0,lake kirk,140,granola,dairy,2024-03-09,4.0,18.43,73.72
7297,kathy pacheco,20.0,new sherry,128,granola,dairy,2024-02-01,4.0,16.11,64.44
7298,andrew pierce,79.0,port troyburgh,169,organic apples,snack,2024-08-24,2.0,4.91,9.82
7300,mrs. hannah steele dds,20.0,toddstad,164,organic apples,snack,2024-01-03,4.0,15.94,63.76
7301,nicole ramos,67.0,lake samuelport,128,organic apples,dairy,2024-02-23,2.0,1.82,3.64
7302,ashley lamb,48.0,marymouth,109,granola,organic,2024-08-02,3.0,18.62,55.86
7303,patricia foster,69.0,gordonfurt,130,fresh milk,organic,2024-03-23,3.0,7.06,21.18
7304,brian walter,21.0,susanberg,112,granola,organic,2024-08-31,2.0,13.26,26.52
7305,charles alvarez,79.0,north duane,133,almond butter,vegetable,2024-03-27,1.0,6.31,6.31
7306,sherry beck,25.0,new jasontown,196,tofu,dairy,2024-02-11,4.0,16.07,64.28
7307,david mills md,42.0,new allen,111,fresh milk,vegetable,2024-06-18,2.0,4.82,9.64
7308,james moreno,58.0,lake eric,136,fresh milk,snack,2024-01-05,4.0,7.24,28.96
7309,mary howell,29.0,stevenstad,120,organic apples,organic,2024-10-23,2.0,18.1,36.2
7310,allison miller,40.0,port tony,114,almond butter,organic,2024-03-22,4.0,1.08,4.32
7311,robert hamilton,31.0,brianfort,100,fresh milk,snack,2024-08-23,4.0,13.76,55.04
7312,kirk garcia,50.0,saraview,123,organic apples,dairy,2024-07-13,2.0,3.43,6.86
7313,wendy johnson,46.0,south charlesville,147,granola,organic,2024-02-29,3.0,16.59,49.77
7314,michael rivers,78.0,jamestown,196,fresh milk,snack,2024-05-16,3.0,1.55,4.65
7315,maria rose,29.0,virginiabury,157,tofu,organic,2024-07-29,2.0,7.4,14.8
7316,scott williams,32.0,port johnbury,155,almond butter,vegetable,2024-07-21,3.0,2.21,6.63
7317,shirley todd,46.0,new lisaville,128,tofu,vegetable,2024-04-01,1.0,9.9,9.9
7318,jennifer snow,75.0,jessemouth,155,organic apples,dairy,2024-07-15,4.0,9.76,39.04
7319,danielle spencer,38.0,new sheila,120,granola,organic,2024-03-17,4.0,6.66,26.64
7320,gabriel carr,44.0,south jennifer,117,granola,snack,2024-01-16,1.0,16.07,16.07
7321,caitlin ramirez,44.0,lake paulmouth,177,granola,organic,2024-09-22,1.0,2.59,2.59
7322,katherine daniels,78.0,deborahstad,102,organic apples,vegetable,2024-09-05,3.0,18.95,56.85
7323,jade flores,47.0,williamfurt,109,organic apples,snack,2024-10-06,2.0,7.36,14.72
7324,kathleen burns,45.0,baileystad,170,granola,dairy,2024-02-20,2.0,5.18,10.36
7325,lori graham,51.0,lake cherylland,175,granola,snack,2024-02-24,2.0,18.91,37.82
7326,sharon bishop,60.0,south paul,185,almond butter,snack,2024-06-05,4.0,12.49,49.96
7327,debra bennett,77.0,west edward,109,kale,dairy,2024-07-13,3.0,3.96,11.88
7328,jordan peterson,57.0,medinashire,121,kale,snack,2024-08-16,2.0,7.63,15.26
7329,kayla keller,68.0,east desiree,182,organic apples,snack,2024-03-09,4.0,1.01,4.04
7330,marie johnson,75.0,jonesfort,168,fresh milk,dairy,2024-10-08,4.0,4.69,18.76
7331,jeffrey beard,34.0,east dylanstad,107,organic apples,organic,2024-01-27,2.0,1.27,2.54
7332,ronald simpson,57.0,belindaburgh,142,organic apples,dairy,2024-02-14,1.0,4.38,4.38
7333,michael henderson,23.0,west anthony,171,almond butter,organic,2024-04-21,1.0,19.44,19.44
7334,dana lopez,50.0,samanthashire,186,tofu,vegetable,2024-03-23,1.0,10.78,10.78
7335,zachary jackson,43.0,lake jennifer,126,organic apples,dairy,2024-07-08,2.0,11.73,23.46
7336,randall allen,53.0,south edwardchester,175,fresh milk,snack,2024-01-02,2.0,10.7,21.4
7337,jennifer winters,29.0,mikefort,110,kale,vegetable,2024-05-02,4.0,16.61,66.44
7338,michael adams,32.0,kellyton,193,fresh milk,dairy,2024-10-23,4.0,2.25,9.0
7339,alan levine,32.0,samuelbury,197,organic apples,snack,2024-07-17,1.0,11.88,11.88
7340,travis nelson,57.0,jorgefort,159,fresh milk,vegetable,2024-03-10,4.0,245.2,980.8
7341,alan roberts,42.0,madisonland,177,fresh milk,vegetable,2024-05-27,3.0,11.33,33.99
7342,christian cook,77.0,lake mark,166,almond butter,organic,2024-08-30,4.0,17.25,69.0
7343,dennis young,27.0,north monica,123,fresh milk,dairy,2024-07-01,3.0,6.99,20.97
7344,rachel curtis,78.0,glennburgh,134,fresh milk,snack,2024-04-13,1.0,17.41,17.41
7345,michelle potts,57.0,north david,120,granola,organic,2024-05-22,2.0,4.41,8.82
7346,james moreno,71.0,brittanyhaven,147,fresh milk,organic,2024-08-27,4.0,1.42,5.68
7347,john williams,64.0,north reneehaven,184,fresh milk,organic,2024-05-16,4.0,8.5,34.0
7349,samantha campbell,54.0,littlemouth,195,fresh milk,dairy,2024-04-26,1.0,4.24,4.24
7350,jonathan fitzgerald,34.0,maldonadobury,167,organic apples,dairy,2024-03-10,4.0,14.28,57.12
7351,danielle martinez,22.0,michaelstad,125,organic apples,snack,2024-09-18,3.0,4.78,14.34
7352,sarah duke,57.0,north whitney,170,tofu,dairy,2024-07-26,1.0,10.98,10.98
7353,shannon haynes,42.0,phillipsview,119,fresh milk,dairy,2024-03-19,3.0,17.67,53.010000000000005
7354,calvin hamilton,54.0,morantown,123,granola,organic,2024-06-28,3.0,12.89,38.67
7355,tammy marshall,62.0,hallbury,116,tofu,snack,2024-01-15,3.0,12.34,37.02
7356,daniel tyler,78.0,danielland,149,granola,vegetable,2024-02-14,3.0,14.25,42.75
7357,jenna carter,27.0,mirandaville,146,tofu,snack,2024-09-10,4.0,19.3,77.2
7358,robert sullivan,71.0,new kevinville,180,fresh milk,organic,2024-05-21,2.0,1.69,3.38
7359,justin harmon,18.0,martinshire,143,tofu,vegetable,2024-02-29,4.0,9.28,37.12
7360,michael harrington,33.0,christopherberg,112,kale,vegetable,2024-10-09,1.0,15.84,15.84
7361,susan rojas,30.0,south richard,103,granola,dairy,2024-07-27,2.0,19.1,38.2
7362,adrian williams,75.0,port christianborough,170,organic apples,snack,2024-06-21,2.0,7.83,15.66
7364,jessica walker,65.0,fullerborough,131,tofu,dairy,2024-09-20,2.0,2.49,4.98
7365,ryan martinez,78.0,roberthaven,184,almond butter,organic,2024-09-13,3.0,15.52,46.56
7367,brandi johnson,70.0,port stephanie,191,fresh milk,snack,2024-08-23,3.0,19.28,57.84
7368,lauren johnson,77.0,north brian,182,fresh milk,vegetable,2024-05-19,4.0,7.21,28.84
7369,riley wallace,75.0,jacobstad,148,fresh milk,vegetable,2024-09-06,3.0,340.63,1021.89
7370,christian baker,50.0,east courtneytown,140,tofu,snack,2024-08-08,2.0,5.93,11.86
7372,jodi bates,55.0,new wendyside,171,almond butter,snack,2024-09-01,3.0,2.17,6.51
7373,julie mullins md,50.0,east patrick,179,fresh milk,vegetable,2024-08-25,3.0,2.83,8.49
7374,jessica herrera,73.0,west amandaland,163,fresh milk,dairy,2024-01-04,4.0,3.43,13.72
7375,dustin harris,77.0,grayshire,113,fresh milk,snack,2024-09-02,2.0,3.12,6.24
7376,kathryn potter,29.0,lake frankmouth,138,organic apples,snack,2024-07-28,146.0,18.69,2728.74
7377,jason marks,64.0,charlesborough,152,kale,organic,2024-10-16,1.0,10.77,10.77
7378,lindsay boyle,27.0,watersstad,195,organic apples,vegetable,2024-08-15,3.0,7.02,21.06
7379,claudia cruz,41.0,ericksonbury,185,tofu,dairy,2024-02-29,2.0,10.02,20.04
7380,karen wright,67.0,watsonland,199,fresh milk,vegetable,2024-08-29,2.0,2.53,5.06
7381,rodney smith,46.0,jeffreyburgh,177,organic apples,organic,2024-08-26,3.0,4.15,12.45
7382,rebecca smith,50.0,clarkport,104,tofu,organic,2024-07-24,1.0,3.58,3.58
7383,ashley vega,73.0,east michaelberg,166,granola,snack,2024-02-18,3.0,15.06,45.18
7384,valerie hawkins,44.0,port megan,117,kale,vegetable,2024-08-09,3.0,6.61,19.83
7385,adam patel,34.0,tanyastad,130,granola,snack,2024-05-19,1.0,17.83,17.83
7386,nicholas wright,61.0,south janeberg,137,tofu,vegetable,2024-07-30,2.0,15.0,30.0
7387,sean smith,54.0,north timothystad,195,granola,organic,2024-01-04,2.0,16.94,33.88
7388,chloe miller,78.0,hebertland,113,almond butter,snack,2024-09-11,4.0,8.64,34.56
7389,joseph alvarado,33.0,sharonburgh,198,granola,dairy,2024-01-07,1.0,4.57,4.57
7390,christopher potter,46.0,lake charlestown,156,almond butter,organic,2024-03-25,2.0,5.82,11.64
7391,jamie rodriguez,60.0,kathleenshire,197,tofu,snack,2024-02-19,2.0,9.18,18.36
7392,kelly miller,67.0,richardshire,150,fresh milk,dairy,2024-06-22,4.0,3.32,13.28
7393,lance lloyd,28.0,new hannah,166,almond butter,dairy,2024-09-15,4.0,2.24,8.96
7394,april rollins,21.0,clarkeside,168,tofu,snack,2024-02-29,2.0,210.7,421.4
7395,anthony black,30.0,scottport,199,fresh milk,snack,2024-08-28,1.0,18.91,18.91
7396,austin moon,71.0,west elizabeth,118,granola,organic,2024-09-23,1.0,5.74,5.74
7397,brittany evans,72.0,hallport,168,kale,snack,2024-03-21,1.0,13.36,13.36
7398,vanessa ibarra,51.0,wolfbury,127,fresh milk,vegetable,2024-10-04,2.0,13.58,27.16
7399,jamie chen,27.0,south williamview,197,organic apples,vegetable,2024-10-03,3.0,18.88,56.64
7400,cole morales,36.0,annaborough,169,fresh milk,vegetable,2024-03-11,4.0,16.88,67.52
7401,abigail barnett,54.0,latoyashire,120,organic apples,organic,2024-08-10,3.0,8.94,26.82
7402,jonathon pratt,41.0,west martin,177,granola,vegetable,2024-07-10,2.0,7.73,15.46
7403,george gomez,52.0,christopherview,101,organic apples,snack,2024-06-23,1.0,2.05,2.05
7404,joseph marsh,65.0,brennanview,179,kale,snack,2024-02-07,2.0,17.2,34.4
7405,beverly jordan,41.0,glennfurt,130,granola,snack,2024-10-10,4.0,2.21,8.84
7408,terry smith,58.0,normanfurt,174,kale,organic,2024-04-04,3.0,8.83,26.49
7410,bruce lam,72.0,north danielshire,142,granola,vegetable,2024-10-15,1.0,4.11,4.11
7411,tommy jackson,75.0,north christopherview,170,almond butter,vegetable,2024-06-05,1.0,354.97,354.97
7412,marilyn davis,79.0,nguyenton,180,organic apples,vegetable,2024-04-09,3.0,16.51,49.53
7413,jasmine collins,74.0,blakebury,190,organic apples,dairy,2024-03-04,1.0,4.93,4.93
7414,james shelton,64.0,north roy,179,kale,vegetable,2024-04-28,4.0,9.46,37.84
7415,brett medina,36.0,davidburgh,173,kale,dairy,2024-07-03,3.0,13.42,40.26
7416,rhonda perkins,44.0,patriciaton,149,organic apples,vegetable,2024-05-19,2.0,17.61,35.22
7417,anthony smith,34.0,lake james,122,almond butter,snack,2024-03-23,3.0,14.56,43.68
7418,jennifer perez,41.0,andersonside,172,kale,vegetable,2024-08-16,2.0,3.65,7.3
7419,mary glenn,57.0,jonathanburgh,136,almond butter,snack,2024-05-07,3.0,11.27,33.81
7420,michelle turner,64.0,west susanland,137,fresh milk,dairy,2024-07-09,4.0,18.23,72.92
7421,theodore sexton,21.0,wardbury,168,granola,organic,2024-03-13,3.0,12.9,38.7
7422,robert thomas ii,29.0,meyersville,195,granola,dairy,2024-02-15,4.0,19.79,79.16
7423,karen diaz,47.0,east kimberlyborough,141,fresh milk,snack,2024-07-14,2.0,8.09,16.18
7424,denise dorsey,33.0,baileyland,153,tofu,vegetable,2024-08-24,1.0,15.2,15.2
7425,john wilson,66.0,north davidland,199,kale,vegetable,2024-09-01,1.0,17.62,17.62
7426,eddie ball,33.0,butlerville,172,granola,organic,2024-08-29,2.0,11.59,23.18
7427,joseph pace,32.0,davidtown,167,fresh milk,dairy,2024-04-22,4.0,19.82,79.28
7428,lisa rangel,18.0,east markborough,129,kale,snack,2024-02-02,1.0,1.04,1.04
7429,jamie arias,76.0,south allisonfort,183,organic apples,vegetable,2024-07-29,4.0,15.62,62.48
7430,steve poole,76.0,port alexandra,151,fresh milk,vegetable,2024-08-11,3.0,7.61,22.83
7431,juan cross,28.0,millerberg,154,tofu,dairy,2024-05-12,1.0,12.37,12.37
7432,joseph lin,73.0,south catherine,111,organic apples,vegetable,2024-04-23,1.0,17.79,17.79
7433,jennifer stewart,44.0,north travis,116,tofu,snack,2024-02-26,1.0,15.49,15.49
7434,michelle herring,77.0,matthewhaven,153,fresh milk,snack,2024-09-22,4.0,6.3,25.2
7435,robert watts,68.0,andreaberg,182,fresh milk,snack,2024-02-24,2.0,2.52,5.04
7436,charles meyer,39.0,cooperton,107,almond butter,vegetable,2024-01-21,2.0,156.45,312.9
7437,vincent adkins,26.0,south richard,155,kale,dairy,2024-10-28,2.0,12.34,24.68
7438,paula hall,28.0,jacobfort,122,organic apples,organic,2024-09-01,2.0,15.21,30.42
7439,jasmin dixon,79.0,coleville,127,granola,snack,2024-09-22,2.0,6.31,12.62
7440,christina miller dds,57.0,colemanbury,193,granola,organic,2024-10-13,2.0,14.3,28.6
7441,kimberly carter,20.0,johnsonburgh,184,granola,dairy,2024-03-01,4.0,10.66,42.64
7442,andrew contreras,19.0,west ryanside,164,tofu,organic,2024-09-30,3.0,7.97,23.91
7443,olivia moreno,77.0,donaldburgh,152,tofu,organic,2024-06-06,1.0,8.33,8.33
7444,brent lopez,68.0,west jeffery,171,organic apples,organic,2024-04-04,1.0,2.93,2.93
7445,william simmons,49.0,north danielberg,197,tofu,organic,2024-03-29,1.0,16.79,16.79
7446,joseph mathis,43.0,port jonathanport,149,granola,dairy,2024-10-13,2.0,18.4,36.8
7447,elizabeth johnson,35.0,alexanderborough,166,almond butter,dairy,2024-09-30,3.0,10.66,31.98
7448,angela ellis,55.0,lake emily,141,fresh milk,snack,2024-08-18,4.0,7.73,30.92
7449,misty luna,78.0,lake vanessa,104,kale,snack,2024-02-02,4.0,5.09,20.36
7450,donald lara,62.0,hoffmanshire,178,tofu,snack,2024-10-07,2.0,1.59,3.18
7451,theresa torres,73.0,williamsfort,171,granola,dairy,2024-02-04,1.0,5.79,5.79
7452,debra johnson,32.0,williammouth,184,almond butter,organic,2024-06-15,4.0,11.77,47.08
7453,nathaniel jones,48.0,new kendrashire,103,almond butter,vegetable,2024-03-09,3.0,6.39,19.17
7454,mr. riley knapp,30.0,new michelle,164,organic apples,vegetable,2024-07-26,2.0,1.21,2.42
7455,kayla reynolds,57.0,lake christinamouth,116,tofu,dairy,2024-09-01,1.0,16.56,16.56
7456,dr. jessica keith md,29.0,west tiffany,158,fresh milk,snack,2024-09-08,4.0,18.55,74.2
7457,judy holland,67.0,north timfurt,183,tofu,organic,2024-07-03,3.0,18.93,56.79
7458,kelly carney,25.0,monicaberg,192,kale,organic,2024-07-08,4.0,17.36,69.44
7459,bonnie torres,51.0,east stephenfort,142,organic apples,organic,2024-02-24,2.0,6.63,13.26
7460,jessica miller,49.0,stephaniebury,186,granola,dairy,2024-07-06,1.0,4.25,4.25
7461,jacqueline garrett,49.0,lake thomasborough,154,almond butter,vegetable,2024-09-10,1.0,3.76,3.76
7462,dr. brian schmidt,43.0,lake wesley,109,organic apples,vegetable,2024-06-01,2.0,4.66,9.32
7463,leslie lee,49.0,bennettville,111,granola,dairy,2024-10-13,3.0,9.98,29.94
7464,mr. gary flores,32.0,west emily,194,almond butter,dairy,2024-05-06,2.0,18.79,37.58
7465,anthony mccullough,65.0,west lawrence,177,kale,organic,2024-05-02,1.0,8.01,8.01
7466,john zamora,38.0,carlosville,168,kale,vegetable,2024-08-23,3.0,5.37,16.11
7467,george white,73.0,east ginafurt,189,kale,vegetable,2024-01-11,1.0,16.25,16.25
7468,kayla hebert,32.0,west alexis,194,organic apples,organic,2024-09-05,2.0,12.3,24.6
7469,heather soto,29.0,port adam,180,fresh milk,vegetable,2024-04-23,1.0,13.41,13.41
7471,jessica lyons,69.0,harmonmouth,112,fresh milk,organic,2024-02-14,3.0,11.45,34.349999999999994
7472,kristin jennings,35.0,monicamouth,153,organic apples,snack,2024-03-01,2.0,18.86,37.72
7473,allison williams,20.0,curtisview,116,fresh milk,snack,2024-10-09,2.0,3.9,7.8
7474,casey king,29.0,martinmouth,188,kale,dairy,2024-02-08,4.0,8.7,34.8
7475,jon brown,21.0,east kimside,111,tofu,organic,2024-01-10,2.0,2.8,5.6
7476,james estes,32.0,lake sue,197,granola,dairy,2024-10-06,1.0,16.18,16.18
7477,derek berg,22.0,wareland,100,kale,organic,2024-06-11,1.0,13.89,13.89
7478,nicole burns,50.0,west lydiaside,137,tofu,organic,2024-09-14,4.0,4.56,18.24
7479,jaclyn johnson,70.0,zacharyshire,198,granola,snack,2024-09-15,3.0,13.85,41.55
7480,jill jimenez,47.0,port melissaton,190,fresh milk,snack,2024-01-16,2.0,10.72,21.44
7481,shannon rodriguez,44.0,ashleychester,149,almond butter,organic,2024-04-03,4.0,18.52,74.08
7482,shelby tapia,53.0,jamesport,150,almond butter,snack,2024-05-12,1.0,5.27,5.27
7483,willie butler,75.0,lake henryfort,112,tofu,vegetable,2024-07-04,1.0,9.05,9.05
7484,patricia myers,30.0,new kennethview,112,fresh milk,vegetable,2024-10-28,3.0,6.62,19.86
7485,courtney james,20.0,port donald,145,kale,vegetable,2024-02-23,4.0,12.56,50.24
7486,kim gibbs,55.0,deborahstad,119,fresh milk,organic,2024-05-02,4.0,2.65,10.6
7487,taylor potter,44.0,new jeffrey,135,kale,dairy,2024-02-27,2.0,1.9,3.8
7488,derrick james,25.0,east thomashaven,172,kale,dairy,2024-07-17,2.0,5.37,10.74
7489,mark brown,66.0,sheliamouth,196,tofu,vegetable,2024-04-24,4.0,7.26,29.04
7490,jordan lynch,71.0,east randy,131,tofu,organic,2024-11-05,1.0,13.38,13.38
7491,chelsea booth,45.0,parsonsfurt,177,granola,dairy,2024-06-11,1.0,4.77,4.77
7492,jessica barnes,41.0,south tiffany,119,organic apples,snack,2024-05-05,1.0,1.63,1.63
7493,christina brady md,28.0,south isabellaview,122,granola,snack,2024-01-23,1.0,5.44,5.44
7494,victoria anderson,37.0,south charles,100,fresh milk,dairy,2024-05-17,1.0,11.98,11.98
7495,michael thompson,76.0,moorestad,162,almond butter,dairy,2024-03-15,1.0,4.92,4.92
7496,brian cuevas,26.0,tammieton,116,tofu,vegetable,2024-01-23,2.0,17.95,35.9
7497,jeremy garza,55.0,west jacobberg,160,tofu,dairy,2024-07-02,1.0,5.33,5.33
7498,charles lowe,42.0,port gabriel,125,kale,dairy,2024-06-04,1.0,7.11,7.11
7499,joseph cain,48.0,west duanefort,189,kale,dairy,2024-01-01,2.0,16.71,33.42
7500,daniel tate phd,70.0,lake rebekah,125,granola,vegetable,2024-07-11,4.0,16.57,66.28
7501,mrs. donna garcia md,64.0,reginamouth,110,kale,snack,2024-09-19,4.0,2.94,11.76
7502,veronica peterson,53.0,edwardsbury,136,fresh milk,snack,2024-09-17,4.0,16.74,66.96
7503,bobby carson,59.0,lindaton,134,almond butter,dairy,2024-10-11,2.0,1.85,3.7
7504,rachel schroeder,23.0,south philliptown,111,organic apples,snack,2024-01-03,3.0,14.73,44.19
7505,david chambers,60.0,jasonborough,189,almond butter,snack,2024-01-01,2.0,10.95,21.9
7506,matthew mason,72.0,phillipsbury,136,organic apples,dairy,2024-09-03,2.0,19.2,38.4
7507,heather love,31.0,jenningsside,198,granola,snack,2024-09-11,2.0,16.51,33.02
7509,samuel davidson,52.0,port carl,107,granola,dairy,2024-10-29,2.0,7.49,14.98
7510,tamara brown,56.0,lake harryhaven,167,organic apples,snack,2024-04-22,3.0,10.32,30.96
7511,david rodriguez,44.0,campbellville,138,organic apples,dairy,2024-11-01,3.0,19.94,59.82000000000001
7512,mary scott,19.0,brittanyfort,138,granola,snack,2024-01-26,1.0,4.9,4.9
7513,jessica marsh,40.0,thomasfort,136,granola,vegetable,2024-08-29,3.0,4.56,13.68
7514,benjamin mckenzie,28.0,lake megan,195,tofu,snack,2024-05-08,1.0,14.45,14.45
7515,patricia terry,56.0,micheleside,106,tofu,snack,2024-07-28,1.0,11.86,11.86
7516,teresa thomas,45.0,south lawrencefort,125,almond butter,organic,2024-06-28,2.0,18.94,37.88
7517,isaiah brock,52.0,christineberg,142,granola,organic,2024-07-03,4.0,19.79,79.16
7518,haley garza,27.0,south cherylborough,117,tofu,snack,2024-01-24,1.0,11.93,11.93
7519,cassandra jackson,62.0,north dominiqueshire,162,kale,organic,2024-05-02,1.0,10.67,10.67
7520,brian jones,24.0,coreyhaven,158,organic apples,vegetable,2024-02-27,2.0,5.68,11.36
7521,daniel wilson,26.0,west tina,162,organic apples,organic,2024-04-29,4.0,18.39,73.56
7522,jonathan rodriguez,34.0,east michael,133,tofu,vegetable,2024-01-31,3.0,15.83,47.49
7523,matthew taylor,45.0,figueroashire,103,granola,vegetable,2024-03-18,1.0,1.6,1.6
7524,stephanie beard,18.0,north angela,169,kale,snack,2024-10-07,3.0,12.32,36.96
7525,debra hunter,69.0,patrickview,159,granola,organic,2024-02-21,3.0,17.77,53.31
7526,harold patterson,50.0,west codyton,111,kale,dairy,2024-03-27,1.0,15.74,15.74
7527,erika price,35.0,wilsonport,118,fresh milk,vegetable,2024-03-15,1.0,8.75,8.75
7528,todd shepard,21.0,lake tracyport,192,tofu,vegetable,2024-08-13,2.0,12.88,25.76
7529,angela davis,42.0,new marybury,114,tofu,snack,2024-07-08,4.0,2.6,10.4
7530,tommy liu,39.0,ronaldhaven,133,tofu,dairy,2024-04-23,4.0,7.07,28.28
7531,jon meyer,54.0,conyreraston,123,granola,dairy,2024-09-21,3.0,1.28,3.84
7532,vincent tran,45.0,kingview,170,fresh milk,snack,2024-02-02,1.0,13.06,13.06
7533,lauren watson,42.0,east tara,106,tofu,dairy,2024-09-26,4.0,11.16,44.64
7535,joseph allen,73.0,johnsonstad,105,fresh milk,vegetable,2024-08-24,1.0,7.79,7.79
7536,jeffrey stewart,46.0,kaylaton,195,tofu,snack,2024-09-23,4.0,10.67,42.68
7537,holly wright,71.0,lake angelachester,101,fresh milk,dairy,2024-04-28,4.0,11.5,46.0
7538,brandon king,76.0,carlberg,190,kale,vegetable,2024-11-03,4.0,14.04,56.16
7539,lisa bass,35.0,carlosview,148,almond butter,organic,2024-08-22,2.0,13.31,26.62
7540,mikayla ruiz,76.0,wileybury,133,almond butter,snack,2024-10-25,3.0,4.68,14.04
7541,tyler hughes,78.0,south nicholas,147,kale,organic,2024-04-30,2.0,276.59,553.18
7542,adam moore,52.0,danielsshire,171,fresh milk,snack,2024-09-20,3.0,6.1,18.3
7543,debra sutton,79.0,kellyberg,168,kale,vegetable,2024-10-03,4.0,5.52,22.08
7544,caleb walker,73.0,new hannah,129,granola,organic,2024-08-12,1.0,13.7,13.7
7545,robert marshall,38.0,kirkmouth,132,tofu,snack,2024-09-14,2.0,13.11,26.22
7547,jeanne peterson,79.0,north colleen,147,tofu,organic,2024-01-02,3.0,18.06,54.17999999999999
7548,erin lin,40.0,west samantha,167,organic apples,organic,2024-02-11,1.0,10.15,10.15
7549,benjamin jones,52.0,port cheyenneville,101,fresh milk,snack,2024-03-10,1.0,16.83,16.83
7550,kayla raymond,62.0,jacksonhaven,126,granola,dairy,2024-03-01,1.0,18.7,18.7
7551,kathleen ford,63.0,west cheryl,198,tofu,organic,2024-06-16,1.0,18.64,18.64
7552,kimberly williamson,42.0,dorseyshire,149,almond butter,vegetable,2024-07-20,4.0,15.91,63.64
7553,sonya yoder,63.0,kellychester,199,organic apples,snack,2024-06-09,2.0,18.97,37.94
7554,philip davis,65.0,port samanthatown,124,kale,snack,2024-05-12,4.0,11.61,46.44
7555,denise watkins,77.0,brandonborough,184,tofu,organic,2024-02-11,4.0,13.0,52.0
7556,michael choi,39.0,east dylan,170,kale,vegetable,2024-05-21,4.0,10.51,42.04
7557,mrs. dana becker,52.0,markville,186,tofu,organic,2024-09-25,4.0,6.85,27.4
7558,chad moyer,25.0,robinsontown,167,kale,vegetable,2024-10-19,3.0,16.93,50.79
7559,mr. david palmer md,25.0,port williamstad,140,fresh milk,dairy,2024-09-30,3.0,5.74,17.22
7560,dana clark,50.0,new stevenfort,183,almond butter,snack,2024-10-28,3.0,2.56,7.68
7561,steven hall,39.0,deniseberg,197,fresh milk,snack,2024-09-22,3.0,9.45,28.35
7562,kevin kline,72.0,brandonton,114,organic apples,snack,2024-09-08,3.0,16.08,48.24
7563,deborah hanson,19.0,new melvinborough,103,tofu,dairy,2024-09-07,1.0,16.85,16.85
7564,tyler graham,62.0,new joannbury,115,almond butter,vegetable,2024-10-16,4.0,8.37,33.48
7565,brittany williams,36.0,south maria,170,almond butter,snack,2024-07-07,1.0,11.95,11.95
7566,jennifer morris,35.0,hannaburgh,135,kale,organic,2024-04-09,2.0,4.2,8.4
7567,allison smith,59.0,brandontown,136,granola,vegetable,2024-03-26,1.0,7.79,7.79
7568,lori nolan,48.0,new sharon,134,kale,vegetable,2024-07-14,4.0,15.4,61.6
7570,shane bradley,35.0,floresville,127,organic apples,dairy,2024-05-22,4.0,18.74,74.96
7571,david berg,28.0,burchstad,161,fresh milk,vegetable,2024-01-05,4.0,9.97,39.88
7573,ryan lawson,55.0,ellenville,152,tofu,vegetable,2024-04-16,4.0,18.42,73.68
7575,jennifer miller,73.0,east michaelbury,120,almond butter,organic,2024-01-31,3.0,13.55,40.650000000000006
7576,molly schmidt,33.0,evelynmouth,195,tofu,organic,2024-06-15,2.0,2.07,4.14
7577,sabrina jones,42.0,port jamiehaven,190,almond butter,dairy,2024-03-03,4.0,3.13,12.52
7578,samantha joseph,49.0,shawchester,171,fresh milk,vegetable,2024-07-02,3.0,3.35,10.05
7579,tammy wilcox,45.0,lake tamaraland,198,granola,vegetable,2024-03-24,1.0,17.45,17.45
7580,diana barrett,50.0,pagechester,116,granola,vegetable,2024-02-29,4.0,3.14,12.56
7581,ashley williams,24.0,davidfurt,191,almond butter,dairy,2024-08-21,4.0,10.41,41.64
7583,christian baldwin,65.0,cruzfort,191,granola,vegetable,2024-04-05,2.0,5.09,10.18
7584,dr. david kelly,35.0,lunaton,176,tofu,organic,2024-03-26,2.0,17.77,35.54
7585,david jones,61.0,south adam,155,fresh milk,organic,2024-01-25,2.0,10.12,20.24
7586,christine davis,67.0,robbinstown,190,almond butter,dairy,2024-06-28,3.0,8.11,24.33
7587,melissa williamson,45.0,north stephanie,137,fresh milk,dairy,2024-05-13,4.0,8.33,33.32
7588,corey cooper,59.0,east victorchester,187,kale,vegetable,2024-03-15,3.0,1.3,3.9
7589,victor rogers,33.0,east nicholashaven,152,organic apples,snack,2024-10-28,2.0,4.98,9.96
7590,jesse phillips,20.0,new sarahfurt,193,fresh milk,snack,2024-06-17,3.0,14.97,44.91
7591,grace goodman,48.0,sharpport,110,organic apples,organic,2024-11-06,2.0,2.06,4.12
7593,yvonne frey,21.0,kristenport,188,tofu,snack,2024-08-30,2.0,16.16,32.32
7594,devin santiago,75.0,liuland,149,organic apples,dairy,2024-01-20,3.0,3.92,11.76
7595,jason mitchell,71.0,west marctown,151,almond butter,organic,2024-03-10,4.0,7.33,29.32
7596,robert murray,22.0,thompsonburgh,162,granola,dairy,2024-01-23,4.0,8.82,35.28
7597,stephen hahn,33.0,rebeccamouth,146,fresh milk,snack,2024-03-05,4.0,4.49,17.96
7598,sarah hebert,77.0,new jaytown,193,fresh milk,dairy,2024-08-24,1.0,5.78,5.78
7599,shelly hughes,57.0,lake christopherfurt,133,kale,dairy,2024-11-02,4.0,14.55,58.2
7600,brenda nelson,25.0,north aprilchester,113,organic apples,snack,2024-01-29,3.0,6.03,18.09
7601,jorge johnson md,73.0,sarashire,148,tofu,snack,2024-01-20,4.0,13.62,54.48
7602,kimberly hill,58.0,taraberg,135,almond butter,snack,2024-07-26,1.0,12.49,12.49
7604,brandon ross,41.0,port melissa,127,fresh milk,dairy,2024-06-24,1.0,18.69,18.69
7605,edward reyes,21.0,new jamesberg,178,granola,vegetable,2024-09-02,4.0,13.6,54.4
7606,madison montgomery,41.0,saratown,123,kale,dairy,2024-06-02,2.0,2.22,4.44
7607,ashley anderson,78.0,west michaelfort,163,kale,dairy,2024-09-01,1.0,15.62,15.62
7608,benjamin nguyen,59.0,meghanbury,125,fresh milk,snack,2024-03-08,4.0,17.94,71.76
7609,maria torres,36.0,west maria,109,kale,organic,2024-05-12,3.0,1.62,4.86
7610,stephen grant,34.0,ayersburgh,173,tofu,dairy,2024-10-19,1.0,13.41,13.41
7611,austin king,29.0,johnstad,126,almond butter,snack,2024-05-23,4.0,16.36,65.44
7613,crystal murphy,48.0,johnsonberg,185,granola,snack,2024-08-14,2.0,3.32,6.64
7614,sara rojas,35.0,robertville,192,tofu,organic,2024-02-15,1.0,8.42,8.42
7615,natalie andrews,29.0,south dustin,172,kale,snack,2024-04-09,4.0,5.44,21.76
7616,scott evans,45.0,north erin,127,granola,snack,2024-10-11,4.0,6.25,25.0
7617,sarah sandoval,79.0,wrightmouth,146,organic apples,dairy,2024-10-13,2.0,2.33,4.66
7618,michael mccann,23.0,jamesfort,184,almond butter,vegetable,2024-03-21,2.0,17.34,34.68
7619,jessica bruce,76.0,adamside,162,granola,snack,2024-04-23,1.0,9.25,9.25
7620,david fisher,49.0,nicholasfurt,182,kale,dairy,2024-08-31,2.0,18.94,37.88
7622,connie aguilar,23.0,north tamarachester,179,tofu,dairy,2024-01-23,1.0,3.24,3.24
7623,steven miller,34.0,port emilyborough,123,organic apples,snack,2024-07-23,4.0,3.25,13.0
7624,natalie peterson,52.0,gabrielberg,119,tofu,dairy,2024-09-27,1.0,4.22,4.22
7625,kelly smith,34.0,north sandra,117,granola,vegetable,2024-04-27,2.0,2.14,4.28
7626,cody beck,56.0,port brittany,183,tofu,dairy,2024-06-21,4.0,18.94,75.76
7627,martha french,40.0,port sarah,172,organic apples,vegetable,2024-07-12,4.0,13.17,52.68
7628,dawn guerrero,67.0,west caroline,139,organic apples,organic,2024-10-12,2.0,4.58,9.16
7629,mrs. renee simmons,67.0,east vincent,188,fresh milk,organic,2024-05-02,129.0,6.43,829.4699999999999
7630,christopher daniels,72.0,anthonymouth,106,almond butter,vegetable,2024-02-24,2.0,19.15,38.3
7631,sean ray,68.0,port clinton,162,granola,vegetable,2024-04-02,2.0,12.63,25.26
7632,christopher wilson,25.0,north yvettemouth,191,tofu,snack,2024-01-15,3.0,3.78,11.34
7633,jordan blair,76.0,port michaela,168,kale,organic,2024-06-01,3.0,10.49,31.47
7634,james ortiz,40.0,beckton,104,fresh milk,organic,2024-06-09,4.0,15.7,62.8
7635,jeremy hess,24.0,east elizabethmouth,142,tofu,organic,2024-02-26,1.0,3.96,3.96
7636,christopher james,62.0,jeannefurt,158,almond butter,vegetable,2024-08-15,2.0,17.97,35.94
7637,daniel solis,26.0,cherryfort,179,kale,organic,2024-07-03,3.0,1.83,5.49
7638,joseph boone,43.0,south juliaville,192,fresh milk,dairy,2024-08-02,3.0,18.93,56.79
7639,mark riddle,33.0,west lisa,180,tofu,vegetable,2024-08-07,2.0,262.74,525.48
7640,cynthia brewer,68.0,east christopher,161,granola,vegetable,2024-03-24,1.0,6.29,6.29
7641,rebecca morton,65.0,east jacquelinechester,107,kale,organic,2024-01-21,3.0,18.32,54.96
7642,kristin simpson,74.0,matthewshaven,139,fresh milk,organic,2024-11-05,4.0,15.75,63.0
7643,kimberly blair,60.0,west lisa,159,granola,organic,2024-05-16,4.0,18.5,74.0
7644,mindy king,28.0,sabrinaville,144,almond butter,snack,2024-03-09,1.0,8.5,8.5
7645,robert owen,20.0,north andrew,106,organic apples,dairy,2024-08-06,3.0,19.52,58.56
7646,gary bowen,42.0,north raymondbury,124,fresh milk,dairy,2024-01-10,180.0,2.51,451.8
7647,aaron ingram,53.0,north lauren,170,tofu,organic,2024-04-17,1.0,11.51,11.51
7648,brenda duffy,42.0,new patrickview,180,granola,organic,2024-04-10,2.0,17.77,35.54
7649,paul tran,62.0,wongport,199,kale,organic,2024-04-15,4.0,10.49,41.96
7650,randall ochoa,61.0,west amandabury,114,almond butter,dairy,2024-02-03,4.0,9.36,37.44
7651,veronica scott,49.0,port heathermouth,107,organic apples,dairy,2024-01-01,3.0,4.49,13.47
7652,nathan moran,26.0,port christyshire,195,granola,vegetable,2024-01-01,2.0,19.25,38.5
7653,mariah conway,24.0,west margaret,119,organic apples,vegetable,2024-08-19,1.0,8.88,8.88
7654,dennis ferguson,74.0,bryanthaven,117,organic apples,dairy,2024-07-01,3.0,16.25,48.75
7655,nancy leon,66.0,north davidburgh,150,granola,dairy,2024-02-23,3.0,5.0,15.0
7656,erin wagner,24.0,new william,174,fresh milk,dairy,2024-04-15,2.0,7.38,14.76
7658,paula myers,66.0,south william,114,fresh milk,snack,2024-06-15,1.0,13.32,13.32
7659,candice morris,68.0,nguyenborough,186,kale,organic,2024-02-29,3.0,17.64,52.92
7660,ann spencer,28.0,port williamborough,138,tofu,snack,2024-05-05,4.0,11.0,44.0
7661,christine nichols,39.0,johnsonstad,116,granola,snack,2024-02-20,1.0,1.33,1.33
7662,jose scott phd,29.0,valdezport,122,tofu,vegetable,2024-01-06,3.0,3.28,9.84
7663,kevin price,78.0,north kimberlyborough,120,granola,dairy,2024-07-17,3.0,10.91,32.730000000000004
7664,casey johnson,77.0,norjh christown,190,almond butter,vegetable,2024-10-27,3.0,5.57,16.71
7665,curtis sheppard,22.0,port christinaside,110,organic apples,snack,2024-02-24,4.0,15.48,61.92
7666,lisa cowan,64.0,comptonbury,156,almond butter,dairy,2024-07-01,1.0,7.12,7.12
7667,tony davis,42.0,south reginaside,119,fresh milk,snack,2024-09-03,4.0,16.71,66.84
7668,benjamin garza,21.0,christopherbury,180,kale,snack,2024-11-08,3.0,11.85,35.55
7669,joshua hill,68.0,lake michaelland,194,granola,snack,2024-06-02,2.0,421.87,843.74
7670,lisa vazquez,62.0,mariaville,158,organic apples,dairy,2024-10-18,3.0,13.53,40.59
7671,carol vance,43.0,port charlesstad,137,almond butter,dairy,2024-07-29,1.0,16.73,16.73
7672,brittany padilla,19.0,north jacobborough,170,almond butter,vegetable,2024-05-30,3.0,7.35,22.05
7673,debbie lambert,39.0,alexanderfort,171,granola,dairy,2024-09-17,1.0,3.24,3.24
7674,mark hardin,20.0,new gregoryhaven,105,organic apples,dairy,2024-05-01,1.0,6.73,6.73
7675,jane goodwin,33.0,ryapview,186,kale,snack,2024-10-01,1.0,2.52,2.52
7676,hector harris,74.0,south annafurt,165,almond butter,vegetable,2024-07-04,4.0,16.99,67.96
7677,christine perkins,58.0,north michellemouth,158,fresh milk,snack,2024-10-21,1.0,7.59,7.59
7678,mark rojas,34.0,lindaberg,148,fresh milk,organic,2024-05-02,2.0,16.59,33.18
7679,frederick boyd,63.0,south david,117,granola,organic,2024-01-23,3.0,8.89,26.67
7680,jennifer anderson,55.0,south katherineborough,149,fresh milk,organic,2024-11-01,1.0,1.74,1.74
7681,nancy meyers,46.0,port tanya,177,kale,snack,2024-10-02,3.0,3.68,11.04
7682,kelly lester,63.0,new sarahfort,136,kale,vegetable,2024-08-27,2.0,18.08,36.16
7683,matthew floyd,19.0,east steventown,121,kale,organic,2024-04-30,2.0,12.49,24.98
7684,jessica sanchez,57.0,east marystad,139,almond butter,dairy,2024-10-15,4.0,3.75,15.0
7685,amber smith,30.0,reevesmouth,100,almond butter,snack,2024-08-31,2.0,12.39,24.78
7686,patrick garcia,78.0,lake jasonchester,118,fresh milk,dairy,2024-10-29,1.0,18.65,18.65
7687,mark allen,22.0,lake richard,146,tofu,vegetable,2024-09-07,3.0,10.86,32.58
7688,elijah robinson,37.0,east nicholas,176,organic apples,snack,2024-04-12,4.0,9.66,38.64
7689,daniel taylor,46.0,glassville,174,almond butter,organic,2024-05-21,2.0,4.4,8.8
7690,david jones,23.0,south reginastad,126,fresh milk,dairy,2024-04-12,4.0,8.01,32.04
7691,christina thompson,36.0,jasontown,168,organic apples,snack,2024-10-07,2.0,17.22,34.44
7692,adrian curry,32.0,lake karl,190,tofu,dairy,2024-10-03,1.0,1.01,1.01
7693,robert vazquez,25.0,douglashaven,170,tofu,vegetable,2024-10-05,2.0,15.94,31.88
7694,andrew lozano,73.0,west katieborough,151,kale,dairy,2024-10-07,3.0,7.35,22.05
7696,dylan duncan,68.0,adrianshire,177,organic apples,organic,2024-01-20,1.0,7.45,7.45
7697,brittany sparks,53.0,south jacob,191,fresh milk,dairy,2024-09-15,2.0,11.27,22.54
7698,dr. pamela boone,64.0,floresmouth,116,fresh milk,snack,2024-06-27,2.0,10.92,21.84
7699,stacy clark,41.0,lake jason,147,almond butter,vegetable,2024-03-03,3.0,11.27,33.81
7700,thomas wilkins,50.0,lake kevintown,199,fresh milk,vegetable,2024-04-08,3.0,10.65,31.950000000000003
7701,pamela rogers md,38.0,dawsonstad,176,fresh milk,organic,2024-03-16,4.0,12.01,48.04
7702,randall hess,72.0,east felicia,199,kale,dairy,2024-03-13,2.0,16.31,32.62
7703,joseph miranda,54.0,port cesarfurt,130,fresh milk,vegetable,2024-09-09,2.0,4.33,8.66
7704,jeffrey payne,54.0,port natalieshire,180,organic apples,snack,2024-11-03,3.0,4.26,12.78
7705,brittany washington,75.0,north david,112,fresh milk,snack,2024-04-08,1.0,11.08,11.08
7706,brandon garcia,33.0,perrybury,179,organic apples,dairy,2024-10-05,4.0,4.14,16.56
7708,katelyn horn,56.0,garytown,147,tofu,vegetable,2024-06-02,1.0,16.2,16.2
7709,ryan bird,18.0,lake teresaville,182,kale,dairy,2024-01-04,3.0,3.08,9.24
7710,amanda salazar,73.0,port williamshire,117,organic apples,snack,2024-10-20,4.0,2.42,9.68
7711,andrew mcdonald,46.0,lanefort,125,almond butter,snack,2024-10-23,4.0,19.58,78.32
7712,harold pierce,25.0,east lisaborough,132,tofu,dairy,2024-07-11,4.0,17.67,70.68
7713,cynthia hinton,65.0,raymondberg,139,tofu,snack,2024-05-28,2.0,15.83,31.66
7714,michele johnson,77.0,east ericaport,147,fresh milk,organic,2024-04-29,128.0,2.87,367.36
7715,emily grimes,55.0,west andrew,148,granola,vegetable,2024-03-04,1.0,15.54,15.54
7716,john hunt,50.0,new allen,107,almond butter,dairy,2024-08-06,2.0,2.0,4.0
7717,brittany lewis,38.0,lake michael,192,granola,dairy,2024-02-25,4.0,9.03,36.12
7718,terry davidson,41.0,mahoneybury,196,kale,dairy,2024-09-09,2.0,9.64,19.28
7719,paul lowe,22.0,timothyville,144,granola,vegetable,2024-01-30,1.0,3.52,3.52
7720,brittany french,52.0,east beth,102,almond butter,vegetable,2024-06-25,2.0,19.8,39.6
7721,christopher lane,33.0,williamshaven,125,almond butter,snack,2024-05-15,2.0,18.06,36.12
7722,dustin coleman,61.0,lake cliffordchester,143,granola,organic,2024-10-28,4.0,11.25,45.0
7723,vincent smith,26.0,deanborough,119,fresh milk,organic,2024-09-28,2.0,1.63,3.26
7724,todd cisneros,50.0,crystalmouth,159,almond butter,organic,2024-09-10,2.0,17.69,35.38
7725,linda whitaker,36.0,patrickberg,123,granola,dairy,2024-06-13,1.0,19.39,19.39
7726,amy gardner,27.0,lake tina,125,tofu,organic,2024-10-06,4.0,15.04,60.16
7727,luis frazier,39.0,valunzuelashire,110,organic apples,organic,2024-02-11,2.0,5.38,10.76
7728,jaime lin,41.0,richardshire,169,granola,organic,2024-08-19,3.0,2.11,6.33
7729,zachary bryant,72.0,paigeview,103,organic apples,vegetable,2024-08-20,2.0,17.52,35.04
7730,hannah mcintosh,40.0,south tinaberg,116,kale,snack,2024-01-15,3.0,18.43,55.29
7731,cody olson,34.0,joshualand,159,kale,dairy,2024-09-14,2.0,13.85,27.7
7732,jason brewer,51.0,allenborough,173,tofu,vegetable,2024-04-12,2.0,7.41,14.82
7733,elizabeth carroll,75.0,lake alicia,153,granola,dairy,2024-10-17,4.0,2.44,9.76
7734,mr. carlos harrington md,41.0,ericastad,172,granola,vegetable,2024-02-01,4.0,12.93,51.72
7735,madison hudson,75.0,lake michael,121,almond butter,vegetable,2024-07-04,1.0,4.93,4.93
7737,rebecca scott,32.0,west kimberlyfurt,101,tofu,snack,2024-04-10,4.0,3.08,12.32
7738,lori davis,63.0,port miranda,144,organic apples,snack,2024-09-25,2.0,2.53,5.06
7739,dana allen,62.0,youngborough,144,granola,organic,2024-04-03,4.0,16.25,65.0
7741,kristin walker,77.0,south marc,199,fresh milk,organic,2024-08-14,3.0,17.14,51.42
7742,linda mitchell,30.0,jasmineburgh,111,granola,dairy,2024-01-17,1.0,9.43,9.43
7743,christopher jones,68.0,east stephanie,148,organic apples,dairy,2024-10-06,1.0,2.12,2.12
7744,amy wilcox,34.0,east kaitlynmouth,173,organic apples,dairy,2024-05-14,3.0,7.6,22.8
7745,joyce smith,73.0,south lawrencemouth,120,tofu,snack,2024-02-08,2.0,8.64,17.28
7746,michelle murphy,72.0,martinezland,187,granola,snack,2024-08-23,2.0,5.17,10.34
7747,austin bowers,23.0,pittsshire,111,kale,snack,2024-07-08,4.0,18.69,74.76
7748,william williams,23.0,currychester,111,granola,organic,2024-08-08,4.0,6.35,25.4
7749,george jackson,28.0,south georgeshire,171,almond butter,snack,2024-01-23,2.0,12.44,24.88
7750,tristan rowland,75.0,port amymouth,181,granola,snack,2024-06-20,3.0,7.94,23.82
7751,whitney ellis,47.0,port davidfort,159,fresh milk,dairy,2024-04-09,1.0,10.54,10.54
7752,jeanette page,35.0,yateschester,167,fresh milk,organic,2024-10-11,3.0,7.97,23.91
7753,richard hicks,77.0,jennabury,121,organic apples,organic,2024-02-03,3.0,7.38,22.14
7754,julie aguilar,62.0,south michelle,124,kale,vegetable,2024-08-16,3.0,6.91,20.73
7755,kathleen day,27.0,sextonborough,115,kale,dairy,2024-11-07,4.0,17.91,71.64
7756,margaret conley,22.0,north carla,109,almond butter,dairy,2024-10-01,4.0,6.09,24.36
7757,kristina pratt md,42.0,youngchester,145,kale,snack,2024-09-14,1.0,4.58,4.58
7758,tina atkins,34.0,ramirezmouth,192,fresh milk,vegetable,2024-02-13,2.0,5.11,10.22
7759,isaac maldonado,50.0,bakerview,171,kale,vegetable,2024-07-26,1.0,8.07,8.07
7760,kendra byrd,29.0,west jacob,159,almond butter,vegetable,2024-10-02,4.0,17.63,70.52
7761,tammy williams,29.0,lake kiara,181,organic apples,dairy,2024-09-18,4.0,7.83,31.32
7762,sonya jordan,62.0,south jacobtown,146,organic apples,vegetable,2024-04-10,1.0,8.36,8.36
7763,matthew valentine,54.0,east sandra,125,almond butter,dairy,2024-02-24,1.0,6.24,6.24
7764,brian cowan,66.0,lake amymouth,155,kale,vegetable,2024-06-22,1.0,6.12,6.12
7765,walter jackson,43.0,west oscarfurt,171,fresh milk,organic,2024-01-08,3.0,12.88,38.64
7766,elizabeth jackson,75.0,new codymouth,140,fresh milk,snack,2024-03-20,4.0,13.37,53.48
7767,zachary powers,65.0,longton,150,almond butter,vegetable,2024-09-04,3.0,12.11,36.33
7768,micheal gray,48.0,sarahbury,119,kale,organic,2024-04-01,2.0,1.96,3.92
7769,adam goodwin,26.0,port keith,124,organic apples,snack,2024-03-12,1.0,14.07,14.07
7770,kimberly rodgers,78.0,aaronborough,180,granola,vegetable,2024-03-02,1.0,12.6,12.6
7771,jason miller,37.0,brianside,148,kale,dairy,2024-03-14,2.0,10.45,20.9
7772,christina walker,74.0,west caitlin,133,granola,dairy,2024-04-14,4.0,11.85,47.4
7773,kimberly white,59.0,port andreafort,142,almond butter,vegetable,2024-08-26,1.0,8.86,8.86
7774,brett ramirez,42.0,new alec,178,almond butter,organic,2024-10-26,2.0,1.22,2.44
7775,robert johnson,44.0,jessicashire,133,tofu,dairy,2024-05-23,2.0,15.75,31.5
7776,monica herrera,38.0,west brandonburgh,113,organic apples,organic,2024-10-01,1.0,4.46,4.46
7777,michael jackson md,59.0,timothyside,155,almond butter,snack,2024-03-09,2.0,15.24,30.48
7778,andre jensen,23.0,new karen,154,fresh milk,organic,2024-03-25,4.0,18.53,74.12
7779,christine white,55.0,jessicaberg,188,tofu,vegetable,2024-09-21,3.0,7.34,22.02
7780,michael smith,27.0,jenniferberg,141,organic apples,vegetable,2024-10-19,1.0,15.72,15.72
7782,jeffrey ponce,21.0,marpland,171,fresh milk,dairy,2024-03-10,4.0,6.16,24.64
7783,brian caldwell,40.0,west jessica,104,fresh milk,organic,2024-02-27,4.0,12.96,51.84
7784,robert griffith,54.0,port susanmouth,116,fresh milk,dairy,2024-10-07,3.0,2.21,6.63
7785,brett jordan,62.0,north martinhaven,133,granola,dairy,2024-11-04,2.0,2.42,4.84
7786,audrey roy,44.0,diazstad,111,almond butter,organic,2024-01-15,1.0,3.9,3.9
7787,riley sanchez,60.0,nathanfort,197,kale,vegetable,2024-02-05,1.0,15.3,15.3
7788,miguel cochran,43.0,south jessicamouth,198,kale,dairy,2024-08-23,1.0,19.38,19.38
7789,marie williams,26.0,port jonathan,109,granola,organic,2024-06-12,173.0,9.23,1596.79
7790,shelley king,58.0,stephanieview,122,organic apples,snack,2024-09-03,3.0,9.04,27.12
7791,andre schultz,58.0,carrollburgh,194,organic apples,vegetable,2024-06-24,4.0,11.59,46.36
7792,alyssa black,54.0,new sabrinaview,124,granola,snack,2024-05-31,3.0,19.08,57.24
7793,morgan cooke,25.0,north ashley,194,organic apples,dairy,2024-07-31,4.0,11.47,45.88
7794,john morrison,44.0,east aarontown,165,tofu,vegetable,2024-01-16,1.0,14.62,14.62
7795,kenneth washington,67.0,new lauren,114,almond butter,vegetable,2024-07-07,1.0,16.27,16.27
7796,tiffany lewis dds,71.0,new jessicabury,195,granola,dairy,2024-05-01,4.0,13.21,52.84
7798,andrea adams,33.0,veronicabury,163,granola,dairy,2024-06-15,1.0,8.2,8.2
7799,bradley jennings,74.0,robinsonburgh,173,almond butter,snack,2024-07-15,3.0,7.44,22.32
7800,justin henry,62.0,port adamville,158,organic apples,snack,2024-08-03,2.0,16.92,33.84
7801,hailey david,54.0,rebeccaville,195,organic apples,organic,2024-04-16,3.0,14.66,43.98
7802,miguel richardson,71.0,new anthony,167,tofu,snack,2024-03-10,2.0,18.54,37.08
7803,heather huber,52.0,west alanland,104,organic apples,snack,2024-06-20,3.0,2.4,7.199999999999999
7804,steven palmer,48.0,lake alyssashire,152,fresh milk,snack,2024-09-08,4.0,3.82,15.28
7805,sean flores,74.0,west rebeccaview,187,kale,organic,2024-02-28,1.0,14.63,14.63
7806,katherine brown,49.0,romanbury,107,almond butter,snack,2024-10-04,4.0,5.51,22.04
7807,george arnold,40.0,north haydenside,128,kale,organic,2024-09-28,3.0,8.73,26.19
7808,mary keller,74.0,port sherrymouth,109,almond butter,vegetable,2024-07-29,4.0,3.08,12.32
7809,alyssa cummings,35.0,port jenniferland,122,tofu,organic,2024-03-07,4.0,17.32,69.28
7810,shannon kane,33.0,west john,153,granola,organic,2024-02-22,2.0,18.38,36.76
7811,calvin rice,28.0,phillipfurt,106,organic apples,vegetable,2024-10-19,1.0,262.15,262.15
7812,mr. edward hamilton,40.0,south aaronview,133,organic apples,snack,2024-04-04,3.0,18.05,54.150000000000006
7814,james stone,34.0,michaelborough,193,fresh milk,vegetable,2024-09-17,4.0,19.53,78.12
7815,terri butler,54.0,east helen,102,organic apples,snack,2024-02-11,4.0,1.72,6.88
7816,victoria jones,49.0,martinshire,110,almond butter,snack,2024-04-21,4.0,2.49,9.96
7817,michelle suarez,32.0,thorntonfurt,144,almond butter,dairy,2024-03-14,3.0,15.57,46.71
7818,dennis davis,27.0,east kellishire,190,fresh milk,dairy,2024-09-19,2.0,5.32,10.64
7819,benjamin house,59.0,hernandezport,187,granola,dairy,2024-11-04,4.0,18.51,74.04
7820,brandon walker,23.0,port joshua,184,organic apples,organic,2024-10-22,1.0,15.61,15.61
7821,barry robertson,27.0,jeffreyfort,143,granola,dairy,2024-05-30,3.0,15.84,47.52
7822,samuel davis,45.0,lake wendy,148,almond butter,organic,2024-02-27,3.0,17.01,51.03
7823,carlos mendez,35.0,johnstonton,154,fresh milk,snack,2024-05-15,3.0,200.28,600.84
7824,christopher hill,41.0,lake ronaldland,192,tofu,organic,2024-09-09,1.0,14.35,14.35
7825,kevin morales,21.0,south holly,172,organic apples,snack,2024-07-22,2.0,12.65,25.3
7826,david lee,35.0,new brookeville,104,kale,vegetable,2024-09-21,1.0,12.78,12.78
7827,joshua olsen,27.0,east jasonside,153,kale,snack,2024-08-07,1.0,18.86,18.86
7828,ashley caldwell,43.0,lake amytown,127,fresh milk,vegetable,2024-04-17,4.0,19.52,78.08
7829,timothy pierce,36.0,lake christy,157,organic apples,vegetable,2024-04-30,4.0,5.7,22.8
7830,cristina frank,63.0,lake kendra,159,tofu,dairy,2024-10-06,1.0,8.96,8.96
7831,thomas mullins,72.0,east susan,105,kale,organic,2024-04-01,3.0,11.8,35.400000000000006
7832,darrell stevens,42.0,melanieside,128,fresh milk,dairy,2024-09-07,3.0,8.52,25.56
7833,robin martinez,66.0,south stacie,162,fresh milk,snack,2024-10-26,4.0,16.28,65.12
7834,michelle snow,79.0,kimberlyview,153,fresh milk,dairy,2024-03-30,1.0,18.51,18.51
7835,jeffrey christian,40.0,lake lindsay,186,almond butter,organic,2024-08-19,4.0,8.34,33.36
7836,jennifer reeves,61.0,reillymouth,110,almond butter,organic,2024-01-14,4.0,14.31,57.24
7837,adam cole,63.0,north georgeton,194,almond butter,organic,2024-05-31,3.0,18.27,54.81
7839,molly randall,35.0,new davidbury,124,fresh milk,organic,2024-01-07,1.0,16.49,16.49
7840,regina davenport,78.0,olsenton,130,organic apples,snack,2024-08-04,1.0,12.26,12.26
7841,natalie fisher,21.0,dianemouth,156,kale,dairy,2024-09-06,4.0,16.98,67.92
7842,derrick mendoza,45.0,christophermouth,163,organic apples,vegetable,2024-05-06,3.0,6.91,20.73
7843,mrs. katherine young,36.0,silvaville,151,organic apples,snack,2024-09-18,3.0,6.71,20.13
7844,jeff sherman,66.0,port crystalmouth,105,organic apples,vegetable,2024-05-24,1.0,19.92,19.92
7845,william ingram,57.0,shortview,197,kale,snack,2024-04-19,1.0,11.34,11.34
7846,kimberly richardson,76.0,samanthastad,142,kale,snack,2024-03-31,2.0,17.35,34.7
7847,jordan jones,24.0,north joseph,104,almond butter,organic,2024-03-02,4.0,2.73,10.92
7848,matthew peters,38.0,mitchellview,180,kale,vegetable,2024-08-19,4.0,7.32,29.28
7850,tina james,37.0,jordanchester,109,kale,snack,2024-02-11,4.0,17.42,69.68
7851,rick brown,24.0,markville,176,granola,dairy,2024-08-07,1.0,5.66,5.66
7852,danielle peck,70.0,east wendyhaven,122,granola,snack,2024-04-07,1.0,8.1,8.1
7853,sharon moreno,53.0,north diane,120,tofu,organic,2024-09-19,3.0,10.69,32.07
7854,christopher martinez,30.0,south mary,132,organic apples,vegetable,2024-10-11,3.0,17.92,53.760000000000005
7855,april hernandez,73.0,leeview,100,granola,snack,2024-08-29,3.0,18.47,55.41
7856,todd stevens,25.0,east jennifer,172,granola,snack,2024-10-12,1.0,14.73,14.73
7857,kyle alexander,42.0,new devin,142,tofu,vegetable,2024-10-17,2.0,18.77,37.54
7858,mary jacobs,37.0,west jeremyville,172,kale,snack,2024-04-18,4.0,12.51,50.04
7859,heather jackson,76.0,south brian,181,granola,vegetable,2024-09-17,1.0,3.72,3.72
7860,thomas lewis,69.0,west julia,163,organic apples,organic,2024-02-28,2.0,8.7,17.4
7861,levi hansen,56.0,port victor,116,almond butter,dairy,2024-07-26,3.0,18.99,56.97
7862,lisa nelson,50.0,south patricia,117,fresh milk,vegetable,2024-01-11,2.0,18.92,37.84
7863,mrs. kelly mathis,47.0,rachelshire,188,kale,snack,2024-01-06,3.0,12.79,38.37
7864,keith jones,23.0,williamtown,175,tofu,organic,2024-11-06,4.0,311.4,1245.6
7866,adam newman,73.0,mayfurt,149,granola,dairy,2024-02-08,2.0,17.95,35.9
7867,jason king,58.0,south ericton,123,almond butter,organic,2024-07-26,2.0,1.83,3.66
7868,john alvarez,48.0,lynnmouth,168,kale,dairy,2024-10-21,1.0,18.29,18.29
7869,melanie mason,41.0,south christian,106,almond butter,dairy,2024-11-03,1.0,17.36,17.36
7870,steven rivera,25.0,derrickland,125,granola,dairy,2024-01-31,4.0,11.8,47.2
7871,melissa pace,37.0,newmanberg,108,kale,vegetable,2024-01-05,2.0,8.61,17.22
7872,randy gilbert,23.0,rebeccaview,176,granola,snack,2024-03-27,4.0,1.67,6.68
7874,andrew stewart,79.0,lake christopherville,196,fresh milk,snack,2024-03-07,3.0,10.94,32.82
7875,robyn anderson,73.0,howellchester,193,kale,snack,2024-09-23,3.0,18.67,56.010000000000005
7876,bonnie sanchez,55.0,east alexandra,145,organic apples,snack,2024-08-01,1.0,2.88,2.88
7877,ryan anderson,18.0,south matthew,107,fresh milk,dairy,2024-10-10,3.0,11.12,33.36
7878,willie harper,53.0,south christopher,131,granola,vegetable,2024-10-23,1.0,16.08,16.08
7880,thomas camacho,68.0,west robertshire,137,granola,dairy,2024-09-27,2.0,18.36,36.72
7882,stephanie martinez,64.0,rodgersview,103,kale,snack,2024-07-11,2.0,13.02,26.04
7883,sandra byrd,61.0,east williamville,126,fresh milk,snack,2024-01-23,3.0,16.51,49.53
7884,christopher walker,57.0,west jamesmouth,181,tofu,dairy,2024-02-28,4.0,19.06,76.24
7885,michael davis,35.0,west william,198,organic apples,vegetable,2024-03-14,4.0,18.88,75.52
7886,kelly vazquez,35.0,lake matthew,197,tofu,dairy,2024-06-24,1.0,6.58,6.58
7887,james gamble,66.0,knightton,126,almond butter,vegetable,2024-05-13,3.0,4.16,12.48
7888,daniel gonzalez,76.0,new jessicaland,102,granola,organic,2024-10-22,1.0,2.64,2.64
7889,joshua davis,74.0,east brooke,129,fresh milk,dairy,2024-04-27,2.0,17.89,35.78
7891,andrew barker,70.0,weberfort,112,fresh milk,snack,2024-06-15,1.0,15.8,15.8
7892,renee jones,21.0,east breanna,118,tofu,snack,2024-08-23,1.0,8.42,8.42
7894,jennifer roberts,49.0,north cameronhaven,189,almond butter,organic,2024-07-28,4.0,3.06,12.24
7895,kimberly conley,63.0,margaretmouth,109,kale,organic,2024-02-19,1.0,4.31,4.31
7896,katrina vaughan,56.0,wadestad,109,almond butter,dairy,2024-04-20,2.0,6.81,13.62
7897,christopher hall,36.0,elizabethberg,142,almond butter,organic,2024-10-20,1.0,16.08,16.08
7898,charles baldwin,39.0,west michael,177,organic apples,organic,2024-05-01,3.0,17.13,51.39
7899,kimberly thomas,42.0,south autumn,150,tofu,vegetable,2024-07-30,3.0,3.72,11.16
7900,mr. martin moore,57.0,leeland,198,tofu,vegetable,2024-11-04,3.0,11.87,35.61
7901,ryan boyer,45.0,north catherinehaven,167,organic apples,vegetable,2024-02-07,3.0,5.06,15.18
7902,danielle harris,71.0,codyfort,152,fresh milk,organic,2024-09-14,3.0,14.3,42.900000000000006
7903,laura huynh,34.0,west ashleyshire,142,tofu,vegetable,2024-02-25,1.0,13.8,13.8
7904,melanie anderson,63.0,jonathanburgh,180,organic apples,vegetable,2024-10-11,4.0,10.32,41.28
7905,joseph malone,44.0,fletcherchester,148,tofu,dairy,2024-04-30,4.0,11.4,45.6
7906,cindy berry,52.0,robmnsonport,185,granola,organic,2024-09-09,3.0,1.61,4.83
7907,john huff,51.0,mccoychester,108,kale,dairy,2024-07-06,1.0,8.12,8.12
7908,ray mclaughlin,44.0,east haley,181,organic apples,dairy,2024-05-22,4.0,1.86,7.44
7909,wendy simmons md,26.0,lake roger,141,organic apples,dairy,2024-10-27,3.0,19.46,58.38
7910,sarah mccormick,57.0,ramirezville,196,organic apples,snack,2024-05-30,4.0,18.11,72.44
7911,russell woods,24.0,west philip,130,fresh milk,snack,2024-01-27,2.0,3.92,7.84
7912,mrs. veronica estrada md,47.0,west ginabury,193,organic apples,dairy,2024-04-04,1.0,4.15,4.15
7913,christine bell,52.0,west karenton,161,almond butter,snack,2024-02-04,4.0,12.81,51.24
7914,kaitlin taylor,76.0,guerreroburgh,151,tofu,snack,2024-05-21,4.0,1.02,4.08
7915,samuel davis,36.0,smithton,124,kale,dairy,2024-03-28,3.0,6.08,18.24
7916,danielle king,54.0,south chasebury,122,almond butter,dairy,2024-09-18,2.0,17.11,34.22
7917,jacqueline moyer,20.0,west deborahberg,195,almond butter,vegetable,2024-10-23,2.0,12.58,25.16
7918,cameron williams md,36.0,wyattbury,184,organic apples,snack,2024-01-10,4.0,11.17,44.68
7919,tyler johnston,21.0,north dawnview,142,organic apples,dairy,2024-09-14,3.0,2.48,7.439999999999999
7920,jason garza,51.0,west daniel,116,tofu,vegetable,2024-10-09,2.0,12.17,24.34
7922,tammy owens,35.0,fosterberg,172,kale,dairy,2024-07-01,2.0,11.81,23.62
7923,julia diaz,49.0,west lisaborough,135,organic apples,dairy,2024-06-02,1.0,1.42,1.42
7924,kyle richards,51.0,erikport,170,kale,dairy,2024-01-21,4.0,2.36,9.44
7925,jeffrey harrington,69.0,east kimberly,115,almond butter,vegetable,2024-09-03,1.0,11.44,11.44
7926,randall richardson,23.0,west pamela,192,almond butter,vegetable,2024-11-01,1.0,17.74,17.74
7927,matthew kennedy md,70.0,new karihaven,121,fresh milk,snack,2024-05-07,1.0,11.69,11.69
7928,jeremy brooks,62.0,robinview,187,tofu,organic,2024-06-13,2.0,13.99,27.98
7929,jason villanueva,57.0,lake justinborough,149,fresh milk,dairy,2024-02-18,4.0,15.05,60.2
7930,martha patterson,23.0,michellestad,180,kale,organic,2024-10-21,1.0,10.76,10.76
7931,johnny brown,20.0,port saramouth,187,organic apples,snack,2024-10-16,1.0,18.08,18.08
7933,denise cowan,60.0,petersonstad,163,kale,dairy,2024-08-21,1.0,8.38,8.38
7934,gregory gonzalez,24.0,martinezland,191,almond butter,dairy,2024-02-15,3.0,15.1,45.3
7935,sarah jackson,48.0,angieburgh,136,almond butter,vegetable,2024-08-03,1.0,19.24,19.24
7936,stacey butler,62.0,wilsonmouth,172,kale,snack,2024-03-19,2.0,5.29,10.58
7937,william sanchez,38.0,west davidside,172,granola,organic,2024-10-30,3.0,9.7,29.1
7939,kenneth cantu,28.0,port sarahfurt,148,fresh milk,organic,2024-05-22,3.0,5.28,15.84
7940,susan manning,52.0,port michael,182,organic apples,vegetable,2024-08-15,2.0,19.91,39.82
7941,tara collins,20.0,west lisa,131,kale,vegetable,2024-01-12,1.0,8.27,8.27
7942,bradley diaz,45.0,montgomeryshire,169,tofu,snack,2024-03-08,4.0,18.64,74.56
7943,jose conner,42.0,west steven,167,almond butter,dairy,2024-04-25,3.0,16.7,50.1
7944,kenneth dickerson,32.0,padillaland,121,kale,organic,2024-04-25,2.0,8.76,17.52
7945,michelle harding,72.0,sawyerton,116,kale,vegetable,2024-08-13,2.0,7.26,14.52
7946,jennifer thompson,74.0,north kristina,116,granola,organic,2024-02-27,2.0,12.77,25.54
7947,sarah cardenas,39.0,east ronald,194,granola,organic,2024-03-04,4.0,14.72,58.88
7948,jennifer rosario,54.0,deleonview,126,granola,dairy,2024-01-28,3.0,13.85,41.55
7949,jeffery harris,74.0,richardsonshire,110,kale,snack,2024-04-15,1.0,15.77,15.77
7950,kelly harper,37.0,shelbyville,128,kale,organic,2024-08-13,1.0,16.33,16.33
7951,joseph stevenson,49.0,south robert,147,almond butter,dairy,2024-09-16,2.0,5.42,10.84
7953,julie saunders,25.0,west elizabethburgh,166,kale,vegetable,2024-03-08,151.0,12.36,1866.36
7954,derrick sims,77.0,west kurt,171,fresh milk,dairy,2024-07-06,4.0,3.21,12.84
7955,larry holden,23.0,weberberg,135,organic apples,vegetable,2024-07-20,1.0,7.55,7.55
7956,victoria boone,42.0,hernandezview,172,tofu,dairy,2024-07-16,1.0,6.8,6.8
7958,amanda wheeler,55.0,joneshaven,117,organic apples,vegetable,2024-01-27,2.0,4.3,8.6
7959,matthew waters,49.0,north dustin,186,granola,snack,2024-05-25,3.0,11.06,33.18
7960,michelle ball,44.0,port jessica,175,organic apples,organic,2024-07-30,2.0,3.82,7.64
7961,james french,39.0,south anthonyville,159,granola,vegetable,2024-07-15,4.0,1.32,5.28
7962,erin hicks,29.0,west julie,194,fresh milk,snack,2024-07-20,3.0,7.62,22.86
7963,troy gonzalez,58.0,east christopherside,155,fresh milk,organic,2024-09-12,2.0,2.99,5.98
7964,ronnie schaefer,61.0,cherylville,184,kale,dairy,2024-01-04,4.0,2.79,11.16
7965,margaret sullivan,32.0,martinmouth,153,almond butter,snack,2024-02-19,4.0,5.94,23.76
7966,james white,59.0,henryside,117,granola,snack,2024-01-10,2.0,6.74,13.48
7967,austin evans,65.0,brownville,104,granola,vegetable,2024-07-04,2.0,6.23,12.46
7968,james mccormick,26.0,lynchport,147,tofu,snack,2024-08-02,2.0,17.16,34.32
7969,kaitlyn orozco,31.0,lake michelle,174,granola,organic,2024-08-16,3.0,6.45,19.35
7970,craig sharp jr.,58.0,angelfurt,130,almond butter,snack,2024-07-24,4.0,4.07,16.28
7972,jack price,28.0,larryport,117,tofu,snack,2024-10-03,3.0,19.25,57.75
7973,jennifer olson,30.0,murphytown,100,kale,snack,2024-04-24,4.0,1.88,7.52
7974,james greene,46.0,jenkinsshire,157,granola,dairy,2024-09-01,3.0,3.21,9.63
7976,wayne lynch,77.0,gutierrezview,148,granola,vegetable,2024-05-16,1.0,17.07,17.07
7977,henry estrada,26.0,joelhaven,100,organic apples,organic,2024-10-29,1.0,1.5,1.5
7978,sandy montoya,59.0,east kellyland,165,kale,dairy,2024-02-04,2.0,19.64,39.28
7979,anthony gray,64.0,new tamarabury,127,tofu,snack,2024-09-22,1.0,15.55,15.55
7980,allison white,66.0,south lynn,124,granola,snack,2024-09-02,4.0,4.98,19.92
7981,cindy richardson,26.0,south kevin,130,granola,snack,2024-05-04,4.0,11.98,47.92
7982,lucas mckinney,37.0,yatesland,189,kale,organic,2024-10-23,4.0,11.74,46.96
7983,samantha contreras,23.0,north rhondafort,165,tofu,vegetable,2024-07-26,2.0,8.28,16.56
7984,danielle smith,23.0,markborough,144,fresh milk,snack,2024-10-14,4.0,2.45,9.8
7987,laura henson,42.0,robertfurt,124,almond butter,vegetable,2024-06-11,3.0,11.42,34.26
7988,mrs. paula fox,46.0,matthewport,124,organic apples,vegetable,2024-01-13,2.0,16.79,33.58
7989,adam ochoa,66.0,east jeffrey,106,almond butter,dairy,2024-10-13,2.0,13.68,27.36
7990,logan keller,74.0,easx sheryl,143,almond butter,snack,2024-03-08,2.0,14.1,28.2
7991,dana adams,24.0,south jessicaland,132,almond butter,snack,2024-01-03,3.0,18.63,55.89
7992,brianna reid,72.0,derekstad,110,almond butter,vegetable,2024-06-02,3.0,15.75,47.25
7993,sara rosales,37.0,west todd,103,fresh milk,organic,2024-02-25,3.0,3.81,11.43
7994,thomas nelson,42.0,smithville,165,kale,organic,2024-03-17,1.0,12.82,12.82
7995,ashley schultz,37.0,heatherborough,168,kale,organic,2024-03-06,2.0,1.22,2.44
7997,krystal moody,23.0,perezmouth,110,kale,organic,2024-04-24,3.0,11.77,35.31
7998,lee klein,29.0,port jamie,118,granola,snack,2024-05-15,4.0,14.26,57.04
7999,amanda moreno,58.0,leahburgh,139,fresh milk,dairy,2024-06-07,3.0,11.44,34.32
8000,bonnie parker,51.0,south shannonchester,125,tofu,organic,2024-03-01,2.0,16.99,33.98
8002,peggy torres,39.0,north amy,155,fresh milk,dairy,2024-11-08,1.0,2.5,2.5
8003,joseph walter,49.0,allenfort,182,kale,dairy,2024-02-22,4.0,17.6,70.4
8004,amy davis,18.0,annetteville,172,organic apples,vegetable,2024-01-25,4.0,19.41,77.64
8005,garrett gonzalez,40.0,ericside,199,almond butter,dairy,2024-06-09,4.0,1.14,4.56
8006,heather brown,39.0,south jesseside,192,organic apples,dairy,2024-01-08,4.0,13.42,53.68
8007,grant brandt,68.0,kristyton,169,granola,snack,2024-10-16,3.0,10.57,31.71
8008,brittany mccoy,76.0,kimberlybury,125,fresh milk,vegetable,2024-03-28,4.0,2.73,10.92
8009,bridget shaw,75.0,shawland,156,organic apples,vegetable,2024-05-15,2.0,17.73,35.46
8010,jeffery cruz,65.0,deannastad,186,almond butter,organic,2024-06-21,1.0,14.32,14.32
8012,jasmine watkins,27.0,west desireeside,191,granola,dairy,2024-04-12,4.0,16.68,66.72
8013,david mcintyre,37.0,williamsburgh,160,granola,vegetable,2024-02-20,4.0,4.55,18.2
8014,evan crawford,31.0,south erika,160,almond butter,organic,2024-08-01,3.0,12.01,36.03
8015,greg haas,28.0,new dillon,171,almond butter,organic,2024-04-28,2.0,16.76,33.52
8016,derrick taylor,31.0,lake samuel,162,granola,snack,2024-10-01,3.0,1.67,5.01
8017,mary lambert,73.0,east wesleymouth,116,granola,snack,2024-10-14,1.0,5.55,5.55
8018,nicole collins,44.0,tammyport,101,tofu,snack,2024-08-28,3.0,7.54,22.62
8019,christian caldwell,31.0,north anthony,162,kale,organic,2024-07-18,2.0,1.79,3.58
8020,nathan edwards,75.0,south richard,132,organic apples,snack,2024-08-16,3.0,9.71,29.130000000000003
8021,dr. gabriel bird,41.0,jonesborough,188,tofu,dairy,2024-07-19,3.0,14.65,43.95
8022,sharon brennan,19.0,markview,180,tofu,snack,2024-08-06,1.0,18.35,18.35
8023,andrew johnson,73.0,wagnerland,135,granola,organic,2024-03-23,1.0,15.95,15.95
8024,jessica lambert dvm,45.0,south karenberg,162,almond butter,vegetable,2024-10-05,1.0,2.03,2.03
8025,carolyn moore,35.0,jenniferview,175,tofu,vegetable,2024-05-15,2.0,13.26,26.52
8026,jonathan foster,78.0,cabreraland,169,granola,organic,2024-08-31,4.0,16.91,67.64
8027,amber schwartz,62.0,judithside,121,tofu,vegetable,2024-05-21,2.0,441.01,882.02
8028,nicole malone,32.0,north joshuaburgh,178,organic apples,organic,2024-04-17,1.0,17.36,17.36
8029,dr. christina thompson md,19.0,grahamport,176,granola,dairy,2024-07-25,4.0,6.48,25.92
8030,jessica long,60.0,longburgh,137,tofu,dairy,2024-07-05,4.0,15.34,61.36
8031,whitney vega,57.0,jenniferchester,190,almond butter,dairy,2024-11-05,3.0,9.21,27.630000000000003
8032,gregory smith,25.0,lake robin,138,kale,snack,2024-04-02,1.0,4.52,4.52
8033,lindsey taylor,47.0,melanieburgh,111,tofu,organic,2024-04-18,1.0,7.8,7.8
8034,rhonda martinez,30.0,east alexandrabury,181,fresh milk,snack,2024-10-07,3.0,15.36,46.08
8035,james allen,20.0,lake christopherborough,172,tofu,snack,2024-10-08,3.0,10.7,32.099999999999994
8036,daniel carter,54.0,susanchester,171,fresh milk,dairy,2024-02-21,3.0,15.74,47.22
8037,tanya rodriguez,30.0,port christopher,125,tofu,snack,2024-03-05,1.0,15.74,15.74
8038,leslie nguyen,35.0,north jackbury,193,granola,dairy,2024-10-25,4.0,7.47,29.88
8039,patricia stout,39.0,east kimberlyhaven,111,organic apples,snack,2024-01-26,4.0,8.39,33.56
8040,tyler coffey,35.0,freemanland,132,organic apples,vegetable,2024-08-21,3.0,19.1,57.3
8041,anna jones,48.0,matthewsfort,156,granola,organic,2024-07-19,4.0,11.36,45.44
8042,brian lee,75.0,west davidfurt,160,kale,organic,2024-04-11,4.0,3.74,14.96
8043,donald best,32.0,janechester,130,kale,organic,2024-03-24,1.0,1.16,1.16
8044,robert davis,77.0,mccallberg,172,kale,vegetable,2024-06-05,1.0,13.4,13.4
8045,cameron jackson,38.0,south shirleyfort,199,tofu,organic,2024-05-22,3.0,7.56,22.68
8046,travis douglas,67.0,east traciberg,188,organic apples,snack,2024-06-26,4.0,11.43,45.72
8047,michael church,63.0,port heidifort,187,fresh milk,organic,2024-02-14,4.0,8.8,35.2
8048,john johnson,57.0,boyerborough,108,granola,organic,2024-03-02,4.0,1.44,5.76
8049,elizabeth torres,21.0,wesleyton,117,granola,organic,2024-08-05,2.0,8.87,17.74
8050,anthony mccarthy,46.0,simmonsport,142,organic apples,vegetable,2024-02-08,155.0,17.65,2735.75
8051,drew smith,69.0,north christina,172,fresh milk,vegetable,2024-03-07,4.0,18.24,72.96
8052,shelley sanchez,56.0,farleychester,198,kale,dairy,2024-01-26,2.0,13.6,27.2
8053,david ochoa,44.0,west shaun,194,almond butter,organic,2024-04-15,3.0,9.56,28.68
8054,johnathan carter,76.0,south davidville,152,almond butter,snack,2024-10-08,1.0,8.11,8.11
8055,claire le,49.0,west kaylaborough,188,kale,dairy,2024-02-09,2.0,18.75,37.5
8056,barbara brown,72.0,charlesborough,107,organic apples,organic,2024-04-24,3.0,14.4,43.2
8057,james blanchard,29.0,north seanmouth,124,almond butter,organic,2024-03-01,1.0,6.75,6.75
8058,ann floyd,41.0,east steven,103,tofu,snack,2024-05-06,3.0,9.86,29.58
8059,angela davis,22.0,amandatown,178,almond butter,snack,2024-04-21,3.0,10.6,31.8
8060,alyssa clark,66.0,petersonview,189,fresh milk,snack,2024-01-29,3.0,18.02,54.06
8061,kyle williams,68.0,davidmouth,141,kale,snack,2024-02-11,4.0,8.6,34.4
8062,devin page,65.0,kimberlyberg,133,organic apples,vegetable,2024-01-07,3.0,6.9,20.700000000000003
8063,haley diaz,71.0,north chad,136,granola,vegetable,2024-05-23,2.0,7.99,15.98
8064,sheena johns,39.0,kyleland,180,fresh milk,vegetable,2024-10-17,2.0,4.93,9.86
8065,james moore,79.0,lake shannonbury,175,kale,organic,2024-03-07,1.0,1.07,1.07
8066,madeline martinez,48.0,jensenview,107,almond butter,vegetable,2024-09-30,4.0,18.29,73.16
8067,richard thomas,73.0,west andrea,177,almond butter,dairy,2024-10-20,3.0,19.04,57.12
8068,victor dunlap,75.0,christopherberg,122,tofu,dairy,2024-09-07,4.0,12.49,49.96
8069,kenneth turner,73.0,willieton,183,granola,dairy,2024-04-28,3.0,18.16,54.48
8070,troy wagner,58.0,olsonland,194,kale,vegetable,2024-03-11,1.0,1.19,1.19
8072,michelle white,53.0,pattersonfort,158,tofu,snack,2024-09-16,2.0,6.46,12.92
8073,andrew neal,56.0,frazierbury,146,kale,organic,2024-01-31,4.0,9.34,37.36
8074,jennifer navarro,65.0,maryfort,125,tofu,organic,2024-03-15,3.0,15.89,47.67
8075,maureen mcintyre,49.0,saraburgh,100,granola,vegetable,2024-02-07,2.0,17.71,35.42
8076,richard hill,37.0,north michelle,161,fresh milk,organic,2024-05-30,3.0,8.22,24.660000000000004
8078,matthew young,48.0,port brendamouth,155,tofu,organic,2024-09-09,3.0,8.63,25.89
8079,amy harris,67.0,clarkfurt,187,tofu,snack,2024-03-15,4.0,16.71,66.84
8080,ashley hanson,31.0,west lindsaytown,144,fresh milk,vegetable,2024-05-31,2.0,14.17,28.34
8081,michael matthews,23.0,south edward,154,tofu,vegetable,2024-08-19,1.0,10.05,10.05
8082,kristen walters,29.0,south victoria,134,tofu,vegetable,2024-04-22,4.0,14.91,59.64
8083,dustin heath,51.0,amandaside,100,kale,vegetable,2024-10-15,4.0,17.12,68.48
8084,donna price,30.0,east johnborough,171,tofu,vegetable,2024-10-19,2.0,10.4,20.8
8086,shannon potter,64.0,west sarahfurt,105,kale,vegetable,2024-04-01,4.0,6.16,24.64
8087,jeremy allen,38.0,port robertton,124,granola,organic,2024-05-10,2.0,11.35,22.7
8088,victoria porter,75.0,lake aaron,162,almond butter,organic,2024-07-18,3.0,18.96,56.88
8089,alexander hall,63.0,christineville,111,organic apples,dairy,2024-10-15,4.0,7.87,31.48
8090,gregory serrano,34.0,west crystalfurt,162,granola,snack,2024-10-30,1.0,10.27,10.27
8091,taylor petty,44.0,benjaminville,105,kale,snack,2024-02-08,4.0,8.19,32.76
8092,michael torres,33.0,new angela,199,tofu,organic,2024-03-17,4.0,13.78,55.12
8093,tara griffin,71.0,north oliviamouth,125,granola,snack,2024-03-22,2.0,18.8,37.6
8094,rachel pittman,70.0,port joshua,158,almond butter,dairy,2024-11-03,4.0,2.46,9.84
8095,stephen daniel,66.0,sheilaton,157,almond butter,snack,2024-09-08,4.0,5.23,20.92
8096,maria butler,68.0,newualexander,103,organic apples,vegetable,2024-10-20,1.0,4.32,4.32
8097,rachel edwards,57.0,kristashire,147,organic apples,dairy,2024-06-26,4.0,3.34,13.36
8098,miss joann vargas md,57.0,east joseph,112,almond butter,dairy,2024-09-02,3.0,5.44,16.32
8100,samantha miller,43.0,lake travisland,109,organic apples,vegetable,2024-08-02,2.0,9.42,18.84
8101,kristine griffin,61.0,bryantmouth,170,fresh milk,snack,2024-08-21,2.0,9.53,19.06
8102,amanda frazier,36.0,hernandezfurt,134,granola,organic,2024-06-07,4.0,13.62,54.48
8103,amy grant,75.0,mackport,170,granola,organic,2024-10-18,2.0,5.65,11.3
8104,brittany massey,67.0,brianfurt,175,almond butter,vegetable,2024-09-13,2.0,16.43,32.86
8105,larry esparza,53.0,new jeanne,171,almond butter,organic,2024-02-14,2.0,14.43,28.86
8106,anthony fox,39.0,kevinton,136,fresh milk,vegetable,2024-07-12,2.0,16.44,32.88
8107,megan gray,25.0,josephburgh,100,tofu,snack,2024-02-03,3.0,18.27,54.81
8108,alexander taylor,66.0,west cathychester,199,organic apples,dairy,2024-02-03,1.0,10.64,10.64
8109,jimmy wilson,65.0,north veronicahaven,105,fresh milk,vegetable,2024-02-05,1.0,10.34,10.34
8110,ronald neal,21.0,annchester,163,kale,dairy,2024-10-26,3.0,19.32,57.96
8111,sydney stone,73.0,danielmouth,196,tofu,dairy,2024-01-17,1.0,12.15,12.15
8112,daniel jackson,71.0,new amandaland,125,granola,snack,2024-04-09,2.0,16.01,32.02
8113,yolanda ibarra,66.0,new amy,178,tofu,vegetable,2024-04-08,3.0,9.78,29.34
8114,douglas phelps,44.0,hillville,199,granola,snack,2024-10-10,1.0,6.36,6.36
8115,james gibson,51.0,debbieberg,160,kale,vegetable,2024-05-07,3.0,12.57,37.71
8116,andrew williams,38.0,pattersonview,150,organic apples,organic,2024-03-24,1.0,12.42,12.42
8119,mr. david green,68.0,angelashire,163,granola,dairy,2024-10-11,2.0,6.17,12.34
8120,michelle jackson,34.0,east heathermouth,148,kale,snack,2024-07-11,2.0,8.16,16.32
8121,lisa silva,22.0,yufort,134,almond butter,organic,2024-09-14,1.0,9.81,9.81
8122,yesenia brooks,50.0,south ashleyfurt,161,organic apples,dairy,2024-04-06,1.0,16.0,16.0
8123,billy carlson,67.0,jenniferberg,166,organic apples,dairy,2024-07-17,1.0,9.44,9.44
8124,tiffany shelton,34.0,west lindaville,140,fresh milk,organic,2024-02-14,1.0,1.15,1.15
8125,kelsey wright,47.0,north jenniferstad,141,kale,snack,2024-02-12,3.0,15.79,47.37
8126,earl kennedy,28.0,jacasonmouth,112,organic apples,dairy,2024-04-24,4.0,1.93,7.72
8127,jonathan kelley,18.0,lake sharonhaven,186,fresh milk,organic,2024-02-24,1.0,11.67,11.67
8129,susan smith,56.0,east alyssa,121,kale,organic,2024-07-31,3.0,3.9,11.7
8130,brandi price,63.0,jamieberg,190,granola,snack,2024-03-01,2.0,4.43,8.86
8131,peggy kelly,69.0,bradleyberg,148,tofu,snack,2024-08-06,1.0,2.66,2.66
8132,david burnett,64.0,north cody,190,fresh milk,dairy,2024-02-19,3.0,4.04,12.12
8133,robert cook,75.0,jeanetteberg,188,organic apples,organic,2024-01-16,2.0,6.64,13.28
8134,sarah martin,52.0,jasonchester,153,fresh milk,vegetable,2024-07-04,3.0,10.83,32.49
8135,craig rosario,53.0,north antonioburgh,160,organic apples,dairy,2024-01-20,3.0,8.3,24.9
8136,monica contreras,41.0,stephenhaven,198,almond butter,snack,2024-07-19,3.0,18.11,54.33
8137,megan garza,73.0,monicaville,165,fresh milk,snack,2024-01-10,2.0,3.88,7.76
8138,reginald henderson,63.0,raybury,162,tofu,snack,2024-10-29,4.0,14.31,57.24
8139,matthew terry,77.0,north christineton,117,tofu,dairy,2024-08-02,1.0,3.85,3.85
8140,joanna ortiz,36.0,emmafurt,181,tofu,snack,2024-03-10,3.0,15.46,46.38
8141,denise welch,20.0,stephenchester,149,almond butter,dairy,2024-01-27,3.0,9.6,28.8
8142,mary wyatt,54.0,south bryanborough,128,granola,dairy,2024-05-01,1.0,6.61,6.61
8143,stacy peterson,20.0,west kelly,175,almond butter,organic,2024-09-07,3.0,19.82,59.46
8144,stephen cohen,26.0,lisaville,162,granola,vegetable,2024-05-21,1.0,5.9,5.9
8145,lindsey taylor,38.0,lisachester,154,kale,snack,2024-02-04,2.0,2.95,5.9
8146,april smith,38.0,south ronaldmouth,138,almond butter,organic,2024-11-07,4.0,19.55,78.2
8147,erin brown,53.0,wrightmouth,106,organic apples,dairy,2024-03-10,3.0,10.73,32.19
8149,michael randolph,24.0,jameshaven,185,organic apples,vegetable,2024-04-22,4.0,14.83,59.32
8151,alexander gilmore,57.0,josephchester,175,granola,organic,2024-09-08,4.0,7.42,29.68
8152,barbara evans,77.0,perezton,127,granola,organic,2024-06-18,2.0,6.18,12.36
8153,jasmine carroll,79.0,port debbiemouth,118,granola,snack,2024-07-07,3.0,10.83,32.49
8156,jessica miller,73.0,port david,114,kale,snack,2024-10-29,1.0,10.58,10.58
8157,amy martinez,45.0,williamsshire,175,tofu,snack,2024-10-31,2.0,8.31,16.62
8158,stacey pollard,66.0,cynthiaborough,150,kale,dairy,2024-02-26,1.0,16.81,16.81
8159,jamie dunlap,35.0,stephaniemouth,125,fresh milk,dairy,2024-01-18,4.0,17.23,68.92
8160,roy nelson,25.0,michaelfurt,104,granola,vegetable,2024-03-28,3.0,3.83,11.49
8161,tracey wright,63.0,new brianmouth,125,fresh milk,snack,2024-01-12,1.0,1.48,1.48
8162,john hill,30.0,north damon,122,almond butter,organic,2024-03-19,1.0,7.51,7.51
8163,matthew brown,46.0,cunninghamfort,147,granola,organic,2024-06-14,3.0,7.62,22.86
8164,maria taylor,74.0,karaside,157,granola,dairy,2024-01-29,1.0,9.44,9.44
8165,sara miller,22.0,lake robert,165,almond butter,snack,2024-02-04,3.0,5.84,17.52
8166,elizabeth marquez,78.0,phillipsshire,122,tofu,organic,2024-04-15,3.0,7.52,22.56
8167,brittany nelson,27.0,kevinborough,114,fresh milk,organic,2024-09-07,2.0,13.43,26.86
8168,michelle ware,34.0,duncanmouth,150,fresh milk,organic,2024-09-12,1.0,13.5,13.5
8169,ashley cox,24.0,molinaside,140,organic apples,snack,2024-02-28,3.0,16.98,50.94
8170,danielle howard dvm,63.0,angelamouth,167,granola,dairy,2024-01-31,4.0,13.37,53.48
8171,haley johnson,59.0,east michelle,188,kale,vegetable,2024-07-26,1.0,15.74,15.74
8172,janice ryan,77.0,south rebeccastad,163,fresh milk,vegetable,2024-06-22,3.0,17.88,53.64
8173,denise hubbard,18.0,stephaniefurt,175,tofu,snack,2024-04-21,1.0,18.57,18.57
8174,michael gardner,67.0,kimberlyfurt,131,almond butter,dairy,2024-02-17,1.0,17.57,17.57
8176,rebecca wilkerson,74.0,lake carloston,132,almond butter,vegetable,2024-01-22,3.0,12.79,38.37
8177,elizabeth johnson,27.0,riverastad,113,organic apples,organic,2024-06-02,4.0,8.44,33.76
8178,danielle wyatt,67.0,munoztown,177,kale,vegetable,2024-02-05,4.0,6.35,25.4
8180,thomas lara,19.0,makaylachester,183,kale,dairy,2024-10-07,2.0,4.52,9.04
8181,aaron sandoval,20.0,west andrew,198,almond butter,vegetable,2024-07-11,2.0,13.15,26.3
8182,amy davila,62.0,hernandezchester,140,fresh milk,organic,2024-04-05,3.0,10.76,32.28
8183,angela copeland,33.0,blairfurt,173,fresh milk,dairy,2024-07-06,2.0,4.91,9.82
8184,aimee hill,67.0,lake john,171,tofu,organic,2024-09-23,197.0,4.92,969.24
8185,marissa leon,69.0,south arielberg,120,organic apples,vegetable,2024-10-13,2.0,8.4,16.8
8186,todd williams,54.0,west jamesport,145,almond butter,vegetable,2024-09-11,4.0,8.51,34.04
8187,charles oneill,21.0,lake kristina,169,kale,vegetable,2024-06-04,3.0,6.67,20.01
8188,donald moore,24.0,williamburgh,150,granola,snack,2024-02-20,3.0,5.03,15.09
8189,amber reese,69.0,north troyton,148,organic apples,dairy,2024-05-10,2.0,3.84,7.68
8192,ashley ford,43.0,royview,144,almond butter,snack,2024-06-10,1.0,13.62,13.62
8193,john martinez,56.0,east kristine,182,organic apples,dairy,2024-07-28,1.0,19.9,19.9
8194,charles king,20.0,south daniel,186,kale,snack,2024-08-11,3.0,4.57,13.71
8195,david gray,18.0,thomaston,140,fresh milk,dairy,2024-06-07,1.0,14.2,14.2
8196,melissa rowe,20.0,north amberport,124,tofu,snack,2024-08-07,4.0,7.21,28.84
8197,carolyn smith,53.0,east tina,126,almond butter,vegetable,2024-09-27,3.0,17.95,53.85
8198,alexander hampton,73.0,lake maryville,126,organic apples,dairy,2024-10-08,1.0,17.05,17.05
8199,aaron ortiz,52.0,tonyaburgh,122,granola,vegetable,2024-04-05,4.0,3.39,13.56
8200,ivan jones,27.0,port andrewshire,125,fresh milk,dairy,2024-02-05,1.0,10.81,10.81
8201,paige davis,18.0,ronniemouth,142,organic apples,vegetable,2024-09-15,2.0,9.3,18.6
8202,julie murphy,56.0,fryfort,166,tofu,snack,2024-08-20,2.0,2.74,5.48
8203,diane moore,56.0,robertborough,106,organic apples,vegetable,2024-04-15,2.0,16.45,32.9
8204,stephen turner,77.0,port donald,120,kale,organic,2024-06-01,1.0,12.63,12.63
8205,cory cline,61.0,gregorystad,188,kale,dairy,2024-10-02,4.0,17.04,68.16
8207,matthew jones,32.0,stevensonfort,144,fresh milk,dairy,2024-04-13,4.0,8.03,32.12
8210,daniel atkins,61.0,juliaport,100,fresh milk,vegetable,2024-10-22,2.0,13.5,27.0
8211,lindsay weaver,62.0,east benjaminville,120,granola,vegetable,2024-05-15,4.0,1.6,6.4
8212,katie king,67.0,scottchester,173,granola,dairy,2024-02-15,2.0,18.79,37.58
8213,william davila md,48.0,new william,138,granola,organic,2024-05-17,3.0,14.17,42.51
8214,frank ferguson,62.0,angelastad,187,fresh milk,dairy,2024-07-08,4.0,9.06,36.24
8215,michael smith,51.0,davisport,189,kale,snack,2024-07-09,144.0,17.75,2556.0
8216,troy parks,46.0,casestad,143,granola,snack,2024-04-24,3.0,14.06,42.18
8217,jonathan saunders,73.0,jasonhaven,164,tofu,organic,2024-07-20,3.0,10.0,30.0
8218,nicholas obrien,33.0,port heather,114,organic apples,organic,2024-08-29,1.0,10.53,10.53
8219,cody lee,65.0,port laurie,167,fresh milk,snack,2024-10-17,2.0,12.44,24.88
8220,ashley colon,61.0,woodtown,149,tofu,vegetable,2024-05-28,4.0,6.61,26.44
8221,shawn west,61.0,west paulport,140,granola,dairy,2024-06-25,2.0,14.93,29.86
8222,lisa shields,73.0,new timothy,187,fresh milk,organic,2024-06-05,3.0,13.72,41.16
8223,charles compton,33.0,byrdbury,199,organic apples,organic,2024-01-23,3.0,4.85,14.55
8224,evan williams,36.0,south kimberly,172,almond butter,snack,2024-01-29,3.0,14.93,44.79
8225,wesley ward,39.0,north derekside,196,granola,vegetable,2024-05-13,3.0,7.43,22.29
8226,victor carter,67.0,west toddton,180,fresh milk,snack,2024-04-25,1.0,19.2,19.2
8227,maria hickman,27.0,east jasonfort,113,almond butter,vegetable,2024-02-01,1.0,3.79,3.79
8228,justin mcgrath,24.0,sharonbury,149,organic apples,dairy,2024-06-13,4.0,19.18,76.72
8229,david juarez,35.0,hunterborough,130,kale,organic,2024-07-05,4.0,3.97,15.88
8230,jordan mcconnell,50.0,port shannon,116,almond butter,dairy,2024-09-20,1.0,5.75,5.75
8231,kevin ford,74.0,wernerview,182,organic apples,vegetable,2024-10-13,1.0,2.89,2.89
8232,erika norton,45.0,port sara,110,almond butter,vegetable,2024-11-08,4.0,12.37,49.48
8233,andrew williams,70.0,lopezstad,112,organic apples,vegetable,2024-04-18,3.0,4.74,14.22
8234,suzanne mcdaniel,58.0,port susanland,146,almond butter,snack,2024-02-13,1.0,10.77,10.77
8236,erin miller,29.0,port tylerborough,115,granola,organic,2024-05-04,1.0,1.38,1.38
8237,thomas hayden,59.0,farmerhaven,132,organic apples,dairy,2024-06-15,2.0,11.4,22.8
8238,melissa freeman,75.0,annafort,112,kale,snack,2024-02-01,3.0,2.45,7.35
8239,timothy romero,48.0,andrewport,114,organic apples,dairy,2024-04-17,3.0,17.93,53.79
8240,jessica rodriguez,21.0,east mary,158,kale,snack,2024-10-29,3.0,17.69,53.07000000000001
8241,shane castillo,36.0,new thomas,198,kale,organic,2024-07-06,4.0,2.3,9.2
8242,april holt,78.0,east matthew,181,fresh milk,vegetable,2024-02-26,1.0,7.29,7.29
8243,hannah martin,32.0,lindachester,115,organic apples,vegetable,2024-07-28,1.0,17.4,17.4
8244,paul mcintyre,73.0,katrinaland,164,granola,snack,2024-11-06,4.0,18.66,74.64
8245,victoria barker,71.0,south ryanville,129,organic apples,organic,2024-04-04,3.0,7.58,22.74
8246,shannon gomez,27.0,brandonmouth,123,organic apples,vegetable,2024-07-25,3.0,6.09,18.27
8247,nancy walton,36.0,garciaside,179,fresh milk,snack,2024-03-21,1.0,17.62,17.62
8248,nathan barker,47.0,rickeyland,197,fresh milk,vegetable,2024-01-01,4.0,14.77,59.08
8249,kurt miller,33.0,royshire,137,kale,dairy,2024-03-18,1.0,14.14,14.14
8250,joshua wolfe,47.0,williamsport,160,organic apples,vegetable,2024-01-30,3.0,9.17,27.51
8251,andrew webb,40.0,east erikside,103,almond butter,dairy,2024-08-22,1.0,16.2,16.2
8252,chad kramer,74.0,east angela,117,kale,organic,2024-05-08,4.0,7.93,31.72
8254,crystal taylor,49.0,south victor,154,granola,dairy,2024-10-14,1.0,2.71,2.71
8255,cynthia buchanan,53.0,dustinfort,104,almond butter,organic,2024-05-20,3.0,1.46,4.38
8256,cheryl shepard,62.0,south kelly,165,almond butter,organic,2024-05-29,4.0,13.36,53.44
8257,jennifer hernandez,58.0,east michael,192,tofu,organic,2024-01-31,2.0,2.05,4.1
8258,laura vang,60.0,royport,163,fresh milk,organic,2024-10-23,1.0,2.43,2.43
8259,michael perez,38.0,martinezchester,128,organic apples,vegetable,2024-07-12,3.0,18.42,55.260000000000005
8260,scott torres,51.0,port stephanieside,170,fresh milk,dairy,2024-05-08,4.0,5.66,22.64
8261,kevin vasquez,36.0,romanburgh,164,granola,organic,2024-02-12,3.0,4.28,12.84
8262,brenda nelson,26.0,smithmouth,188,almond butter,vegetable,2024-10-22,1.0,12.35,12.35
8263,jacqueline martinez,26.0,west mariastad,175,fresh milk,vegetable,2024-05-24,3.0,6.78,20.34
8264,david huynh,78.0,east paulport,101,kale,organic,2024-09-10,4.0,9.27,37.08
8265,amy harris,43.0,lake michaelstad,153,organic apples,snack,2024-08-19,4.0,10.0,40.0
8266,cody delgado,76.0,west tracy,115,tofu,vegetable,2024-02-18,2.0,7.0,14.0
8267,sharon austin,59.0,donaldville,135,granola,dairy,2024-09-25,3.0,4.7,14.1
8268,andrew campos,75.0,south jennifer,189,almond butter,snack,2024-05-12,2.0,15.07,30.14
8269,denise haynes,25.0,east jennifer,119,fresh milk,snack,2024-10-03,3.0,15.04,45.12
8270,derek johnson,76.0,east lesliestad,180,kale,dairy,2024-04-17,4.0,12.88,51.52
8271,brian wilson,62.0,kennedyburgh,109,kale,snack,2024-03-18,3.0,4.83,14.49
8272,clayton blake,20.0,thompsonport,120,fresh milk,dairy,2024-04-06,3.0,9.12,27.36
8273,adam zhang,46.0,barbermouth,164,kale,organic,2024-02-24,3.0,14.87,44.61
8274,timothy jackson,31.0,east sarah,151,organic apples,dairy,2024-03-03,4.0,8.45,33.8
8275,kimberly johnson,26.0,lake luisfort,189,granola,dairy,2024-05-15,2.0,4.97,9.94
8276,michael preston,22.0,east paulaland,155,tofu,organic,2024-01-20,1.0,17.89,17.89
8277,steven crawford,77.0,west ronaldside,115,organic apples,organic,2024-07-20,3.0,4.94,14.82
8278,danielle carter,75.0,williamport,166,organic apples,vegetable,2024-10-30,4.0,19.82,79.28
8279,anthony flores,19.0,johnville,166,organic apples,vegetable,2024-05-15,2.0,3.05,6.1
8280,michael soto,68.0,morganburgh,173,fresh milk,vegetable,2024-10-06,2.0,6.89,13.78
8281,mary flores,18.0,lawrencefurt,114,fresh milk,organic,2024-02-15,1.0,18.45,18.45
8282,laura burton,26.0,east kristichester,138,organic apples,dairy,2024-06-20,1.0,15.76,15.76
8283,joshua frye,35.0,porterview,116,almond butter,vegetable,2024-08-08,3.0,11.44,34.32
8284,brittany tran,41.0,emilyberg,168,tofu,snack,2024-07-19,4.0,10.92,43.68
8285,james diaz,21.0,west michaelchester,140,fresh milk,snack,2024-07-09,4.0,4.25,17.0
8286,roger smith,52.0,lake mikayla,162,tofu,vegetable,2024-07-12,1.0,12.14,12.14
8287,patrick carlson,47.0,port lori,127,organic apples,dairy,2024-01-05,2.0,19.58,39.16
8288,ronald franco,56.0,lake andrea,181,kale,organic,2024-08-04,1.0,336.32,336.32
8289,terri chandler,34.0,east thomasshire,198,almond butter,dairy,2024-03-25,1.0,17.46,17.46
8290,mrs. donna ross md,43.0,mendezburgh,150,kale,snack,2024-01-31,3.0,9.66,28.98
8291,matthew coleman,74.0,williamhaven,121,fresh milk,snack,2024-01-13,4.0,8.52,34.08
8292,donald thornton,77.0,samuelton,126,organic apples,vegetable,2024-03-17,1.0,6.81,6.81
8293,jeffery gordon,43.0,amyhaven,143,almond butter,dairy,2024-04-14,4.0,19.41,77.64
8294,brenda howard,60.0,new brandonfurt,190,tofu,vegetable,2024-05-31,2.0,453.94,907.88
8295,james mendoza,52.0,lake samuelburgh,162,organic apples,dairy,2024-03-06,3.0,4.85,14.55
8296,jesse sanchez,34.0,nicholasmouth,110,kale,vegetable,2024-07-29,4.0,9.82,39.28
8297,daniel ballard,23.0,ryazfort,117,tofu,vegetable,2024-04-17,4.0,15.55,62.2
8298,andrea montgomery,66.0,new steveside,152,organic apples,dairy,2024-07-17,1.0,7.92,7.92
8299,joanne morgan,79.0,hallmouth,158,kale,dairy,2024-09-29,2.0,9.32,18.64
8300,andrea mahoney,56.0,seanton,101,granola,snack,2024-08-23,1.0,6.52,6.52
8301,joyce wilson,36.0,new davidchester,157,organic apples,dairy,2024-02-21,3.0,17.94,53.82000000000001
8302,sabrina adams,38.0,east nicoleshire,157,granola,organic,2024-06-20,4.0,6.43,25.72
8303,carrie garza,56.0,lambburgh,188,organic apples,snack,2024-04-04,4.0,8.79,35.16
8304,kathleen dennis,61.0,south jorge,132,almond butter,snack,2024-08-06,1.0,9.47,9.47
8305,erica guerrero,77.0,port johnberg,125,organic apples,dairy,2024-02-24,2.0,13.15,26.3
8306,anthony scott,20.0,johnstonmouth,188,fresh milk,vegetable,2024-04-14,3.0,12.2,36.6
8307,rachel martinez,47.0,east hayleyberg,156,tofu,organic,2024-10-02,4.0,12.99,51.96
8308,michelle martin,64.0,turnertown,101,organic apples,dairy,2024-06-11,3.0,19.62,58.86
8309,william benjamin,25.0,santoston,185,almond butter,dairy,2024-10-02,3.0,12.26,36.78
8310,ms. carrie smith,39.0,south morgan,159,tofu,snack,2024-04-17,4.0,17.24,68.96
8311,candace butler,27.0,lake robin,122,fresh milk,dairy,2024-03-06,4.0,7.64,30.56
8312,maurice martinez,20.0,terryfurt,173,kale,snack,2024-04-20,4.0,12.13,48.52
8313,melissa miller,57.0,martinezhaven,165,almond butter,organic,2024-04-25,4.0,8.3,33.2
8314,alex porter,40.0,west jordanhaven,187,granola,snack,2024-07-12,2.0,15.27,30.54
8315,john ford,18.0,lake katie,119,fresh milk,vegetable,2024-03-17,4.0,17.9,71.6
8316,richard bowman,48.0,davidside,126,granola,snack,2024-01-19,1.0,14.31,14.31
8317,matthew carr,47.0,nathanburgh,104,tofu,dairy,2024-05-21,4.0,14.11,56.44
8319,meghan grant,32.0,raymondville,120,fresh milk,snack,2024-09-14,1.0,15.82,15.82
8320,anna collier,21.0,craigshire,168,organic apples,dairy,2024-01-04,1.0,6.43,6.43
8321,gerald molina,22.0,south paulaport,144,kale,dairy,2024-05-13,143.0,15.1,2159.3
8322,kenneth stewart,38.0,port melissabury,189,almond butter,vegetable,2024-01-21,1.0,5.99,5.99
8323,stephanie porter,28.0,south carl,197,tofu,dairy,2024-01-21,4.0,3.04,12.16
8325,sherri morgan,23.0,carterhaven,165,fresh milk,organic,2024-02-19,2.0,3.29,6.58
8326,michael gutierrez,57.0,martinborough,119,almond butter,dairy,2024-06-26,1.0,11.93,11.93
8327,michael schneider,19.0,north lori,179,kale,dairy,2024-09-30,3.0,13.02,39.06
8329,nicholas hernandez,47.0,larryside,129,organic apples,dairy,2024-01-26,1.0,11.91,11.91
8331,stephen clark,48.0,new david,114,tofu,vegetable,2024-04-11,4.0,16.78,67.12
8332,cindy hernandez,54.0,lake carlmouth,147,granola,dairy,2024-01-07,3.0,4.34,13.02
8333,abigail hooper,79.0,north jason,137,tofu,dairy,2024-01-06,2.0,15.98,31.96
8334,elizabeth church,58.0,port courtneyview,132,organic apples,snack,2024-05-11,2.0,7.07,14.14
8335,kristin tucker,60.0,martinezstad,125,almond butter,organic,2024-04-03,2.0,5.94,11.88
8336,linda christensen,25.0,west kiaraberg,199,kale,dairy,2024-10-21,2.0,12.04,24.08
8337,stephanie jackson,50.0,port andrew,104,granola,vegetable,2024-10-29,4.0,10.71,42.84
8338,stanley garza iv,73.0,annashire,172,granola,snack,2024-08-08,1.0,4.64,4.64
8339,derek chaney,50.0,south alicia,147,organic apples,vegetable,2024-06-06,1.0,10.77,10.77
8340,latoya smith,45.0,robertsshire,193,kale,dairy,2024-02-10,4.0,8.81,35.24
8341,edgar flores,74.0,west chasefort,124,organic apples,vegetable,2024-09-28,2.0,11.77,23.54
8342,danielle daniels,18.0,florestown,100,almond butter,organic,2024-05-05,4.0,6.01,24.04
8343,cory jones,18.0,johnsonville,106,tofu,dairy,2024-08-27,2.0,10.96,21.92
8344,aaron hernandez,56.0,west tylerfurt,123,almond butter,snack,2024-10-05,2.0,4.16,8.32
8345,shannon thompson,37.0,west alexisborough,160,granola,dairy,2024-08-26,4.0,18.64,74.56
8346,nichole wu,68.0,nicoleton,158,tofu,vegetable,2024-01-28,3.0,7.47,22.41
8347,jasmine castillo,46.0,schmidtshire,147,fresh milk,dairy,2024-04-26,1.0,12.57,12.57
8348,erik hamilton,22.0,north kimberlyburgh,107,organic apples,vegetable,2024-01-31,3.0,17.83,53.49
8349,rachel hess,20.0,port monica,138,organic apples,snack,2024-02-18,2.0,3.8,7.6
8351,edward chase,21.0,new adrianville,131,kale,snack,2024-03-02,1.0,15.73,15.73
8352,alexander wilson,45.0,port jimmy,114,organic apples,organic,2024-10-15,1.0,18.95,18.95
8353,jennifer ross,73.0,laurachester,111,kale,organic,2024-07-17,3.0,6.87,20.61
8354,dawn ball,77.0,baxterchester,110,kale,dairy,2024-01-25,4.0,1.53,6.12
8355,brian steele,50.0,blankenshipchester,122,tofu,dairy,2024-04-29,4.0,15.87,63.48
8356,charles santiago,41.0,lake christy,152,tofu,snack,2024-03-12,1.0,4.95,4.95
8358,dale bennett,72.0,lake christine,140,granola,organic,2024-10-01,3.0,1.13,3.39
8359,kevin myers,32.0,griffinland,135,tofu,organic,2024-08-11,4.0,12.5,50.0
8360,donna frey,66.0,melaniebury,130,organic apples,vegetable,2024-04-24,3.0,2.0,6.0
8361,joseph cooper,24.0,hornefort,104,kale,snack,2024-03-01,2.0,9.21,18.42
8362,reginald kane,55.0,lewisland,133,kale,vegetable,2024-06-25,1.0,14.71,14.71
8363,kathy vang,21.0,owensfurt,184,organic apples,snack,2024-03-11,4.0,9.77,39.08
8364,brandon martin,43.0,patrickhaven,116,granola,vegetable,2024-03-01,3.0,4.25,12.75
8365,lauren anderson md,44.0,port tannertown,157,kale,vegetable,2024-02-09,3.0,240.91,722.73
8367,craig jones,51.0,lisaborough,156,kale,organic,2024-10-12,4.0,11.56,46.24
8368,jeffrey grimes,46.0,thomasmouth,122,kale,vegetable,2024-03-15,3.0,9.58,28.74
8369,rose fox,41.0,catherineview,151,granola,vegetable,2024-05-19,4.0,16.53,66.12
8371,michael zuniga,19.0,east melissatown,177,organic apples,vegetable,2024-05-29,3.0,10.15,30.450000000000003
8372,teresa williams,23.0,new danielle,131,almond butter,organic,2024-04-27,4.0,7.24,28.96
8373,russell scott,76.0,jonathanside,122,almond butter,dairy,2024-03-21,3.0,13.7,41.1
8374,jared price,74.0,lake johnny,166,tofu,snack,2024-09-01,1.0,18.01,18.01
8376,mr. joshua lee,64.0,veronicamouth,148,organic apples,dairy,2024-01-01,1.0,12.99,12.99
8377,mary wood,53.0,west davidville,178,tofu,vegetable,2024-01-20,2.0,18.01,36.02
8378,bridget jensen,78.0,patrickport,124,fresh milk,dairy,2024-02-21,3.0,15.83,47.49
8379,virginia bennett,56.0,danielshaven,132,kale,vegetable,2024-11-03,3.0,17.89,53.67
8380,richard payne,44.0,south crystalbury,136,kale,vegetable,2024-05-11,3.0,4.9,14.7
8381,holly fernandez,44.0,new vanessaside,129,organic apples,snack,2024-10-03,3.0,16.53,49.59
8382,jennifer hendrix,22.0,new barbaraton,116,organic apples,vegetable,2024-01-23,3.0,13.95,41.85
8383,tracy wood,69.0,port warren,111,tofu,organic,2024-09-10,1.0,8.62,8.62
8384,brooke alvarez,37.0,port jessicastad,190,almond butter,dairy,2024-05-11,2.0,1.16,2.32
8385,shelley craig,70.0,north brianville,174,kale,vegetable,2024-09-22,2.0,16.31,32.62
8386,ricky watson,22.0,walshstad,150,granola,organic,2024-06-02,4.0,17.66,70.64
8387,jennifer hood,41.0,east thomas,192,tofu,dairy,2024-10-18,2.0,397.46,794.92
8388,joel wright,46.0,west darrellborough,196,granola,organic,2024-07-24,3.0,4.56,13.68
8389,mark garcia,60.0,new kendra,149,granola,dairy,2024-05-06,2.0,5.16,10.32
8390,allen lozano,75.0,ortegaburgh,163,granola,organic,2024-06-24,4.0,2.18,8.72
8392,susan collins,20.0,tinamouth,131,fresh milk,dairy,2024-03-20,4.0,10.01,40.04
8393,janice lawson,42.0,eileenchester,190,kale,snack,2024-06-21,2.0,15.63,31.26
8395,jason smith dvm,75.0,rachaelstad,111,organic apples,snack,2024-03-11,4.0,9.64,38.56
8396,emily herrera,30.0,west amyton,199,almond butter,vegetable,2024-03-15,3.0,5.0,15.0
8397,lisa rogers,79.0,smithfurt,196,granola,snack,2024-08-05,1.0,13.78,13.78
8398,donna dennis,30.0,smithfort,154,granola,vegetable,2024-04-09,4.0,7.92,31.68
8399,alexandria hawkins,54.0,burkeland,103,organic apples,organic,2024-09-16,4.0,8.67,34.68
8401,stacey thompson,38.0,south cameronborough,198,kale,dairy,2024-06-29,3.0,1.26,3.78
8403,jessica hancock,30.0,port jasmineland,134,almond butter,snack,2024-09-08,3.0,8.77,26.31
8405,heather donovan,37.0,scotthaven,109,almond butter,vegetable,2024-03-27,3.0,2.87,8.61
8407,patrick butler,27.0,south meghan,194,fresh milk,organic,2024-08-28,4.0,11.22,44.88
8408,sue cruz,43.0,new aaron,192,organic apples,snack,2024-03-24,3.0,10.86,32.58
8409,joshua rodriguez,41.0,lorichester,160,granola,dairy,2024-07-08,3.0,13.79,41.37
8410,stacie williams,74.0,east sharon,141,granola,snack,2024-08-29,4.0,3.45,13.8
8411,erin powell,58.0,batesville,163,tofu,vegetable,2024-02-08,2.0,11.97,23.94
8412,patrick love,25.0,dawnbury,112,fresh milk,snack,2024-03-12,4.0,10.35,41.4
8413,jonathan petty,50.0,robertsfort,129,almond butter,organic,2024-10-26,4.0,3.36,13.44
8414,richard ramos,28.0,west caitlinmouth,105,organic apples,snack,2024-10-04,4.0,18.14,72.56
8415,brian klein,52.0,lydiashire,175,kale,vegetable,2024-08-10,4.0,4.35,17.4
8416,luke griffith,48.0,seanburgh,115,kale,dairy,2024-05-27,4.0,18.02,72.08
8417,christopher grant,29.0,haleton,124,almond butter,organic,2024-05-10,4.0,11.38,45.52
8418,alexander dixon,53.0,matthewchester,179,fresh milk,organic,2024-11-01,4.0,13.61,54.44
8419,kelly tran,48.0,north sherryview,146,tofu,organic,2024-06-13,2.0,11.95,23.9
8420,kaitlin jackson,61.0,miczaelmouth,174,organic apples,organic,2024-06-06,3.0,12.09,36.27
8421,bradley smith,23.0,reneefort,119,fresh milk,organic,2024-05-13,2.0,3.43,6.86
8422,emily perry,25.0,south crystalburgh,159,kale,organic,2024-04-16,1.0,8.05,8.05
8423,nancy gutierrez,50.0,east andrewbury,172,kale,dairy,2024-04-27,2.0,7.56,15.12
8424,shannon terrell,38.0,new samuel,160,granola,organic,2024-02-22,3.0,15.02,45.06
8425,jeanne juarez,76.0,fisherland,175,organic apples,dairy,2024-11-02,2.0,14.88,29.76
8426,mindy velez,66.0,billmouth,129,kale,dairy,2024-05-15,1.0,5.44,5.44
8427,matthew harper,54.0,victoriamouth,147,almond butter,organic,2024-10-01,4.0,12.32,49.28
8428,lauren bailey,70.0,north luke,104,tofu,dairy,2024-06-23,1.0,13.69,13.69
8429,megan hardy,65.0,north amy,153,granola,organic,2024-06-24,4.0,9.43,37.72
8430,derek carter,39.0,michaelmouth,157,fresh milk,snack,2024-10-25,3.0,18.23,54.69
8431,timothy welch,63.0,new jennifer,135,fresh milk,organic,2024-03-22,3.0,4.04,12.12
8432,christian jenkins,66.0,north aprilton,192,almond butter,organic,2024-10-21,1.0,2.51,2.51
8433,beth lin,56.0,rebeccabury,119,kale,dairy,2024-03-26,2.0,10.37,20.74
8434,stephanie whitehead,18.0,port bryan,110,fresh milk,snack,2024-04-14,1.0,12.6,12.6
8435,rose davidson,49.0,port heather,154,fresh milk,dairy,2024-10-18,3.0,5.28,15.84
8436,amanda colon,61.0,east jamie,103,tofu,dairy,2024-03-22,4.0,18.88,75.52
8437,lauren mahoney,75.0,port tinaview,131,fresh milk,vegetable,2024-06-03,4.0,15.46,61.84
8438,robert hernandez,20.0,johnstad,113,granola,vegetable,2024-01-08,2.0,2.1,4.2
8439,michael guzman,26.0,west jenniferberg,139,organic apples,vegetable,2024-07-21,2.0,3.97,7.94
8440,laura cline,37.0,port johntown,150,granola,organic,2024-05-13,2.0,6.21,12.42
8441,jason williams jr.,22.0,north micheleland,117,tofu,organic,2024-02-21,4.0,3.43,13.72
8442,lauren diaz,70.0,hamptonville,159,kale,snack,2024-04-16,3.0,14.09,42.27
8443,theresa brown,37.0,west anthony,172,fresh milk,dairy,2024-08-05,4.0,3.73,14.92
8444,patricia carney,79.0,manningfort,110,kale,vegetable,2024-02-23,2.0,8.04,16.08
8445,gregory davis,71.0,north shane,119,kale,snack,2024-03-03,1.0,9.29,9.29
8446,virginia carter,33.0,maciasland,100,tofu,vegetable,2024-01-18,1.0,5.6,5.6
8447,bonnie hendrix,49.0,contrerasfort,133,granola,snack,2024-09-25,4.0,15.94,63.76
8448,charles riley,42.0,east michellehaven,149,almond butter,snack,2024-09-18,3.0,12.14,36.42
8449,tim wilson,68.0,owensborough,123,granola,vegetable,2024-03-16,1.0,14.57,14.57
8450,curtis smith,76.0,south julie,182,almond butter,organic,2024-09-27,4.0,14.34,57.36
8451,jennifer powers,54.0,east kaitlinborough,111,granola,snack,2024-04-24,4.0,10.62,42.48
8452,jeffrey garcia,24.0,rhondafort,183,tofu,organic,2024-07-10,2.0,12.48,24.96
8453,jessica smith,64.0,andersonbury,153,fresh milk,vegetable,2024-06-15,3.0,5.22,15.66
8454,lisa barrera,78.0,donnamouth,155,organic apples,snack,2024-10-22,2.0,3.92,7.84
8455,nancy velazquez,71.0,west kristy,152,organic apples,dairy,2024-09-15,3.0,1.08,3.24
8456,william davis,33.0,donaldside,161,kale,snack,2024-06-24,3.0,17.22,51.66
8458,devon novak,19.0,west amytown,166,almond butter,dairy,2024-08-21,2.0,7.99,15.98
8459,jason carney,70.0,north john,137,kale,organic,2024-02-21,1.0,17.44,17.44
8460,laura johnson,65.0,tammyton,195,kale,dairy,2024-09-19,2.0,14.41,28.82
8461,allison villegas,28.0,matthewburgh,130,granola,dairy,2024-06-13,1.0,15.48,15.48
8462,glenn lopez,37.0,jorgetown,117,kale,dairy,2024-06-11,1.0,1.59,1.59
8463,joseph sharp,26.0,andersontown,167,granola,dairy,2024-06-02,2.0,9.1,18.2
8464,cory hall,25.0,matthewburgh,109,organic apples,snack,2024-05-20,3.0,1.45,4.35
8465,shawn moore,51.0,millerville,175,organic apples,organic,2024-03-09,1.0,7.57,7.57
8466,aaron long,72.0,davismouth,192,granola,dairy,2024-04-02,2.0,3.09,6.18
8467,matthew davis,59.0,johnsonchester,106,almond butter,dairy,2024-01-27,3.0,17.87,53.61
8468,donald williams,54.0,south eugenestad,127,almond butter,organic,2024-09-06,2.0,8.72,17.44
8469,tammy bray,66.0,johnsonberg,140,fresh milk,vegetable,2024-06-01,2.0,10.95,21.9
8470,jennifer allen,33.0,annettehaven,107,tofu,snack,2024-03-19,2.0,2.54,5.08
8471,susan lopez,61.0,gregorymouth,175,almond butter,snack,2024-10-09,3.0,17.74,53.22
8472,kevin vaughan,61.0,averyfort,106,organic apples,dairy,2024-01-03,1.0,4.15,4.15
8473,jordan alexander,32.0,north ashley,135,fresh milk,dairy,2024-09-06,1.0,8.71,8.71
8474,robert anderson,33.0,crystalburgh,196,tofu,snack,2024-10-10,2.0,14.71,29.42
8475,leah zamora,37.0,anthonytown,133,fresh milk,snack,2024-01-30,3.0,10.94,32.82
8477,alexis gardner,72.0,sherryfort,196,organic apples,dairy,2024-09-16,3.0,5.61,16.830000000000002
8478,ronald turner,52.0,lake julie,122,fresh milk,vegetable,2024-06-04,4.0,3.32,13.28
8479,bruce lee,27.0,new margaretbury,128,granola,snack,2024-02-09,2.0,9.71,19.42
8480,wayne garza,58.0,port johnmouth,109,organic apples,vegetable,2024-08-16,3.0,17.67,53.010000000000005
8483,amy cline,73.0,rebeccafurt,175,almond butter,dairy,2024-11-02,2.0,8.39,16.78
8484,joseph martinez,42.0,grossshire,161,organic apples,dairy,2024-02-28,2.0,2.24,4.48
8485,jonathan holloway,66.0,hilltown,108,fresh milk,organic,2024-09-21,4.0,7.34,29.36
8486,juan everett,52.0,lake richardmouth,172,almond butter,snack,2024-03-24,3.0,12.46,37.38
8487,kelly williams,26.0,richardsmouth,184,granola,snack,2024-06-08,4.0,11.4,45.6
8488,tiffany smith,31.0,east tylerland,112,tofu,snack,2024-04-07,1.0,4.82,4.82
8489,timothy macias,64.0,mcphersonville,122,kale,organic,2024-08-23,1.0,7.11,7.11
8491,paul peters,30.0,east theresaton,197,fresh milk,dairy,2024-01-26,1.0,16.28,16.28
8492,dominique buckley,25.0,west jasonside,165,almond butter,organic,2024-05-12,2.0,6.7,13.4
8493,ruth fuller,59.0,new rachel,121,tofu,vegetable,2024-10-05,4.0,11.61,46.44
8494,michael murphy,24.0,wrightburgh,108,organic apples,snack,2024-07-26,3.0,9.09,27.27
8495,jordan russell,72.0,north lori,137,fresh milk,vegetable,2024-05-28,4.0,12.82,51.28
8496,peter herman,49.0,new charleschester,175,granola,organic,2024-01-13,2.0,13.83,27.66
8497,alec wilson,41.0,stephenberg,172,fresh milk,dairy,2024-02-18,2.0,12.87,25.74
8498,phyllis gomez,24.0,south kenneth,138,tofu,dairy,2024-10-08,3.0,7.21,21.63
8499,samuel miller,68.0,parkerview,126,organic apples,dairy,2024-03-15,3.0,1.66,4.98
8500,paige brewer,55.0,rodriguezville,129,organic apples,snack,2024-03-10,2.0,19.59,39.18
8501,mary singh,70.0,east codytown,139,tofu,vegetable,2024-08-06,2.0,1.93,3.86
8502,marc phillips,51.0,lopeztown,198,fresh milk,organic,2024-03-20,1.0,10.32,10.32
8503,scott lucas,37.0,lake desireemouth,169,granola,organic,2024-06-17,1.0,3.39,3.39
8504,gina ayala,57.0,gomeztown,115,fresh milk,vegetable,2024-06-02,1.0,8.8,8.8
8505,edward sharp,42.0,smithstad,152,almond butter,vegetable,2024-02-23,2.0,15.72,31.44
8506,kyle payne,70.0,davenportburgh,114,granola,organic,2024-01-09,3.0,19.51,58.53
8507,tonya smith,43.0,edgarstad,155,almond butter,snack,2024-02-17,2.0,3.98,7.96
8508,angela chen,24.0,west laura,122,fresh milk,dairy,2024-11-02,3.0,5.7,17.1
8509,amy watson,41.0,veronicaberg,109,granola,organic,2024-07-08,3.0,1.6,4.800000000000001
8510,michael brock,66.0,clarkport,132,almond butter,snack,2024-03-04,1.0,4.88,4.88
8511,tracey howard,67.0,north jorgebury,151,almond butter,vegetable,2024-01-03,2.0,12.12,24.24
8512,jessica knight,39.0,port ronaldberg,184,fresh milk,organic,2024-11-07,4.0,16.85,67.4
8513,david west,53.0,north larryburgh,196,kale,dairy,2024-11-01,1.0,14.83,14.83
8514,mary watson,33.0,calebtown,156,organic apples,organic,2024-04-25,4.0,19.67,78.68
8515,melissa sandoval,26.0,east adrienne,115,tofu,organic,2024-03-02,2.0,15.74,31.48
8516,leroy richard,49.0,west dennis,157,organic apples,organic,2024-06-29,4.0,12.46,49.84
8518,brian johnson,47.0,martinezfurt,188,granola,vegetable,2024-03-23,3.0,4.56,13.68
8519,olivia mullen,60.0,michaelmouth,111,tofu,snack,2024-05-07,4.0,8.55,34.2
8520,jesus davis,50.0,samuelmouth,165,tofu,snack,2024-06-11,1.0,10.19,10.19
8521,jesus berry,69.0,east scott,178,almond butter,vegetable,2024-05-22,3.0,13.39,40.17
8522,eric bradford,22.0,east kathyport,156,organic apples,snack,2024-10-10,4.0,1.44,5.76
8524,jeff griffith,54.0,west ashley,131,organic apples,vegetable,2024-07-02,2.0,4.07,8.14
8525,christopher ray,51.0,reedville,186,tofu,vegetable,2024-04-01,2.0,6.51,13.02
8526,catherine valenzuela,50.0,benjaminton,147,kale,dairy,2024-09-04,4.0,19.13,76.52
8527,christopher henry,61.0,harrisburgh,193,kale,organic,2024-05-31,1.0,18.72,18.72
8528,walter ramirez,25.0,marystad,132,granola,vegetable,2024-05-09,2.0,14.15,28.3
8529,amy lee,67.0,adamborough,106,kale,dairy,2024-02-06,2.0,1.56,3.12
8530,craig soto,57.0,east william,125,fresh milk,organic,2024-01-12,3.0,8.72,26.160000000000004
8531,christian reyes,76.0,south jeremy,100,tofu,vegetable,2024-07-27,2.0,2.28,4.56
8532,ashley johnson,49.0,donaldport,191,granola,organic,2024-10-27,2.0,4.45,8.9
8533,scott sanders,60.0,janetbury,183,organic apples,organic,2024-06-29,1.0,1.45,1.45
8534,brittany abbott,77.0,south jamesfurt,139,granola,organic,2024-08-04,2.0,18.72,37.44
8535,travis raymond,70.0,lake steve,130,granola,dairy,2024-04-25,1.0,6.61,6.61
8536,adam best,77.0,ianbury,161,almond butter,vegetable,2024-06-28,166.0,9.05,1502.3000000000002
8537,tracy haynes,49.0,port jasonshire,115,organic apples,organic,2024-07-10,1.0,17.09,17.09
8538,tracy carr,52.0,stevenbury,179,fresh milk,vegetable,2024-04-18,2.0,8.31,16.62
8539,kimberly hanson,19.0,new thomasside,181,kale,snack,2024-11-06,3.0,7.63,22.89
8540,james mcdonald,70.0,port juliaberg,153,almond butter,snack,2024-08-16,4.0,15.17,60.68
8541,joshua castro,71.0,north jessica,147,granola,organic,2024-10-25,3.0,214.21,642.63
8542,anthony ellis,19.0,new jessica,104,granola,organic,2024-06-15,4.0,11.29,45.16
8543,donna pierce,31.0,mitchellhaven,103,granola,vegetable,2024-11-04,4.0,4.42,17.68
8544,mary johnson,53.0,aprilberg,174,fresh milk,dairy,2024-07-16,4.0,17.14,68.56
8545,carol lamb md,46.0,north brettbury,163,granola,organic,2024-04-01,4.0,9.43,37.72
8547,albert campbell,18.0,murphyborough,155,kale,vegetable,2024-03-26,2.0,18.21,36.42
8548,jimmy jensen,75.0,hamptonhaven,124,almond butter,dairy,2024-08-12,3.0,19.04,57.12
8549,donna fisher,56.0,kimtown,117,kale,snack,2024-02-06,2.0,1.15,2.3
8550,christopher mills,56.0,east matthewfort,176,fresh milk,organic,2024-06-26,3.0,2.18,6.540000000000001
8551,natalie williams,78.0,christinaview,173,granola,dairy,2024-08-20,4.0,13.8,55.2
8552,ashley harper,64.0,west richard,139,fresh milk,vegetable,2024-06-09,4.0,4.77,19.08
8553,brianna lindsey,19.0,mccormickside,164,fresh milk,dairy,2024-11-01,4.0,15.89,63.56
8555,jaime jones,32.0,williammouth,178,tofu,dairy,2024-06-27,3.0,7.38,22.14
8556,amanda hurst,27.0,south ariel,183,fresh milk,dairy,2024-07-04,2.0,8.75,17.5
8557,miranda rios,40.0,new aliciafurt,163,fresh milk,snack,2024-08-26,3.0,13.71,41.13
8558,mrs. erica gross,34.0,east keith,117,kale,snack,2024-01-09,1.0,6.64,6.64
8559,courtney nicholson,67.0,south amanda,134,fresh milk,vegetable,2024-06-03,3.0,10.45,31.35
8560,connor aguilar,72.0,markview,132,granola,organic,2024-10-01,3.0,16.31,48.92999999999999
8561,amy dudley,27.0,lake benjamintown,131,tofu,dairy,2024-06-30,3.0,17.71,53.13
8563,christopher le,74.0,west coryport,134,tofu,snack,2024-02-28,4.0,14.88,59.52
8565,melissa greene,39.0,lake todd,167,granola,vegetable,2024-01-14,4.0,1.5,6.0
8566,jason sherman,65.0,taylorburgh,113,kale,vegetable,2024-08-07,3.0,9.1,27.3
8568,anthony jones,23.0,west sarah,182,granola,snack,2024-06-14,4.0,7.34,29.36
8569,karla phillips,50.0,hallchester,100,granola,snack,2024-03-18,3.0,1.0,3.0
8570,sandra lopez,79.0,theodorefort,115,kale,snack,2024-10-15,3.0,15.53,46.59
8572,charles harrington,79.0,willisberg,108,kale,dairy,2024-03-24,4.0,15.38,61.52
8573,jordan harrington,56.0,popeburgh,127,organic apples,dairy,2024-09-05,2.0,12.01,24.02
8574,roy bray,53.0,edwardsstad,140,fresh milk,vegetable,2024-04-19,3.0,6.27,18.81
8575,mary todd,34.0,mcintyreside,152,kale,dairy,2024-07-06,4.0,15.45,61.8
8576,amber moore,25.0,east markside,116,kale,dairy,2024-10-15,3.0,16.03,48.09
8577,dan williams,72.0,nguyenmouth,174,almond butter,organic,2024-08-24,4.0,8.68,34.72
8579,kimberly harper,75.0,west richard,159,almond butter,vegetable,2024-08-31,3.0,2.88,8.64
8580,ricky sandoval,23.0,port carrie,169,granola,snack,2024-02-28,2.0,13.48,26.96
8581,richard ward,20.0,east lauramouth,116,fresh milk,snack,2024-01-28,2.0,16.03,32.06
8582,elizabeth ashley,54.0,east roy,168,tofu,vegetable,2024-09-21,4.0,4.7,18.8
8583,judy todd,52.0,west patrickberg,159,almond butter,organic,2024-06-01,1.0,14.97,14.97
8584,michele gonzalez,25.0,new sara,163,granola,vegetable,2024-06-18,3.0,8.05,24.15
8585,mary torres,27.0,port samantha,129,granola,snack,2024-09-28,2.0,19.57,39.14
8586,danielle robbins,41.0,port david,129,kale,snack,2024-01-29,2.0,19.2,38.4
8587,mr. lawrence garcia md,72.0,sherriview,141,kale,vegetable,2024-03-12,4.0,16.41,65.64
8589,james moore,24.0,east brandonmouth,152,kale,dairy,2024-10-07,1.0,13.99,13.99
8590,carolyn perry,79.0,clarkchester,132,organic apples,vegetable,2024-08-08,3.0,7.28,21.84
8591,felicia french,60.0,kellyfort,148,tofu,snack,2024-11-08,4.0,3.48,13.92
8592,amber miller,32.0,cardenasside,145,tofu,vegetable,2024-10-11,1.0,3.36,3.36
8593,theresa baker dds,36.0,east leslie,196,organic apples,dairy,2024-04-18,4.0,15.85,63.4
8594,christopher anderson,78.0,port michaelburgh,191,almond butter,dairy,2024-09-17,2.0,15.34,30.68
8595,brian orr ii,25.0,west christopher,120,granola,dairy,2024-01-14,3.0,18.78,56.34
8596,duane garcia,61.0,west erica,176,tofu,organic,2024-05-13,3.0,4.87,14.61
8597,john alvarez,44.0,danielmouth,187,almond butter,snack,2024-03-12,3.0,8.61,25.83
8598,jason liu,66.0,smithtown,172,organic apples,vegetable,2024-06-02,4.0,11.78,47.12
8599,erika gomez,31.0,grahamport,143,organic apples,organic,2024-02-20,3.0,18.8,56.400000000000006
8600,patricia hartman,42.0,west christopher,117,fresh milk,snack,2024-04-19,4.0,13.69,54.76
8601,john scott,78.0,traciton,183,granola,organic,2024-05-23,1.0,8.91,8.91
8602,kathy chavez,23.0,east benjamin,113,fresh milk,dairy,2024-08-12,1.0,15.29,15.29
8603,joseph goodwin,21.0,wolfmouth,115,fresh milk,vegetable,2024-06-17,1.0,2.26,2.26
8604,theresa contreras,40.0,lake sarahchester,126,tofu,snack,2024-03-29,1.0,9.33,9.33
8605,james young,18.0,east hectorborough,161,fresh milk,vegetable,2024-03-18,3.0,370.43,1111.29
8606,sharon schneider,76.0,duartefurt,110,organic apples,dairy,2024-02-10,1.0,10.24,10.24
8607,rachel copeland,34.0,amyport,135,tofu,vegetable,2024-09-13,2.0,7.17,14.34
8608,katherine campbell,25.0,tiffanyside,113,granola,dairy,2024-02-29,2.0,15.24,30.48
8609,kelsey harris,23.0,flynnborough,190,kale,organic,2024-07-30,2.0,5.48,10.96
8610,david brown,49.0,walkerchester,118,granola,dairy,2024-05-15,4.0,15.78,63.12
8611,daniel pineda,69.0,davidfort,183,kale,vegetable,2024-01-10,1.0,19.02,19.02
8612,matthew brock,75.0,north benjaminton,114,granola,organic,2024-07-16,1.0,15.05,15.05
8613,scott mercado,29.0,north joseph,162,granola,vegetable,2024-05-05,3.0,3.57,10.71
8614,lori byrd,31.0,new angelamouth,112,fresh milk,organic,2024-03-25,4.0,17.39,69.56
8615,ms. brittany saunders md,54.0,wardfurt,132,kale,dairy,2024-02-28,3.0,10.9,32.7
8616,jacqueline jackson dds,68.0,south rebecca,197,organic apples,dairy,2024-08-02,3.0,3.88,11.64
8617,chad bryan,73.0,port gregoryton,196,tofu,snack,2024-10-07,3.0,3.15,9.45
8618,charles mcdonald,44.0,brianstad,185,kale,snack,2024-01-09,4.0,7.38,29.52
8619,jake morgan,32.0,scotthaven,170,organic apples,dairy,2024-08-04,3.0,3.07,9.21
8620,jason powell,40.0,alexanderborough,123,organic apples,snack,2024-02-17,4.0,3.91,15.64
8621,earl harrison,30.0,new josephchester,137,kale,organic,2024-02-26,4.0,18.42,73.68
8622,danielle rodriguez,31.0,bergstad,163,tofu,snack,2024-01-07,4.0,19.27,77.08
8623,bonnie thompson,64.0,north ashleyview,161,almond butter,vegetable,2024-06-12,3.0,6.62,19.86
8624,jennifer mcmahon,36.0,new danielview,115,fresh milk,snack,2024-06-01,3.0,9.63,28.89
8625,mrs. misty novak,66.0,lake jill,150,almond butter,dairy,2024-06-29,4.0,13.3,53.2
8626,michael lopez,35.0,east randallbury,172,fresh milk,dairy,2024-03-09,1.0,12.53,12.53
8627,mark wilson,49.0,new sarah,159,fresh milk,organic,2024-07-18,1.0,11.44,11.44
8628,kimberly butler,51.0,mckaymouth,142,almond butter,snack,2024-09-05,1.0,13.66,13.66
8629,ryan luna,65.0,kennethfort,146,kale,snack,2024-04-05,2.0,1.45,2.9
8630,william hawkins,41.0,new claudia,199,organic apples,snack,2024-03-24,3.0,6.98,20.94
8631,carrie larson,52.0,new jack,175,kale,dairy,2024-01-08,4.0,1.04,4.16
8632,dr. amanda strong,71.0,vangton,178,fresh milk,dairy,2024-08-18,4.0,14.79,59.16
8633,mark jenkins,65.0,east heidichester,113,almond butter,organic,2024-06-06,3.0,15.54,46.62
8634,destiny garza,29.0,taylorbury,100,kale,vegetable,2024-06-18,4.0,8.25,33.0
8635,courtney townsend,23.0,west david,190,granola,snack,2024-08-22,2.0,6.24,12.48
8636,steven harris,50.0,new lindseyland,132,organic apples,snack,2024-02-27,4.0,16.64,66.56
8637,isaac morris,32.0,south adrienneton,184,organic apples,dairy,2024-07-24,2.0,1.01,2.02
8638,latasha doyle,55.0,south brandon,171,fresh milk,organic,2024-06-12,3.0,17.28,51.84
8639,christopher serrano,19.0,lake david,153,tofu,snack,2024-08-29,4.0,8.99,35.96
8640,peter gonzalez,78.0,east jamesport,157,organic apples,dairy,2024-07-19,3.0,12.38,37.14
8642,shane harris,33.0,kennethchester,162,tofu,dairy,2024-09-13,4.0,5.13,20.52
8643,cody mcdonald,49.0,port kevinberg,198,fresh milk,dairy,2024-11-03,4.0,3.3,13.2
8644,julia munoz,76.0,port jennifermouth,112,tofu,dairy,2024-10-09,3.0,499.35,1498.0500000000002
8645,eric jimenez,36.0,east diane,122,granola,snack,2024-10-26,1.0,7.14,7.14
8646,laura murphy,37.0,south joseph,145,almond butter,organic,2024-07-15,3.0,13.65,40.95
8648,tyler velez,28.0,lake gabrielshire,128,almond butter,vegetable,2024-02-03,4.0,17.28,69.12
8649,amanda hill,55.0,west javier,164,almond butter,vegetable,2024-01-18,2.0,10.32,20.64
8650,thomas sanchez,49.0,south judyshire,144,organic apples,organic,2024-08-11,1.0,7.91,7.91
8651,cynthia santos,21.0,east marcusport,123,granola,dairy,2024-01-18,3.0,2.08,6.24
8652,joshua castillo,66.0,pinedatown,111,organic apples,organic,2024-07-27,1.0,2.0,2.0
8653,lauren hendrix,20.0,lake laurenshire,111,granola,organic,2024-06-08,2.0,15.05,30.1
8654,amanda jordan,68.0,lake jonathanshire,122,tofu,vegetable,2024-04-05,3.0,17.0,51.0
8655,sherry berry,69.0,north maria,113,tofu,vegetable,2024-09-16,1.0,9.34,9.34
8656,maureen brown,56.0,hallbury,140,tofu,snack,2024-02-25,4.0,3.05,12.2
8657,brianna nguyen,73.0,carterberg,172,almond butter,vegetable,2024-06-15,3.0,4.3,12.9
8658,mark gonzalez,68.0,reillyhaven,106,almond butter,dairy,2024-09-27,4.0,7.69,30.76
8659,kenneth floyd,27.0,jacksonstad,195,organic apples,dairy,2024-07-11,2.0,5.06,10.12
8660,russell edwards,34.0,west matthew,127,tofu,vegetable,2024-02-24,3.0,16.77,50.31
8662,keith wright,55.0,south elizabeth,155,granola,vegetable,2024-02-24,2.0,11.91,23.82
8663,mary rosales,58.0,south antonio,147,almond butter,dairy,2024-10-28,4.0,9.32,37.28
8664,john ellison,18.0,courtneyhaven,196,almond butter,dairy,2024-10-27,4.0,13.97,55.88
8665,charles williams,40.0,new jessicafurt,132,granola,dairy,2024-01-01,2.0,6.68,13.36
8666,abigail garcia,22.0,west jennifer,140,almond butter,dairy,2024-04-12,3.0,10.06,30.18
8667,priscilla cohen,40.0,martinborough,183,almond butter,vegetable,2024-06-12,2.0,12.34,24.68
8668,stephanie koch,22.0,alyssaton,114,granola,snack,2024-06-12,4.0,6.35,25.4
8669,cheyenne taylor,46.0,harrisburgh,199,fresh milk,snack,2024-08-17,4.0,12.71,50.84
8670,heather cooley,73.0,adamfurt,169,almond butter,vegetable,2024-05-26,4.0,18.11,72.44
8671,eric clark,51.0,rioston,176,fresh milk,organic,2024-01-10,4.0,5.41,21.64
8672,mark pierce,33.0,crossview,150,granola,vegetable,2024-08-30,1.0,14.68,14.68
8673,francis osborne,37.0,hansenhaven,156,almond butter,dairy,2024-08-01,3.0,13.89,41.67
8674,mrs. andrea hawkins dds,63.0,millerfort,189,tofu,organic,2024-08-17,3.0,2.67,8.01
8675,jeremiah dominguez,37.0,east lisa,171,granola,vegetable,2024-03-24,2.0,19.41,38.82
8676,kathryn cox,45.0,barbaraport,157,granola,organic,2024-03-19,4.0,7.44,29.76
8677,john hernandez,32.0,cherylmouth,103,almond butter,snack,2024-10-16,4.0,18.45,73.8
8679,melissa freeman,24.0,south mark,147,almond butter,dairy,2024-06-09,1.0,12.66,12.66
8680,breanna mcfarland,74.0,samanthaborough,190,almond butter,organic,2024-08-22,1.0,17.04,17.04
8681,joseph martin,60.0,south jesse,173,kale,organic,2024-11-06,2.0,10.71,21.42
8682,amanda ellison,73.0,nguyenhaven,154,tofu,organic,2024-11-07,1.0,13.93,13.93
8683,billy fisher,76.0,randolphhaven,134,tofu,organic,2024-07-25,1.0,6.4,6.4
8684,yolanda adams,66.0,sharonhaven,171,organic apples,dairy,2024-01-08,1.0,18.14,18.14
8685,laurie carroll,68.0,kennethport,199,almond butter,snack,2024-05-14,1.0,3.58,3.58
8686,brian garcia,63.0,west reginald,160,almond butter,snack,2024-08-11,2.0,8.69,17.38
8687,lisa ho,31.0,youngtown,122,fresh milk,snack,2024-06-05,1.0,9.23,9.23
8688,ann delacruz,29.0,valeriechester,177,kale,vegetable,2024-06-06,2.0,3.9,7.8
8689,ashley cooley,74.0,jasonstad,121,granola,snack,2024-04-13,1.0,10.9,10.9
8690,aimee mooney,79.0,herreraville,159,fresh milk,vegetable,2024-03-03,2.0,19.72,39.44
8691,daniel cook,32.0,stanleyburgh,126,granola,snack,2024-09-11,2.0,1.24,2.48
8692,james hamilton,34.0,turnerchester,192,tofu,vegetable,2024-05-31,1.0,14.51,14.51
8693,dorothy gordon,31.0,south amandamouth,132,kale,snack,2024-10-31,2.0,18.47,36.94
8695,april gates,38.0,terryton,153,kale,organic,2024-09-20,3.0,2.62,7.86
8696,victoria ho,46.0,hallbury,145,fresh milk,dairy,2024-04-13,2.0,3.51,7.02
8697,hannah nelson,69.0,port edwardberg,133,fresh milk,vegetable,2024-01-25,1.0,7.94,7.94
8698,brandon ochoa,76.0,heatherland,102,granola,dairy,2024-08-06,2.0,5.78,11.56
8699,nicole smith,62.0,rodgerston,126,tofu,organic,2024-02-25,1.0,13.21,13.21
8700,sandra lee,59.0,websterstad,169,organic apples,vegetable,2024-05-30,1.0,12.42,12.42
8701,sheila morse,79.0,harrisonside,195,granola,organic,2024-02-16,4.0,5.94,23.76
8702,phillip williams,77.0,mathismouth,130,kale,organic,2024-05-03,2.0,16.94,33.88
8704,lisa lambert,53.0,west alec,142,granola,dairy,2024-10-13,2.0,16.72,33.44
8706,lisa swanson,54.0,bryanthaven,151,tofu,organic,2024-09-04,3.0,16.51,49.53
8707,calvin kidd,18.0,kelleyland,146,organic apples,vegetable,2024-07-31,1.0,12.03,12.03
8708,gabriela hernandez,64.0,new robin,154,organic apples,dairy,2024-06-29,4.0,10.24,40.96
8709,april flores,43.0,ortegaborough,115,tofu,organic,2024-07-30,3.0,2.45,7.35
8710,sandra perez,67.0,jameshaven,159,tofu,snack,2024-03-20,2.0,1.07,2.14
8711,laura brown,35.0,lake johnny,161,kale,dairy,2024-01-13,3.0,11.07,33.21
8712,arthur jones,63.0,new kristi,109,fresh milk,organic,2024-05-09,3.0,16.04,48.12
8713,glenda lopez,50.0,new maria,198,almond butter,organic,2024-06-16,4.0,2.47,9.88
8714,michael evans,50.0,amandaview,152,granola,snack,2024-10-04,1.0,13.28,13.28
8715,mckenzie tran,27.0,port michaelstad,131,tofu,vegetable,2024-03-22,4.0,4.15,16.6
8716,joanne brown,49.0,berryfurt,196,granola,organic,2024-06-22,3.0,10.15,30.450000000000003
8717,christina hall,51.0,brianview,172,fresh milk,dairy,2024-04-04,4.0,10.0,40.0
8718,alyssa brown,22.0,west sandra,145,organic apples,vegetable,2024-10-21,4.0,10.74,42.96
8719,eric williams,50.0,lake jennystad,126,almond butter,vegetable,2024-11-06,3.0,16.33,48.99
8720,david hughes,48.0,east angela,186,granola,snack,2024-07-29,3.0,19.24,57.72
8721,leon nelson,62.0,colemanville,176,granola,vegetable,2024-07-26,2.0,14.42,28.84
8722,linda lewis md,48.0,bennettbury,165,almond butter,dairy,2024-10-17,1.0,17.08,17.08
8723,jean hudson,75.0,joseview,137,organic apples,snack,2024-03-04,2.0,12.37,24.74
8724,larry bryant,27.0,tammyborough,120,organic apples,organic,2024-07-14,4.0,3.08,12.32
8725,anne lawrence,53.0,south sharonside,141,kale,vegetable,2024-06-25,2.0,18.99,37.98
8727,daniel martin,28.0,south richard,100,organic apples,dairy,2024-05-10,1.0,3.64,3.64
8728,dustin velazquez,76.0,kingtown,128,almond butter,organic,2024-04-28,2.0,10.61,21.22
8729,amanda osborne,48.0,jessicamouth,125,granola,dairy,2024-04-24,4.0,18.46,73.84
8730,calvin wright,49.0,rodneychester,119,fresh milk,snack,2024-04-02,1.0,15.19,15.19
8731,steven sparks,24.0,tiffanytown,151,kale,snack,2024-08-13,1.0,17.91,17.91
8732,dr. bailey faulkner,23.0,lake brookechester,150,kale,vegetable,2024-03-01,4.0,369.17,1476.68
8733,melissa hernandez,78.0,keithburgh,113,almond butter,dairy,2024-09-08,2.0,15.62,31.24
8734,spencer daniels,62.0,south christopher,193,granola,dairy,2024-09-20,4.0,18.67,74.68
8735,amanda cole,64.0,port amanda,136,organic apples,dairy,2024-02-11,1.0,4.34,4.34
8736,frances ponce,20.0,theresaville,174,almond butter,vegetable,2024-10-04,1.0,18.6,18.6
8737,elizabeth black,32.0,mariomouth,190,granola,organic,2024-01-24,4.0,8.68,34.72
8738,cameron king,21.0,south jeffrey,149,kale,vegetable,2024-01-25,2.0,9.23,18.46
8739,kellie glenn,27.0,north ryanside,167,kale,vegetable,2024-03-31,4.0,17.26,69.04
8740,carlos stout,63.0,east danielton,137,almond butter,snack,2024-03-24,3.0,1.29,3.87
8741,jacqueline miller,46.0,lake jenniferside,149,fresh milk,snack,2024-01-04,1.0,14.78,14.78
8742,alexander richards,69.0,port michaeltown,186,almond butter,dairy,2024-08-22,3.0,5.91,17.73
8743,jonathan ayala,76.0,gutierreztown,179,organic apples,organic,2024-11-06,4.0,18.34,73.36
8744,cindy jordan,21.0,wilsonshire,185,tofu,vegetable,2024-05-10,2.0,15.04,30.08
8745,paige saunders,25.0,port jeffrey,132,fresh milk,snack,2024-01-26,2.0,9.92,19.84
8746,jacqueline greene,74.0,manningstad,154,kale,organic,2024-10-29,2.0,7.16,14.32
8747,anthony faulkner,56.0,daniellehaven,176,organic apples,vegetable,2024-01-08,3.0,2.25,6.75
8748,maria shields,54.0,new patriciaville,121,organic apples,vegetable,2024-09-21,3.0,1.54,4.62
8749,jessica robles,75.0,williamhaven,164,granola,organic,2024-09-01,1.0,3.4,3.4
8750,jessica hurst,47.0,greenville,147,fresh milk,snack,2024-09-25,3.0,12.51,37.53
8751,gabriel hughes md,76.0,brownberg,188,almond butter,dairy,2024-07-29,1.0,13.9,13.9
8752,cynthia james,52.0,west nicoleborough,131,fresh milk,dairy,2024-06-08,3.0,18.37,55.11
8753,mr. ryan butler,32.0,hammondside,197,tofu,snack,2024-08-26,1.0,11.28,11.28
8754,mark turner,74.0,north patrick,104,granola,organic,2024-03-30,1.0,7.11,7.11
8755,james moore,24.0,north danielle,146,tofu,organic,2024-06-08,2.0,16.55,33.1
8756,francisco davis,69.0,port susan,134,kale,organic,2024-01-21,3.0,15.19,45.57
8757,brent martinez,53.0,rebeccaburgh,178,kale,vegetable,2024-01-01,2.0,15.51,31.02
8758,kara young,49.0,meadowschester,147,kale,snack,2024-06-27,1.0,19.63,19.63
8759,matthew ramirez,35.0,new denise,144,tofu,dairy,2024-03-03,4.0,1.69,6.76
8760,bradley hines,21.0,jennifershire,159,almond butter,dairy,2024-07-24,2.0,5.17,10.34
8761,kristin sanchez,37.0,lake stephanie,179,almond butter,dairy,2024-11-07,4.0,17.12,68.48
8762,zachary perry,25.0,bradleychester,163,fresh milk,organic,2024-08-20,2.0,4.83,9.66
8763,stephanie ramos,59.0,lake edward,167,fresh milk,organic,2024-08-28,1.0,6.26,6.26
8764,cheryl johnson,66.0,kerrville,175,fresh milk,snack,2024-08-13,3.0,3.25,9.75
8766,juan casey,38.0,perkinsshire,143,fresh milk,snack,2024-08-18,2.0,10.64,21.28
8767,katie thompson,70.0,thomasmouth,167,granola,dairy,2024-05-06,2.0,13.14,26.28
8768,lisa lopez,35.0,lake kenneth,146,kale,vegetable,2024-08-06,4.0,19.73,78.92
8769,teresa henderson,19.0,north calebstad,164,fresh milk,dairy,2024-07-25,3.0,14.08,42.24
8770,lee patterson,52.0,west jeremy,139,tofu,organic,2024-06-18,2.0,17.57,35.14
8771,michael lowe,19.0,new jesuston,105,almond butter,snack,2024-08-29,4.0,1.73,6.92
8772,stephanie watson,50.0,brownville,122,fresh milk,organic,2024-03-24,3.0,10.04,30.12
8773,wendy mills,25.0,port stacystad,163,tofu,dairy,2024-05-11,4.0,13.13,52.52
8774,stephanie erickson,68.0,east jordanfort,148,granola,snack,2024-05-08,3.0,7.6,22.8
8775,alyssa gray,49.0,lake michaelside,111,kale,dairy,2024-03-12,4.0,6.93,27.72
8776,melissa anderson,21.0,new sherryshire,125,granola,dairy,2024-02-11,1.0,3.69,3.69
8777,eric ford,61.0,north frankmouth,107,kale,dairy,2024-10-11,3.0,17.25,51.75
8778,diana pierce,27.0,frankfort,137,granola,organic,2024-07-12,1.0,11.68,11.68
8779,jessica foster,19.0,wesf melanie,121,fresh milk,snack,2024-10-04,4.0,17.79,71.16
8780,rebecca evans,30.0,east keith,158,fresh milk,dairy,2024-11-05,2.0,17.5,35.0
8781,julia garcia,69.0,west wesley,185,organic apples,vegetable,2024-09-25,1.0,2.85,2.85
8782,tara castillo,48.0,north anthony,193,organic apples,snack,2024-01-29,2.0,18.36,36.72
8783,monique robinson,36.0,north mary,120,tofu,snack,2024-03-24,4.0,2.41,9.64
8784,james white,32.0,new kelly,122,organic apples,snack,2024-01-15,3.0,12.14,36.42
8785,hannah gregory,43.0,patriciafort,105,granola,snack,2024-09-25,1.0,4.52,4.52
8787,robin hunt,60.0,new lawrence,129,tofu,vegetable,2024-10-18,2.0,19.26,38.52
8788,dillon robinson,42.0,south glendaville,199,almond butter,vegetable,2024-04-14,2.0,11.64,23.28
8789,dr. barbara jones dds,72.0,south tarabury,156,almond butter,snack,2024-03-29,3.0,11.32,33.96
8790,ashley smith,63.0,catherinebury,163,kale,organic,2024-06-15,3.0,2.57,7.709999999999999
8791,cassidy jordan,35.0,west david,145,organic apples,snack,2024-06-02,4.0,1.81,7.24
8792,patricia jordan,66.0,port noahmouth,140,fresh milk,dairy,2024-03-09,3.0,4.36,13.080000000000002
8793,michael diaz,18.0,east aaronmouth,152,granola,dairy,2024-02-12,1.0,1.67,1.67
8794,tracy phillips,59.0,littlefurt,183,almond butter,snack,2024-07-31,2.0,3.21,6.42
8795,ronald horton,44.0,austintown,166,fresh milk,dairy,2024-09-19,1.0,19.2,19.2
8796,kyle marshall,32.0,aaronburgh,193,granola,vegetable,2024-08-03,3.0,233.65,700.95
8797,john sanchez,37.0,millerfurt,173,tofu,snack,2024-07-20,4.0,8.0,32.0
8798,william robinson,61.0,north davidland,105,granola,organic,2024-06-11,1.0,9.72,9.72
8799,rachel mckenzie,74.0,smithton,134,fresh milk,organic,2024-04-26,4.0,6.84,27.36
8800,angela davis,67.0,shannonhaven,107,almond butter,dairy,2024-08-28,4.0,9.57,38.28
8801,terry rodriguez,51.0,port lawrenceville,187,almond butter,snack,2024-03-20,1.0,16.91,16.91
8802,jack adkins,52.0,jasonport,189,organic apples,dairy,2024-04-12,4.0,17.48,69.92
8803,tanya hawkins,56.0,rachelmouth,143,almond butter,snack,2024-01-09,1.0,16.11,16.11
8804,lisa horton,45.0,south nathan,166,fresh milk,snack,2024-09-22,1.0,12.83,12.83
8805,ashley moore,50.0,jacksonville,121,granola,snack,2024-09-22,4.0,2.09,8.36
8806,michael lopez,36.0,south matthewville,154,kale,organic,2024-08-29,3.0,3.23,9.69
8807,christian taylor,42.0,johnsonburgh,121,tofu,organic,2024-02-14,4.0,10.18,40.72
8808,felicia lambert,61.0,jessicaton,101,almond butter,organic,2024-07-07,3.0,18.77,56.31
8809,sherri white,20.0,port ashley,153,kale,snack,2024-08-26,3.0,1.92,5.76
8810,matthew shaffer,78.0,north david,181,kale,organic,2024-08-03,3.0,18.26,54.78
8811,thomas francis,39.0,north sarahville,147,tofu,snack,2024-08-11,1.0,16.04,16.04
8812,virginia gonzalez,79.0,new tricia,184,fresh milk,dairy,2024-01-09,1.0,4.19,4.19
8813,joshua velazquez,28.0,fosterborough,194,granola,vegetable,2024-02-06,2.0,16.26,32.52
8814,carolyn garrison,70.0,stevensonmouth,161,tofu,vegetable,2024-03-12,101.0,6.55,661.55
8815,sarah johnson,53.0,west kathleen,110,granola,snack,2024-06-03,4.0,6.5,26.0
8817,caroline barron,27.0,horneview,194,tofu,organic,2024-06-03,3.0,1.49,4.47
8818,vanessa carson,57.0,lopezfurt,156,tofu,dairy,2024-08-29,4.0,12.78,51.12
8819,kimberly marsh,35.0,blakeville,176,fresh milk,dairy,2024-03-10,3.0,9.1,27.3
8820,andrew price,35.0,lake steven,174,granola,vegetable,2024-03-15,2.0,11.12,22.24
8821,michael white,19.0,anthonymouth,117,granola,organic,2024-03-12,1.0,15.0,15.0
8822,kaylee williams,18.0,hodgesfurt,112,kale,vegetable,2024-01-20,3.0,6.18,18.54
8823,tina anthony,35.0,josephchester,199,kale,dairy,2024-04-22,3.0,3.23,9.69
8824,matthew may,59.0,south brandonville,164,organic apples,dairy,2024-01-18,3.0,3.52,10.56
8825,kevin kennedy,63.0,brendanmouth,158,kale,snack,2024-07-30,1.0,9.37,9.37
8826,amber mahoney,39.0,jonesmouth,156,tofu,snack,2024-04-20,4.0,1.99,7.96
8829,carmen fuentes,40.0,younghaven,132,organic apples,organic,2024-05-30,1.0,18.85,18.85
8830,david arnold,51.0,ashleyland,170,kale,vegetable,2024-06-30,1.0,10.17,10.17
8831,amber mclaughlin,25.0,tinachester,194,granola,vegetable,2024-01-30,1.0,16.36,16.36
8832,alex walton,58.0,greerville,160,tofu,vegetable,2024-11-08,1.0,11.28,11.28
8833,michael beasley,19.0,robertmouth,130,fresh milk,organic,2024-10-07,4.0,3.88,15.52
8834,justin alvarez,72.0,melaniechester,150,fresh milk,dairy,2024-04-21,3.0,12.82,38.46
8835,edward roberts,20.0,maldonadoburgh,103,fresh milk,vegetable,2024-06-18,2.0,2.85,5.7
8837,mrs. margaret gordon,69.0,south ethan,148,almond butter,snack,2024-11-08,2.0,17.01,34.02
8838,rebecca elliott,79.0,jonathantown,183,almond butter,snack,2024-05-19,2.0,9.67,19.34
8839,justin suarez,33.0,east megan,121,granola,dairy,2024-10-21,3.0,15.22,45.66
8842,joseph davis,35.0,west jacob,191,fresh milk,dairy,2024-01-30,4.0,1.88,7.52
8843,deborah aguilar,22.0,east katherine,162,granola,snack,2024-10-11,3.0,12.98,38.94
8844,kimberly murphy,21.0,lake roberttown,177,almond butter,organic,2024-09-08,3.0,15.78,47.34
8845,mark bailey phd,32.0,west christina,103,kale,vegetable,2024-10-18,1.0,7.99,7.99
8846,charles yoder,79.0,meltonborough,193,kale,organic,2024-06-25,4.0,12.22,48.88
8847,robert brown,21.0,thomasmouth,135,granola,snack,2024-09-14,1.0,18.38,18.38
8848,tracy hansen,54.0,east allisonville,142,fresh milk,organic,2024-07-12,1.0,6.42,6.42
8849,shawn cooper dvm,71.0,howardmouth,196,fresh milk,organic,2024-03-12,3.0,3.83,11.49
8850,julie steele,75.0,port theresa,184,tofu,snack,2024-10-30,4.0,14.65,58.6
8851,holly munoz,75.0,flowersshire,199,granola,snack,2024-02-05,1.0,14.63,14.63
8852,natalie taylor,49.0,new kimberlyfort,148,almond butter,snack,2024-05-21,4.0,13.44,53.76
8853,kristen allen,78.0,east benjaminborough,166,kale,vegetable,2024-05-28,2.0,12.47,24.94
8854,april mills,60.0,east christie,130,organic apples,organic,2024-07-08,1.0,14.67,14.67
8855,nathan harris,52.0,zacharyview,103,organic apples,snack,2024-02-12,4.0,18.88,75.52
8856,mariah sullivan,39.0,stephanieview,114,granola,snack,2024-08-23,2.0,14.9,29.8
8857,ryan barnes,20.0,lake duaneton,137,fresh milk,vegetable,2024-10-13,4.0,17.36,69.44
8858,danny brown,34.0,port manuelburgh,102,kale,organic,2024-10-16,4.0,19.57,78.28
8859,scott hamilton,79.0,alexanderfort,190,fresh milk,snack,2024-09-03,3.0,11.08,33.24
8860,tammy taylor,75.0,port stevenchester,198,granola,dairy,2024-05-14,3.0,15.34,46.02
8861,mr. victor baker jr.,53.0,lake jennifer,144,fresh milk,snack,2024-02-17,1.0,17.64,17.64
8862,robin meadows,51.0,yatesland,158,tofu,dairy,2024-01-11,3.0,4.89,14.669999999999998
8863,amanda clark,64.0,east ronald,147,tofu,organic,2024-05-22,4.0,13.76,55.04
8864,connor rasmussen,43.0,bryceside,184,organic apples,organic,2024-01-29,3.0,7.58,22.74
8865,timothy wilson,32.0,kaitlynmouth,174,almond butter,snack,2024-10-05,4.0,5.91,23.64
8866,jennifer martinez,75.0,bassshire,104,almond butter,vegetable,2024-09-24,1.0,11.92,11.92
8867,lynn nelson,46.0,martinezmouth,192,tofu,snack,2024-07-11,3.0,10.4,31.200000000000003
8868,mrs. maria james,44.0,christinatown,104,tofu,dairy,2024-10-11,3.0,4.53,13.59
8869,cameron sanders,37.0,east christopher,102,almond butter,organic,2024-07-09,1.0,9.08,9.08
8871,brandy carter,44.0,aguilarstad,173,organic apples,snack,2024-08-16,3.0,12.58,37.74
8872,regina brown,20.0,beverlyburgh,110,almond butter,dairy,2024-03-28,3.0,14.21,42.63
8873,lisa calhoun,32.0,salasshire,101,tofu,organic,2024-09-24,3.0,9.78,29.34
8874,joshua mcpherson,60.0,thomasmouth,135,tofu,snack,2024-05-19,4.0,3.38,13.52
8875,karina johnson,66.0,stephaniemouth,119,organic apples,vegetable,2024-09-10,2.0,15.85,31.7
8876,anthony johnson,70.0,trevorborough,169,organic apples,dairy,2024-07-05,1.0,5.53,5.53
8877,mr. andrew williams md,65.0,paulhaven,110,granola,dairy,2024-06-18,1.0,10.05,10.05
8878,john carson,54.0,jasonshire,193,kale,snack,2024-01-24,3.0,15.92,47.76
8879,vincent parks,75.0,west brandon,161,tofu,snack,2024-11-02,2.0,13.22,26.44
8880,robert robinson,34.0,east thomasport,196,kale,vegetable,2024-05-12,2.0,1.99,3.98
8881,sarah roman,33.0,north thomas,175,almond butter,vegetable,2024-07-14,4.0,16.89,67.56
8882,todd hill,38.0,east davidfort,162,almond butter,organic,2024-03-02,1.0,13.15,13.15
8883,kristin wall,49.0,kathleenborough,144,kale,vegetable,2024-08-31,2.0,1.17,2.34
8884,lynn nelson,52.0,johnmouth,130,kale,vegetable,2024-05-30,4.0,15.26,61.04
8885,sara erickson,47.0,port carlos,134,tofu,organic,2024-05-06,1.0,9.23,9.23
8886,krystal armstrong,30.0,lake toddtown,184,almond butter,dairy,2024-08-06,4.0,11.92,47.68
8887,joseph jordan,60.0,fowlerhaven,134,granola,dairy,2024-06-01,4.0,11.94,47.76
8889,natasha robertson,38.0,norkh alexander,138,almond butter,snack,2024-10-01,3.0,3.35,10.05
8890,sabrina rivera,61.0,north lisa,123,almond butter,snack,2024-07-24,2.0,9.19,18.38
8891,eric escobar,72.0,russellfurt,161,tofu,dairy,2024-10-25,3.0,7.54,22.62
8892,amanda chavez,72.0,gardnerside,101,almond butter,dairy,2024-09-25,1.0,15.03,15.03
8893,justin hansen,40.0,west desiree,162,tofu,dairy,2024-02-08,3.0,19.13,57.39
8894,patricia sanchez,20.0,mooremouth,130,tofu,snack,2024-05-08,1.0,5.75,5.75
8896,robin meyer,18.0,lake seanville,101,kale,organic,2024-02-03,1.0,12.85,12.85
8897,stacey scott,43.0,lake elizabeth,196,tofu,organic,2024-10-06,3.0,19.91,59.73
8898,monique duarte,70.0,north craigmouth,115,kale,snack,2024-01-26,1.0,9.75,9.75
8899,brittany patel,21.0,port gabrielleport,101,fresh milk,snack,2024-06-15,1.0,14.45,14.45
8900,mark james,48.0,davishaven,192,almond butter,vegetable,2024-07-18,1.0,11.48,11.48
8901,april frye,60.0,marshallshire,190,granola,dairy,2024-10-25,2.0,12.11,24.22
8902,ashley huber,65.0,north christopherfort,195,fresh milk,vegetable,2024-02-04,1.0,7.88,7.88
8903,donald moon,63.0,rojasbury,172,kale,snack,2024-07-22,4.0,13.59,54.36
8904,barbara barber,43.0,amberland,120,almond butter,organic,2024-10-22,2.0,17.76,35.52
8905,mrs. christina foster,31.0,north jennifer,167,fresh milk,organic,2024-11-06,1.0,15.58,15.58
8906,katie coffey,21.0,jillbury,193,almond butter,organic,2024-10-20,2.0,2.11,4.22
8907,rachel bryan,38.0,jonesview,157,almond butter,snack,2024-09-06,163.0,10.01,1631.63
8908,danielle olson,43.0,weberberg,131,granola,dairy,2024-09-24,4.0,17.92,71.68
8909,timothy dean,47.0,sonyaport,125,almond butter,snack,2024-07-10,2.0,2.43,4.86
8910,emily hampton,32.0,michelleshire,153,almond butter,organic,2024-02-16,2.0,18.52,37.04
8911,christopher snow,45.0,west steven,138,granola,dairy,2024-11-01,4.0,17.26,69.04
8912,sarah dunlap,51.0,east frank,151,organic apples,dairy,2024-04-03,1.0,5.33,5.33
8913,kenneth hernandez,37.0,port richard,138,almond butter,organic,2024-01-29,3.0,14.06,42.18
8914,amanda warner,72.0,torreshaven,199,almond butter,vegetable,2024-04-06,2.0,12.3,24.6
8915,timothy williams,40.0,staceyhaven,186,kale,dairy,2024-01-28,4.0,16.79,67.16
8916,dr. robert davis,21.0,beckhaven,129,granola,dairy,2024-03-04,4.0,5.49,21.96
8917,katherine rodriguez,67.0,monicafurt,149,almond butter,vegetable,2024-06-02,2.0,19.28,38.56
8918,sandra cowan,52.0,port ryanborough,193,almond butter,snack,2024-10-12,2.0,14.64,29.28
8919,theodore vaughn,46.0,west jonathanfort,150,kale,vegetable,2024-09-17,3.0,7.86,23.58
8920,keith walker,63.0,lake michelle,135,kale,organic,2024-08-26,1.0,13.02,13.02
8921,edward brown,48.0,port cindyland,169,kale,snack,2024-03-24,4.0,17.43,69.72
8922,cassie escobar,70.0,east christopher,123,granola,vegetable,2024-01-05,4.0,7.97,31.88
8923,joel shelton,52.0,south cody,108,fresh milk,vegetable,2024-09-29,2.0,19.74,39.48
8924,mark tran,39.0,west amyside,129,tofu,organic,2024-09-27,4.0,16.45,65.8
8925,joseph santos,29.0,west rhondaville,100,kale,organic,2024-05-14,3.0,10.18,30.54
8926,courtney kramer,66.0,brownshire,114,kale,organic,2024-10-29,3.0,15.52,46.56
8927,paula ward,66.0,kelliefurt,140,tofu,snack,2024-06-06,2.0,11.42,22.84
8928,johnathan gomez,76.0,new davidshire,164,granola,vegetable,2024-04-01,4.0,6.22,24.88
8929,kathy hernandez,65.0,port michael,106,kale,dairy,2024-06-28,1.0,15.91,15.91
8930,kayla rice,61.0,new deborah,106,almond butter,vegetable,2024-07-20,3.0,15.07,45.21
8932,ryan cox,52.0,smithview,193,almond butter,snack,2024-08-19,1.0,8.33,8.33
8933,jay matthews,19.0,port cheryl,173,organic apples,snack,2024-10-26,4.0,16.66,66.64
8934,brittany soto,37.0,dawsonland,189,granola,dairy,2024-09-19,4.0,10.98,43.92
8936,leslie rodriguez,21.0,ericberg,117,granola,organic,2024-10-07,4.0,7.07,28.28
8937,daniel hansen,35.0,new tammy,199,tofu,vegetable,2024-07-19,2.0,14.08,28.16
8938,amanda fry,62.0,hillfort,124,almond butter,snack,2024-02-28,4.0,17.0,68.0
8939,michael jordan,56.0,mcguiremouth,179,granola,snack,2024-01-31,2.0,15.58,31.16
8940,aaron calderon,71.0,north josechester,158,kale,vegetable,2024-08-17,1.0,15.95,15.95
8941,gabrielle clark,28.0,zacharyborough,152,tofu,snack,2024-05-28,4.0,13.18,52.72
8942,adam williams,75.0,lake samantha,129,almond butter,dairy,2024-05-01,4.0,19.38,77.52
8943,frank gutierrez,31.0,north reneestad,129,tofu,vegetable,2024-06-27,3.0,200.67,602.01
8944,lori kim,63.0,lake marvinmouth,188,granola,organic,2024-09-10,1.0,6.48,6.48
8945,paul holland,79.0,gonzalesfurt,180,tofu,organic,2024-08-02,1.0,7.75,7.75
8946,valerie gonzales,77.0,patriciaton,190,almond butter,vegetable,2024-07-23,4.0,18.24,72.96
8947,tara ball,52.0,lake ashleyshire,160,organic apples,vegetable,2024-03-04,1.0,3.1,3.1
8948,amber fernandez,34.0,austinmouth,138,almond butter,snack,2024-09-19,4.0,4.33,17.32
8949,daniel myers,42.0,nguyenview,136,granola,vegetable,2024-06-28,1.0,16.71,16.71
8950,dr. david schmitt,76.0,schultzfurt,158,organic apples,vegetable,2024-02-29,1.0,2.78,2.78
8951,tracy bates,32.0,port christopherfurt,173,fresh milk,dairy,2024-02-02,4.0,11.67,46.68
8952,joel sanchez,77.0,sweeneyberg,123,kale,organic,2024-03-22,2.0,10.15,20.3
8954,harold calderon,44.0,paulville,146,kale,snack,2024-05-16,2.0,6.95,13.9
8955,hannah castillo,66.0,moodefort,198,fresh milk,organic,2024-05-14,4.0,13.41,53.64
8956,lisa delgado,45.0,amandaside,181,organic apples,organic,2024-11-05,1.0,16.54,16.54
8957,kimberly martinez,75.0,michaelfurt,113,kale,vegetable,2024-06-05,2.0,3.82,7.64
8958,alicia brewer,50.0,christinastad,140,tofu,snack,2024-08-29,1.0,11.81,11.81
8959,andrea white,19.0,amandaton,160,tofu,vegetable,2024-02-27,4.0,8.95,35.8
8960,elaine mccarthy,29.0,andoeatown,141,kale,vegetable,2024-03-08,1.0,1.79,1.79
8961,anne jackson,40.0,smithstad,141,kale,snack,2024-10-23,4.0,11.32,45.28
8962,christy nielsen,67.0,nicolasmouth,150,almond butter,organic,2024-05-28,3.0,9.45,28.35
8963,kimberly bryant,29.0,nicholston,192,fresh milk,vegetable,2024-04-19,3.0,12.35,37.05
8964,lisa calderon,38.0,new jessicabury,105,granola,snack,2024-07-04,2.0,3.7,7.4
8965,monique lewis,64.0,port paul,163,almond butter,vegetable,2024-04-19,4.0,5.85,23.4
8967,annette gutierrez,40.0,finleymouth,162,tofu,snack,2024-08-11,3.0,18.02,54.06
8968,brittany ortiz,75.0,east jasminestad,161,kale,dairy,2024-08-01,4.0,13.27,53.08
8969,sean lee,65.0,flynnport,138,fresh milk,snack,2024-07-13,3.0,5.31,15.93
8970,jennifer decker,43.0,lorimouth,142,tofu,dairy,2024-05-24,3.0,7.45,22.35
8971,reginald chapman,75.0,pierceland,126,fresh milk,vegetable,2024-09-13,3.0,9.89,29.67
8972,dana rich,32.0,heatherborough,161,fresh milk,snack,2024-01-25,4.0,2.31,9.24
8973,jenna butler,54.0,new jennifer,152,organic apples,vegetable,2024-03-05,2.0,12.7,25.4
8974,kelli martin,67.0,new andrew,157,organic apples,vegetable,2024-05-08,4.0,19.64,78.56
8976,dana smith,28.0,stephanieborough,116,granola,dairy,2024-02-22,2.0,14.69,29.38
8977,kristin foster,48.0,south johnathan,116,kale,vegetable,2024-04-24,4.0,6.83,27.32
8978,christina jackson,57.0,ericchester,120,organic apples,snack,2024-05-08,2.0,6.91,13.82
8979,christopher reyes,28.0,kington,131,kale,dairy,2024-02-12,2.0,13.4,26.8
8980,melanie scott,34.0,bakerburgh,100,fresh milk,dairy,2024-04-17,3.0,15.19,45.57
8981,heather ellis,39.0,hernandezshire,149,tofu,organic,2024-08-07,4.0,9.23,36.92
8982,dr. brianna carlson,26.0,caitlinfort,113,kale,snack,2024-10-12,3.0,17.81,53.42999999999999
8983,christina vazquez,40.0,edwardsshire,159,granola,snack,2024-07-26,4.0,10.51,42.04
8984,mr. frank wilson,33.0,south johnburgh,132,granola,snack,2024-09-30,2.0,1.32,2.64
8985,jennifer carter,71.0,north angela,182,fresh milk,organic,2024-06-20,4.0,7.24,28.96
8986,melissa robinson,75.0,rhodesmouth,125,tofu,dairy,2024-06-25,2.0,6.64,13.28
8987,mr. ryan christian,38.0,millerberg,145,tofu,organic,2024-09-05,4.0,6.39,25.56
8989,mckenzie rodriguez,57.0,lisahaven,189,kale,snack,2024-06-04,4.0,2.23,8.92
8990,kristi bridges,44.0,north wandabury,139,fresh milk,snack,2024-04-02,4.0,3.81,15.24
8991,lori haynes,71.0,east richardfurt,102,tofu,dairy,2024-01-26,1.0,16.96,16.96
8992,ariel hunt,21.0,east laura,116,fresh milk,organic,2024-04-02,1.0,15.87,15.87
8993,jose brandt,19.0,port matthew,185,kale,snack,2024-06-29,2.0,2.63,5.26
8994,stephen wagner,38.0,port danielberg,140,granola,dairy,2024-04-05,1.0,1.19,1.19
8995,rebecca reid,51.0,cassandratown,158,organic apples,vegetable,2024-02-27,3.0,7.89,23.67
8996,timothy castillo,38.0,lake logan,107,organic apples,organic,2024-03-15,3.0,19.63,58.89
8997,tina ferguson,36.0,east taylortown,123,almond butter,dairy,2024-07-05,4.0,1.33,5.32
8998,anthony rios,48.0,east gina,123,tofu,dairy,2024-10-06,4.0,12.37,49.48
8999,catherine nolan,18.0,lake craigfurt,119,organic apples,organic,2024-09-25,1.0,11.28,11.28
9000,amy donovan,42.0,west joel,133,granola,vegetable,2024-08-02,2.0,1.26,2.52
9001,courtney dixon,62.0,north jose,143,kale,organic,2024-07-28,2.0,18.31,36.62
9002,anthony taylor,76.0,west juliaview,174,fresh milk,organic,2024-08-16,136.0,17.75,2414.0
9003,kimberly jones,24.0,houstonport,116,organic apples,organic,2024-01-08,3.0,17.92,53.760000000000005
9004,bill munoz,53.0,new sandramouth,146,almond butter,vegetable,2024-07-18,1.0,15.89,15.89
9005,eileen pennington,51.0,west laurenstad,105,tofu,vegetable,2024-06-15,1.0,10.62,10.62
9006,allen schultz,24.0,hunterburgh,130,organic apples,snack,2024-10-07,1.0,12.2,12.2
9007,virginia galloway md,50.0,new stephen,167,fresh milk,snack,2024-09-07,4.0,17.71,70.84
9008,randall manning,55.0,richardburgh,180,kale,snack,2024-05-20,4.0,14.58,58.32
9010,john clark,19.0,kimberlyside,121,granola,snack,2024-01-01,4.0,8.09,32.36
9011,melissa young,29.0,johnsonport,109,organic apples,snack,2024-02-02,3.0,18.75,56.25
9012,shelley campbell,28.0,mejiabury,171,granola,organic,2024-03-15,4.0,8.44,33.76
9013,randy jenkins,20.0,thomasborough,123,granola,dairy,2024-09-09,2.0,17.4,34.8
9014,robert west,77.0,williamsshire,125,almond butter,vegetable,2024-02-22,2.0,13.86,27.72
9015,sherry lucas dvm,67.0,michelemouth,189,tofu,organic,2024-05-06,1.0,13.07,13.07
9016,deborah carroll,47.0,salaston,150,granola,organic,2024-02-14,2.0,16.41,32.82
9018,jerry klein dds,39.0,kyleport,128,granola,vegetable,2024-08-24,1.0,14.11,14.11
9019,melissa hoffman,34.0,lake michaelmouth,150,almond butter,dairy,2024-04-05,4.0,14.14,56.56
9020,chad bailey,57.0,east jacobland,152,almond butter,dairy,2024-03-08,1.0,4.78,4.78
9021,charles bush,39.0,east michael,188,kale,organic,2024-02-12,2.0,15.09,30.18
9022,daniel berry,29.0,west christian,148,organic apples,snack,2024-09-19,1.0,15.65,15.65
9023,tiffany robinson,64.0,north catherineside,175,kale,vegetable,2024-11-08,2.0,4.07,8.14
9024,emma daniels,36.0,smithport,103,organic apples,vegetable,2024-03-09,2.0,17.96,35.92
9025,ronald leonard,53.0,new joseph,121,fresh milk,organic,2024-01-06,3.0,8.82,26.46
9026,stephanie smith,74.0,maryview,165,tofu,vegetable,2024-08-07,1.0,4.98,4.98
9027,seth howe,64.0,lauraview,175,almond butter,dairy,2024-02-21,1.0,2.93,2.93
9028,jennifer miller,22.0,west samanthabury,121,organic apples,vegetable,2024-02-03,2.0,9.67,19.34
9029,michael sanchez,52.0,west randy,177,granola,organic,2024-10-14,1.0,4.15,4.15
9030,daniel graves,50.0,port annaborough,193,organic apples,dairy,2024-04-13,4.0,13.1,52.4
9031,brittany navarro,75.0,port shelby,188,kale,snack,2024-05-02,2.0,14.12,28.24
9032,amy black,22.0,allenfurt,183,fresh milk,vegetable,2024-04-12,3.0,9.13,27.39
9033,timothy campbell,69.0,patriciabury,188,organic apples,vegetable,2024-05-07,1.0,11.71,11.71
9034,kayla wilson,47.0,tammyshire,119,granola,dairy,2024-10-30,2.0,11.15,22.3
9035,chad peterson,19.0,jamieshire,131,almond butter,snack,2024-08-26,3.0,3.32,9.96
9037,erin robinson,67.0,south amberborough,120,granola,snack,2024-04-10,3.0,13.84,41.52
9038,alec rivera,79.0,charleschester,102,almond butter,vegetable,2024-05-11,3.0,19.96,59.88
9039,jill jacobs,33.0,michaelhaven,177,almond butter,dairy,2024-07-22,3.0,5.4,16.200000000000003
9040,kelly ramirez,31.0,new rachelland,163,organic apples,snack,2024-01-10,3.0,6.51,19.53
9041,wendy gray,66.0,millerview,164,granola,dairy,2024-07-23,2.0,8.19,16.38
9042,angela liu,49.0,morganbury,146,almond butter,snack,2024-05-26,2.0,19.31,38.62
9043,daniel johnson,51.0,timothymouth,147,kale,vegetable,2024-11-02,3.0,19.29,57.87
9044,suzanne patterson,19.0,west brandonshire,143,almond butter,organic,2024-10-10,3.0,2.42,7.26
9045,charles mcdaniel,79.0,port williamborough,125,almond butter,snack,2024-07-26,4.0,14.24,56.96
9046,tamara bennett,42.0,harrisbury,141,tofu,vegetable,2024-02-08,4.0,7.42,29.68
9047,andrea murphy,31.0,north reneeshire,178,tofu,dairy,2024-06-03,4.0,2.78,11.12
9048,jill rasmussen,69.0,parkerborough,103,almond butter,vegetable,2024-05-12,2.0,16.84,33.68
9049,bradley montgomery,39.0,port kristinfort,142,kale,snack,2024-04-03,3.0,15.87,47.61
9050,amanda cook,70.0,lake dawnton,175,tofu,organic,2024-09-22,4.0,13.65,54.6
9051,robin pitts,70.0,greenview,169,fresh milk,organic,2024-07-16,1.0,16.99,16.99
9052,richard turner,18.0,east rebeccachester,147,fresh milk,organic,2024-04-29,3.0,14.08,42.24
9053,sherry hurst,37.0,lake leslie,195,granola,dairy,2024-01-07,3.0,15.2,45.6
9054,ashley moore,34.0,michaelshire,107,organic apples,organic,2024-02-01,163.0,15.26,2487.38
9055,summer spencer,29.0,jasonton,172,granola,vegetable,2024-09-14,2.0,5.05,10.1
9056,richard coffey,75.0,south meganborough,128,tofu,vegetable,2024-05-21,3.0,14.24,42.72
9057,nancy thomas,54.0,east janet,166,organic apples,snack,2024-04-07,4.0,5.0,20.0
9058,robin schwartz,23.0,south patricia,136,almond butter,organic,2024-02-17,3.0,16.46,49.38
9059,michelle lee,52.0,richardfurt,138,kale,organic,2024-04-14,1.0,14.67,14.67
9060,annette kim,29.0,west lindseyview,179,kale,snack,2024-01-15,2.0,19.41,38.82
9061,amanda bond,32.0,south lisaton,169,granola,dairy,2024-01-10,3.0,4.88,14.64
9062,leslie carroll,72.0,alexanderborough,105,fresh milk,dairy,2024-07-01,1.0,17.43,17.43
9063,danielle mann,76.0,blakeville,135,kale,vegetable,2024-04-25,4.0,13.05,52.2
9064,shawn gomez,24.0,lake benjamin,123,granola,organic,2024-09-29,4.0,9.3,37.2
9065,brian flores,55.0,brandiborough,151,almond butter,snack,2024-01-09,1.0,16.76,16.76
9066,jennifer smith,79.0,west laura,132,organic apples,snack,2024-05-21,3.0,15.42,46.26
9067,stephen harris,52.0,veronicafurt,140,almond butter,snack,2024-09-01,3.0,7.2,21.6
9068,veronica robles,60.0,gregoryland,180,almond butter,vegetable,2024-03-07,1.0,18.54,18.54
9069,shannon fuller,74.0,lake phillipport,160,tofu,snack,2024-05-31,2.0,8.2,16.4
9070,lauren king,21.0,west debbie,174,organic apples,snack,2024-03-23,2.0,8.85,17.7
9071,steven king,45.0,bishopville,133,fresh milk,snack,2024-10-05,2.0,6.66,13.32
9072,tammy lopez,69.0,christianshire,119,kale,snack,2024-01-28,4.0,4.89,19.56
9073,ashley curtis,36.0,east andrewfort,171,tofu,snack,2024-09-24,4.0,4.22,16.88
9074,steven hamilton,52.0,south douglasbury,181,almond butter,vegetable,2024-06-09,1.0,13.62,13.62
9075,timothy raymond,44.0,haroldmouth,187,kale,dairy,2024-02-21,1.0,19.32,19.32
9076,eric davila,30.0,north paul,158,granola,vegetable,2024-07-21,1.0,14.13,14.13
9077,peter jenkins,29.0,north melissaview,179,fresh milk,snack,2024-04-08,2.0,4.71,9.42
9078,juan eaton,68.0,port nathanburgh,167,organic apples,organic,2024-05-09,1.0,1.3,1.3
9079,dean klein,36.0,noryh thomasmouth,141,tofu,vegetable,2024-07-25,4.0,4.41,17.64
9080,jay garcia,58.0,lake daniel,173,fresh milk,dairy,2024-01-21,2.0,3.41,6.82
9081,scott moreno,73.0,adkinsburgh,140,fresh milk,dairy,2024-02-19,3.0,4.7,14.1
9082,patrick swanson jr.,59.0,lake rickyport,130,almond butter,snack,2024-08-08,2.0,3.2,6.4
9084,william shepherd,55.0,bethtown,102,granola,organic,2024-04-20,4.0,14.21,56.84
9085,tiffany parker,55.0,new judyland,114,granola,dairy,2024-01-14,2.0,19.42,38.84
9086,brian martinez,19.0,mullinsborough,188,almond butter,vegetable,2024-02-26,4.0,1.94,7.76
9088,rebecca palmer,78.0,dunnside,119,fresh milk,dairy,2024-07-12,2.0,7.61,15.22
9090,paul dominguez,59.0,port kimberly,197,almond butter,snack,2024-05-10,4.0,13.83,55.32
9091,angela smith,58.0,lauraside,191,kale,dairy,2024-01-08,3.0,7.85,23.55
9092,holly clay,52.0,norrh johnhaven,123,almond butter,organic,2024-05-16,4.0,3.01,12.04
9093,james moreno,59.0,castrobury,114,kale,vegetable,2024-02-08,2.0,13.4,26.8
9094,carla butler,20.0,port keith,168,tofu,snack,2024-01-06,3.0,16.96,50.88
9095,lisa thomas,55.0,north trevor,169,kale,snack,2024-03-12,2.0,18.23,36.46
9096,samantha vaughn,22.0,new timothy,192,organic apples,dairy,2024-07-14,2.0,9.43,18.86
9097,robert smith,66.0,douglasburgh,159,tofu,snack,2024-08-20,4.0,12.66,50.64
9099,erica anderson,75.0,south stevenview,138,kale,dairy,2024-06-12,4.0,3.84,15.36
9100,tom nelson,62.0,east tina,102,almond butter,dairy,2024-04-11,1.0,18.93,18.93
9102,stephanie mendoza,39.0,davidberg,196,granola,vegetable,2024-03-29,4.0,17.96,71.84
9103,ebony smith,38.0,daniellechester,172,tofu,snack,2024-01-15,4.0,14.5,58.0
9104,amber bennett,30.0,port kathyburgh,176,almond butter,organic,2024-01-17,1.0,19.12,19.12
9105,william phillips,52.0,port maria,100,granola,vegetable,2024-04-30,4.0,14.95,59.8
9106,heather carter,27.0,douglasborough,155,granola,organic,2024-05-06,2.0,5.38,10.76
9107,connie flores,54.0,port rhondashire,108,granola,vegetable,2024-03-08,1.0,12.85,12.85
9108,martin brown,25.0,south tiffany,140,tofu,organic,2024-05-12,1.0,1.07,1.07
9110,adriana burnett,28.0,west george,185,granola,snack,2024-02-28,2.0,17.07,34.14
9111,tiffany rivera,23.0,south markmouth,114,granola,dairy,2024-05-16,1.0,4.96,4.96
9112,sherri mitchell,34.0,lake ambermouth,189,almond butter,vegetable,2024-04-11,4.0,10.09,40.36
9113,michael shields,24.0,north kimberly,163,organic apples,organic,2024-04-07,1.0,19.31,19.31
9114,karen lopez,43.0,port daniel,148,kale,snack,2024-10-18,2.0,1.96,3.92
9116,leonard king,31.0,east jason,168,tofu,vegetable,2024-01-12,2.0,14.99,29.98
9117,curtis lam,40.0,kaiserstad,113,tofu,organic,2024-06-29,4.0,4.43,17.72
9118,ryan fisher,76.0,south nicholasburgh,138,organic apples,vegetable,2024-09-10,3.0,17.17,51.510000000000005
9119,isaiah gonzalez,63.0,lake sean,171,fresh milk,vegetable,2024-08-07,2.0,13.63,27.26
9120,roger gould,77.0,margarettown,105,tofu,vegetable,2024-05-04,1.0,9.25,9.25
9121,monica clark,21.0,wrighttown,157,almond butter,dairy,2024-05-21,1.0,8.28,8.28
9122,matthew evans,58.0,brooksfurt,170,fresh milk,dairy,2024-01-08,4.0,1.17,4.68
9123,eric michael,19.0,jessemouth,121,fresh milk,snack,2024-01-29,1.0,19.7,19.7
9124,john little,37.0,north donald,140,fresh milk,organic,2024-03-21,3.0,14.62,43.86
9125,robert jones,27.0,michaelstad,119,fresh milk,vegetable,2024-06-25,2.0,16.16,32.32
9126,brittney bell,63.0,west teresa,156,almond butter,dairy,2024-06-05,4.0,6.21,24.84
9128,denise duncan,57.0,rebeccaview,181,fresh milk,dairy,2024-10-08,1.0,17.97,17.97
9129,jason sutton,23.0,north katrina,173,granola,snack,2024-02-09,4.0,13.33,53.32
9130,seth foster,71.0,philliphaven,182,granola,snack,2024-02-17,4.0,18.39,73.56
9131,alexa rodriguez,37.0,grahamfurt,139,almond butter,organic,2024-06-01,2.0,9.27,18.54
9132,monica zimmerman,64.0,angelicachester,103,granola,dairy,2024-08-09,4.0,2.97,11.88
9133,brandon may,59.0,jamesland,168,kale,dairy,2024-03-13,4.0,7.39,29.56
9134,kenneth palmer,27.0,port derekberg,188,almond butter,organic,2024-03-31,1.0,19.47,19.47
9135,colleen smith,19.0,port jacob,118,kale,snack,2024-04-02,2.0,10.41,20.82
9136,anthony richards,77.0,south brandonville,163,fresh milk,organic,2024-01-14,4.0,11.32,45.28
9137,michael scott,42.0,lake calebshire,131,tofu,dairy,2024-04-10,4.0,13.62,54.48
9138,michael smith,41.0,fowlerton,164,organic apples,vegetable,2024-07-16,3.0,10.63,31.89
9139,douglas warren,30.0,kristinburgh,121,almond butter,vegetable,2024-01-16,3.0,2.77,8.31
9140,jake prince,35.0,lake shawnfurt,194,tofu,snack,2024-05-30,2.0,11.58,23.16
9141,jeffrey brown,67.0,smithborough,186,fresh milk,organic,2024-10-01,3.0,13.89,41.67
9143,lisa hernandez,40.0,port lisa,100,granola,organic,2024-05-28,3.0,16.9,50.7
9144,april king,42.0,south joshua,136,kale,dairy,2024-04-13,3.0,19.92,59.760000000000005
9146,joseph hill,69.0,north bianca,145,almond butter,organic,2024-04-06,4.0,14.96,59.84
9147,tara jensen,37.0,north tyler,129,tofu,snack,2024-10-20,2.0,14.43,28.86
9148,joshua benitez,73.0,north jasonborough,109,tofu,vegetable,2024-05-23,2.0,12.3,24.6
9149,mary roberts,76.0,south richardstad,193,organic apples,organic,2024-02-07,3.0,4.03,12.09
9150,brooke fisher,22.0,timothyland,179,fresh milk,vegetable,2024-11-02,3.0,11.14,33.42
9151,laura harris,43.0,port meganberg,153,almond butter,organic,2024-06-24,4.0,15.71,62.84
9152,melissa moore,61.0,lake brendaview,178,fresh milk,snack,2024-04-01,3.0,13.76,41.28
9153,dawn zimmerman,65.0,new martha,124,kale,dairy,2024-06-24,2.0,4.59,9.18
9155,jennifer jones,45.0,east andrew,110,tofu,organic,2024-10-21,4.0,14.88,59.52
9156,richard anthony,18.0,east markbury,161,granola,vegetable,2024-07-29,4.0,16.42,65.68
9157,justin gomez,69.0,west sandraton,161,kale,organic,2024-07-12,2.0,11.35,22.7
9158,joseph colon,22.0,jefferyfort,127,granola,vegetable,2024-09-06,4.0,19.94,79.76
9159,keith wong,57.0,timothybury,130,tofu,vegetable,2024-04-14,4.0,15.77,63.08
9160,collin underwood,57.0,johnsonville,102,almond butter,vegetable,2024-07-23,3.0,4.31,12.93
9161,eduardo arnold,68.0,yangview,111,organic apples,vegetable,2024-03-02,3.0,18.26,54.78
9162,bradley stewart,41.0,north jenniferchester,124,almond butter,snack,2024-04-16,2.0,18.36,36.72
9164,brian smith,36.0,williamberg,110,organic apples,snack,2024-04-09,3.0,11.74,35.22
9165,kelly sherman,48.0,lake sarahside,186,fresh milk,organic,2024-06-07,2.0,17.7,35.4
9166,joshua cole,60.0,north coreymouth,198,tofu,snack,2024-07-11,1.0,7.86,7.86
9167,jose alvarado,45.0,new hectorberg,177,kale,vegetable,2024-01-26,1.0,2.0,2.0
9168,mrs. megan freeman,69.0,east michaelside,116,tofu,organic,2024-06-28,1.0,16.26,16.26
9169,timothy ray,41.0,jenniferton,137,tofu,organic,2024-01-02,3.0,9.97,29.910000000000004
9170,elizabeth eaton,72.0,reynoldsstad,194,almond butter,dairy,2024-10-05,3.0,4.03,12.09
9171,alicia mccoy,50.0,new sarah,199,almond butter,snack,2024-01-24,4.0,17.05,68.2
9172,melissa smith,39.0,lake josephburgh,171,organic apples,organic,2024-06-28,3.0,13.6,40.8
9174,tanya figueroa md,78.0,port michael,178,almond butter,dairy,2024-02-14,2.0,8.04,16.08
9175,alyssa rubio,72.0,port johnathanborough,130,granola,vegetable,2024-08-06,3.0,11.99,35.97
9176,keith fuentes,74.0,south derrick,137,tofu,snack,2024-01-23,2.0,2.35,4.7
9177,justin brown,78.0,east richard,199,granola,dairy,2024-05-23,3.0,16.22,48.66
9178,sarah bond,57.0,south stephanieberg,144,granola,dairy,2024-01-04,2.0,9.24,18.48
9179,emily brown,38.0,scottville,188,kale,organic,2024-06-11,4.0,12.49,49.96
9180,ann lee,69.0,new craigfort,199,organic apples,vegetable,2024-03-13,3.0,19.27,57.81
9181,christopher fisher,76.0,williamstad,121,organic apples,organic,2024-10-17,1.0,12.68,12.68
9182,carol lyons,66.0,new nicole,188,tofu,vegetable,2024-07-13,4.0,14.15,56.6
9183,brenda thompson,38.0,new jenny,137,granola,dairy,2024-02-10,2.0,3.68,7.36
9184,peggy shaw,33.0,moseston,170,almond butter,snack,2024-08-19,4.0,213.92,855.68
9185,evan harris,56.0,basston,137,granola,vegetable,2024-09-22,1.0,17.39,17.39
9186,john guzman md,47.0,lorihaven,192,kale,organic,2024-05-21,1.0,19.51,19.51
9187,jessica price,43.0,east james,163,tofu,dairy,2024-09-25,3.0,3.12,9.36
9188,peter mcfarland,47.0,sarabury,195,granola,organic,2024-10-15,4.0,18.52,74.08
9189,raymond schmidt,56.0,port alicia,181,organic apples,organic,2024-06-13,4.0,16.23,64.92
9190,daniel mathis,73.0,east debbie,129,almond butter,organic,2024-06-27,1.0,13.63,13.63
9191,melanie ballard,74.0,sandershaven,135,kale,organic,2024-05-17,2.0,16.7,33.4
9192,laura parker,47.0,port peter,112,tofu,organic,2024-10-18,1.0,141.53,141.53
9194,julia williams,66.0,south jonathan,196,tofu,organic,2024-02-22,3.0,13.16,39.48
9195,david hughes,37.0,tracystad,131,fresh milk,dairy,2024-09-12,3.0,17.48,52.44
9196,vanessa gonzalez,75.0,michellechester,122,fresh milk,dairy,2024-08-24,2.0,17.66,35.32
9197,brenda nichols,33.0,south matthew,160,almond butter,dairy,2024-06-27,2.0,4.42,8.84
9198,lisa harmon,41.0,new jamesstad,109,granola,organic,2024-02-26,2.0,17.56,35.12
9199,neil daniels,29.0,martinezville,137,fresh milk,dairy,2024-06-12,4.0,15.67,62.68
9200,danielle russell,55.0,leemouth,174,kale,dairy,2024-02-14,3.0,3.72,11.16
9201,charles hartman,39.0,south charles,128,tofu,vegetable,2024-06-07,2.0,19.91,39.82
9202,erika phillips,19.0,east amber,165,tofu,organic,2024-10-05,1.0,18.85,18.85
9203,mary carroll,75.0,south cynthiaton,159,kale,snack,2024-06-29,4.0,12.91,51.64
9204,andrea hayes,55.0,port matthewton,164,tofu,dairy,2024-04-13,2.0,17.68,35.36
9205,shannon warren,42.0,lewismouth,191,organic apples,organic,2024-03-22,3.0,15.47,46.41
9206,willie wolf,19.0,north jessica,109,almond butter,snack,2024-09-02,1.0,13.36,13.36
9207,cassie henry,74.0,andreaport,180,kale,organic,2024-06-29,3.0,12.09,36.27
9208,thomas rivera,59.0,south virginia,117,kale,organic,2024-06-18,2.0,18.51,37.02
9209,robert lyons,78.0,jeffreyborough,128,kale,snack,2024-10-23,1.0,2.91,2.91
9210,brittney mclaughlin,26.0,williambury,141,almond butter,vegetable,2024-04-04,3.0,10.01,30.03
9211,sophia lee,74.0,kayleeside,125,tofu,snack,2024-10-11,3.0,11.38,34.14
9212,gordon browning,32.0,haynesside,173,almond butter,dairy,2024-06-05,4.0,16.48,65.92
9213,emma williams,62.0,south robin,130,kale,organic,2024-01-23,1.0,10.24,10.24
9214,tamara stein,68.0,south michaelton,122,organic apples,snack,2024-06-19,2.0,14.61,29.22
9215,deborah gallegos,72.0,new emily,180,organic apples,vegetable,2024-01-26,2.0,5.95,11.9
9216,raymond jones,35.0,isaiahside,155,kale,dairy,2024-02-27,3.0,9.96,29.880000000000003
9217,kelsey fowler,30.0,east charles,164,almond butter,vegetable,2024-01-31,2.0,3.47,6.94
9218,jasmine bell,70.0,east dale,136,granola,snack,2024-02-17,4.0,13.21,52.84
9219,michael simpson,31.0,east kathrynview,106,organic apples,dairy,2024-08-12,1.0,5.35,5.35
9220,matthew hernandez,48.0,anitafort,146,granola,snack,2024-02-25,4.0,3.73,14.92
9221,thomas jones,32.0,south larry,194,organic apples,organic,2024-02-06,3.0,6.39,19.17
9222,crystal watson,67.0,bradfort,129,granola,vegetable,2024-05-05,2.0,1.06,2.12
9223,alexis clements,45.0,jimenezmouth,102,organic apples,snack,2024-10-12,3.0,13.37,40.11
9224,mary simmons,26.0,dudleyland,145,organic apples,dairy,2024-09-15,4.0,10.39,41.56
9225,brett rice,30.0,north richardshire,112,fresh milk,vegetable,2024-10-29,4.0,1.83,7.32
9226,julie villanueva,61.0,south deannaland,166,kale,organic,2024-08-15,2.0,14.48,28.96
9228,timothy andrade,30.0,port thomas,121,kale,snack,2024-02-05,1.0,12.03,12.03
9229,william larson,30.0,michaelland,136,kale,organic,2024-10-04,3.0,6.26,18.78
9230,keith harmon,45.0,east abigailton,195,almond butter,dairy,2024-03-07,4.0,19.63,78.52
9231,gregory parker,21.0,jerryfurt,164,granola,dairy,2024-09-02,3.0,13.37,40.11
9232,roger pittman,30.0,erikmouth,108,granola,vegetable,2024-01-23,2.0,3.96,7.92
9233,casey lamb,41.0,hartmanborough,167,granola,vegetable,2024-01-11,3.0,8.25,24.75
9234,james chan,66.0,glassbury,179,fresh milk,vegetable,2024-02-23,2.0,3.27,6.54
9235,kayla phillips,48.0,meyersview,144,fresh milk,snack,2024-06-28,4.0,7.1,28.4
9236,jessica stewart,30.0,west christopherview,130,organic apples,vegetable,2024-04-22,2.0,2.64,5.28
9238,sharon gibson,24.0,catherinefort,179,kale,vegetable,2024-05-30,2.0,5.23,10.46
9239,bethany hebert,57.0,south mark,147,almond butter,snack,2024-08-17,3.0,19.21,57.63
9240,jeffrey obrien,24.0,hartport,117,almond butter,snack,2024-08-16,1.0,8.09,8.09
9241,jesse le md,25.0,new jonathan,185,tofu,dairy,2024-04-04,4.0,5.73,22.92
9242,todd jackson,44.0,new benjaminfort,170,kale,vegetable,2024-04-24,4.0,17.74,70.96
9243,nancy goodman,73.0,dawsonport,144,tofu,snack,2024-04-10,4.0,12.58,50.32
9244,jennifer mitchell,50.0,east geoffreyview,197,organic apples,vegetable,2024-06-22,3.0,19.82,59.46
9245,larry wallace,19.0,colemanberg,193,granola,organic,2024-11-05,4.0,16.05,64.2
9246,steven alexander,70.0,phamburgh,176,organic apples,snack,2024-08-21,4.0,4.69,18.76
9247,brandy martinez,75.0,south charles,188,almond butter,organic,2024-10-10,4.0,3.06,12.24
9248,jeff matthews jr.,48.0,reedland,166,granola,dairy,2024-04-14,1.0,8.21,8.21
9249,mia foley,49.0,south anthonystad,120,tofu,dairy,2024-07-13,4.0,5.86,23.44
9250,john richards,30.0,south kristineport,101,kale,snack,2024-02-06,2.0,13.48,26.96
9251,annette flores,21.0,north johnview,162,almond butter,organic,2024-04-11,2.0,9.46,18.92
9252,gary brewer,65.0,east francisville,114,fresh milk,dairy,2024-06-23,1.0,1.53,1.53
9253,eric maynard,49.0,west james,197,tofu,organic,2024-05-05,1.0,7.41,7.41
9254,heather bell,54.0,north dawnfurt,143,tofu,snack,2024-06-02,3.0,13.47,40.41
9255,james brown,24.0,west jasontown,129,kale,vegetable,2024-01-29,4.0,10.4,41.6
9256,sandra kerr,35.0,joshuabury,115,fresh milk,snack,2024-01-30,3.0,12.63,37.89
9257,melissa williams,37.0,goodton,185,granola,dairy,2024-01-27,4.0,13.2,52.8
9258,joshua stein,59.0,kristaberg,165,organic apples,dairy,2024-07-21,3.0,1.35,4.050000000000001
9259,amber smith,36.0,north angela,157,organic apples,vegetable,2024-09-27,4.0,4.65,18.6
9260,kaitlyn edwards,47.0,johnsonberg,165,granola,dairy,2024-05-09,4.0,11.46,45.84
9261,jessica johnson,74.0,east richardside,172,tofu,vegetable,2024-04-19,2.0,7.97,15.94
9262,matthew williamson,30.0,darrellside,135,organic apples,vegetable,2024-08-08,4.0,16.55,66.2
9263,lisa rodriguez,70.0,port leeport,108,fresh milk,vegetable,2024-09-14,1.0,7.01,7.01
9264,gail patrick,61.0,cynthiatown,170,granola,organic,2024-02-08,1.0,11.22,11.22
9265,andrea chan,24.0,east rebecca,195,organic apples,vegetable,2024-06-29,1.0,5.04,5.04
9266,jessica solomon,26.0,tylorhaven,123,kale,snack,2024-07-04,2.0,19.12,38.24
9267,james perkins,50.0,chavezchester,151,granola,vegetable,2024-02-08,1.0,8.71,8.71
9268,paul webster,70.0,port jason,119,kale,snack,2024-07-06,4.0,19.49,77.96
9269,meghan ball,59.0,north jacquelinestad,193,tofu,organic,2024-06-24,1.0,17.96,17.96
9270,edwin blanchard,35.0,joshuaside,166,tofu,dairy,2024-05-17,191.0,5.91,1128.81
9271,jessica wagner,70.0,mooreland,122,fresh milk,vegetable,2024-02-06,2.0,9.02,18.04
9272,samuel taylor,62.0,rebeccaside,190,tofu,organic,2024-08-07,3.0,12.44,37.32
9273,paul king,55.0,lauraport,172,almond butter,snack,2024-01-02,1.0,12.48,12.48
9274,andrew perez,67.0,cantutown,179,kale,vegetable,2024-04-18,1.0,18.72,18.72
9275,david green,65.0,south kimberly,191,tofu,vegetable,2024-02-22,3.0,1.08,3.24
9276,michael evans,43.0,east brenda,105,fresh milk,vegetable,2024-03-23,2.0,14.13,28.26
9277,lori smith,60.0,new elizabeth,171,granola,vegetable,2024-05-13,3.0,8.64,25.92
9278,juan vaughn,67.0,morrisport,196,kale,snack,2024-06-08,2.0,3.81,7.62
9279,dr. stacey clark,23.0,andersonview,166,fresh milk,vegetable,2024-04-06,4.0,13.89,55.56
9280,dwayne small ii,29.0,evansland,124,kale,dairy,2024-11-02,3.0,1.5,4.5
9281,tyler huffman,37.0,robinsonport,134,kale,organic,2024-09-08,3.0,18.05,54.150000000000006
9282,alejandra proctor,24.0,collinsstad,172,kale,vegetable,2024-09-17,3.0,10.24,30.72
9283,kathy smith,40.0,new edwardborough,106,kale,dairy,2024-03-14,3.0,11.59,34.77
9284,shirley mitchell,58.0,east markchester,176,almond butter,dairy,2024-10-16,2.0,3.86,7.72
9285,james jones,40.0,kyleshire,176,tofu,vegetable,2024-10-08,3.0,2.85,8.55
9286,joseph short,37.0,west madeline,124,kale,snack,2024-09-14,4.0,19.9,79.6
9287,dustin mathis,78.0,antoniobury,174,fresh milk,dairy,2024-11-01,1.0,1.9,1.9
9288,angela murphy,36.0,port jacob,162,organic apples,vegetable,2024-04-10,1.0,1.96,1.96
9290,michelle mason,69.0,leefurt,187,organic apples,snack,2024-05-14,3.0,14.65,43.95
9291,linda brown,60.0,walterton,140,granola,organic,2024-05-05,4.0,3.49,13.96
9292,brooke moore,76.0,port melissastad,196,almond butter,organic,2024-09-27,3.0,4.02,12.06
9293,courtney norris,46.0,edwinborough,128,almond butter,organic,2024-03-04,4.0,5.03,20.12
9294,pamela mcconnell,24.0,east christinahaven,169,organic apples,dairy,2024-07-02,1.0,17.54,17.54
9295,chris baker,48.0,port rachelshire,190,fresh milk,vegetable,2024-04-24,1.0,14.54,14.54
9296,amanda reynolds,60.0,donnaport,188,tofu,dairy,2024-08-14,3.0,17.48,52.44
9297,anna osborne,57.0,west brucefurt,176,kale,organic,2024-06-26,1.0,19.2,19.2
9298,franklin smith,65.0,langchester,133,granola,dairy,2024-05-23,3.0,17.94,53.82000000000001
9300,angela walker,66.0,west christianberg,127,fresh milk,vegetable,2024-04-19,1.0,12.14,12.14
9301,michael white,37.0,hunterton,188,tofu,vegetable,2024-05-23,1.0,3.51,3.51
9302,kevin pena,76.0,alejandroborough,148,granola,vegetable,2024-07-30,3.0,10.06,30.18
9303,jessica howard,39.0,allisonmouth,138,granola,snack,2024-07-13,1.0,6.75,6.75
9304,martha smith,46.0,hayesmouth,128,almond butter,vegetable,2024-05-03,2.0,11.79,23.58
9306,samantha jackson,33.0,hobury,114,organic apples,dairy,2024-03-02,3.0,2.64,7.92
9308,megan taylor,67.0,east davidport,105,fresh milk,vegetable,2024-10-03,2.0,10.17,20.34
9310,jonathan cruz,77.0,saramouth,194,kale,snack,2024-10-11,4.0,11.22,44.88
9311,colleen rice dvm,48.0,east donald,173,kale,vegetable,2024-08-21,3.0,447.44,1342.32
9312,courtney wilson,49.0,shepherdshire,186,tofu,organic,2024-01-06,4.0,19.67,78.68
9313,seth anderson,69.0,braunview,171,tofu,vegetable,2024-07-22,3.0,7.3,21.9
9315,james glover,38.0,new michael,133,granola,vegetable,2024-01-29,3.0,13.98,41.94
9316,jessica mendez,62.0,chaqdlerfurt,101,fresh milk,organic,2024-02-08,4.0,10.52,42.08
9317,jeremiah wilson,31.0,louisbury,114,granola,vegetable,2024-03-06,1.0,6.68,6.68
9318,jordan simon,45.0,josephmouth,156,fresh milk,dairy,2024-07-18,2.0,13.8,27.6
9319,heather kennedy,54.0,port julie,109,granola,dairy,2024-10-10,1.0,10.86,10.86
9321,christopher campbell,43.0,wrightborough,120,fresh milk,snack,2024-01-23,4.0,9.21,36.84
9322,sandra hunt,67.0,donaldview,118,granola,organic,2024-08-06,1.0,2.63,2.63
9323,kimberly jones,51.0,christopherview,145,almond butter,organic,2024-05-23,1.0,5.65,5.65
9324,frank morris,78.0,new jacquelinefort,122,fresh milk,organic,2024-07-04,3.0,3.39,10.17
9325,bradley salas,29.0,clarkview,142,fresh milk,vegetable,2024-03-11,3.0,2.23,6.69
9326,sara hughes,77.0,robertfurt,102,granola,organic,2024-09-26,2.0,3.97,7.94
9327,sue luna,19.0,sanchezfurt,191,tofu,vegetable,2024-01-05,4.0,2.37,9.48
9328,krista thomas,30.0,port seanburgh,147,granola,organic,2024-01-09,4.0,13.39,53.56
9329,michael bowman,30.0,lake jonathanhaven,136,kale,snack,2024-07-19,1.0,14.78,14.78
9330,jesse taylor,78.0,port yolandachester,101,granola,snack,2024-08-23,2.0,6.07,12.14
9331,dawn hunt,73.0,isaacberg,173,almond butter,snack,2024-01-14,3.0,8.74,26.22
9332,alex quinn,19.0,lake erica,198,tofu,snack,2024-02-10,1.0,15.26,15.26
9333,savannah greene,47.0,deniseville,103,tofu,snack,2024-04-13,2.0,14.63,29.26
9335,pamela harper,18.0,west patrick,107,granola,vegetable,2024-09-14,4.0,2.47,9.88
9336,erin davis,58.0,melissashire,150,kale,dairy,2024-03-05,4.0,19.55,78.2
9337,kimberly perez,53.0,michaelbury,174,granola,organic,2024-09-06,3.0,2.54,7.62
9340,scott davis,36.0,kristenfort,122,almond butter,vegetable,2024-05-12,3.0,5.95,17.85
9341,destiny romero,35.0,debrashire,160,granola,vegetable,2024-10-01,4.0,18.53,74.12
9342,charles houston,19.0,port kristine,130,kale,vegetable,2024-01-04,3.0,3.69,11.07
9343,mark scott,31.0,north alexandraton,100,fresh milk,snack,2024-02-15,1.0,16.69,16.69
9344,ruben perez,51.0,watkinsberg,167,kale,snack,2024-05-09,3.0,10.35,31.05
9345,jonathan johnston,55.0,west anthony,160,granola,organic,2024-01-22,1.0,2.37,2.37
9346,michael harvey,36.0,lindseyfurt,181,kale,snack,2024-09-13,4.0,11.88,47.52
9347,marc norman md,24.0,north gary,111,granola,dairy,2024-09-25,1.0,14.86,14.86
9348,laura grant,35.0,morrisshire,196,tofu,organic,2024-10-24,1.0,13.48,13.48
9349,angela jenkins,69.0,martinezchester,130,almond butter,organic,2024-02-07,2.0,12.79,25.58
9350,gregory lopez,74.0,rebeccafurt,169,granola,vegetable,2024-07-02,1.0,9.6,9.6
9351,john taylor,57.0,east ricky,117,almond butter,dairy,2024-08-29,1.0,12.26,12.26
9352,matthew robinson,20.0,lake daniel,101,tofu,dairy,2024-07-22,1.0,3.45,3.45
9353,kelly ward,68.0,south francisco,173,tofu,organic,2024-09-20,3.0,17.7,53.1
9355,susan miller,33.0,north josephborough,133,organic apples,dairy,2024-03-12,3.0,12.82,38.46
9356,spencer gardner,76.0,west bailey,177,almond butter,dairy,2024-03-10,1.0,10.92,10.92
9357,steven brown,28.0,brittanybury,185,organic apples,organic,2024-02-05,2.0,8.85,17.7
9358,hannah monroe,42.0,ambershire,167,almond butter,vegetable,2024-01-10,2.0,19.63,39.26
9359,larry martinez,41.0,east miguel,120,fresh milk,organic,2024-02-08,3.0,18.04,54.12
9360,jamie sherman,67.0,howardport,148,tofu,organic,2024-10-18,4.0,1.78,7.12
9361,paula jackson,21.0,south isaac,191,tofu,snack,2024-04-15,4.0,9.55,38.2
9362,steven harvey,35.0,harrisland,171,almond butter,dairy,2024-07-26,1.0,15.22,15.22
9364,james butler,71.0,sloanhaven,195,almond butter,dairy,2024-03-13,1.0,2.65,2.65
9365,valerie moore,32.0,wendyview,175,tofu,vegetable,2024-10-08,4.0,5.91,23.64
9366,tanya murphy,63.0,grantstad,184,kale,dairy,2024-08-12,3.0,5.44,16.32
9367,michelle henderson,68.0,cobbborough,191,kale,snack,2024-05-08,2.0,5.28,10.56
9368,john thomas,77.0,north miguel,106,fresh milk,dairy,2024-03-13,3.0,7.87,23.61
9369,marcus smith,46.0,lake brandy,142,granola,snack,2024-01-05,2.0,13.5,27.0
9370,matthew walker,47.0,rodriguezmouth,155,granola,snack,2024-03-07,1.0,17.21,17.21
9371,james johnson,74.0,port amandaburgh,177,fresh milk,dairy,2024-06-13,1.0,6.61,6.61
9373,kyle matthews,31.0,west ronald,121,kale,vegetable,2024-09-10,3.0,11.35,34.05
9374,chris rodgers,21.0,new victoriaport,160,tofu,dairy,2024-03-21,1.0,5.15,5.15
9375,michael brown,79.0,lake sandra,165,granola,snack,2024-10-23,3.0,11.5,34.5
9376,hector snow,34.0,lake donnamouth,121,tofu,dairy,2024-07-21,4.0,1.02,4.08
9378,megan sims,60.0,south luis,133,kale,snack,2024-08-23,2.0,17.2,34.4
9379,robert cooper,18.0,byrdberg,117,organic apples,organic,2024-07-09,1.0,10.54,10.54
9380,james ortiz,79.0,north kennethberg,152,almond butter,dairy,2024-06-24,2.0,15.9,31.8
9381,miguel irwin,73.0,ericmouth,152,organic apples,vegetable,2024-07-11,1.0,4.48,4.48
9382,joan gill,54.0,carlabury,123,tofu,snack,2024-05-29,4.0,10.17,40.68
9384,nancy boyer,52.0,rhodesside,176,organic apples,snack,2024-08-23,1.0,5.18,5.18
9385,steve cook,72.0,north stephenville,164,almond butter,vegetable,2024-09-28,3.0,2.4,7.199999999999999
9386,stacey miller,75.0,matthewmouth,185,almond butter,dairy,2024-04-26,3.0,9.98,29.94
9387,ernest keller,57.0,hunterfurt,187,almond butter,snack,2024-10-05,1.0,6.58,6.58
9388,dawn sanchez,56.0,lake paulshire,141,granola,snack,2024-08-29,1.0,10.78,10.78
9389,wanda molina,62.0,west rhonda,173,fresh milk,organic,2024-07-27,4.0,5.83,23.32
9390,francisco morris,54.0,east davidberg,194,kale,organic,2024-01-26,1.0,12.39,12.39
9391,benjamin beasley,19.0,morganbury,108,kale,snack,2024-04-11,4.0,3.69,14.76
9392,stephanie bishop,65.0,donnabury,146,organic apples,dairy,2024-05-05,3.0,11.61,34.83
9393,brianna ayala,71.0,dawnmouth,132,organic apples,organic,2024-06-18,4.0,7.77,31.08
9394,deborah taylor,46.0,thomasberg,100,organic apples,vegetable,2024-06-19,3.0,5.73,17.19
9395,beth williams,49.0,stevenmouth,110,almond butter,vegetable,2024-05-29,2.0,10.79,21.58
9396,molly robinson,57.0,west brendaside,192,granola,organic,2024-03-17,2.0,1.1,2.2
9397,wendy delgado,27.0,davisfurt,110,organic apples,snack,2024-08-10,1.0,19.41,19.41
9398,michelle huff,32.0,karenchester,159,tofu,snack,2024-04-23,3.0,15.14,45.42
9399,erin hayes,21.0,north virginia,182,granola,dairy,2024-01-31,1.0,5.38,5.38
9400,kimberly campbell,59.0,south theodoreland,129,kale,organic,2024-08-07,2.0,1.38,2.76
9401,cheyenne jimenez,36.0,new jessicaburgh,106,kale,vegetable,2024-07-15,4.0,5.46,21.84
9402,john dixon,73.0,brittanyville,138,almond butter,organic,2024-08-20,3.0,11.55,34.650000000000006
9403,donna archer,74.0,west sara,107,organic apples,dairy,2024-06-01,1.0,13.04,13.04
9404,alejandro fisher,50.0,kristyside,177,tofu,organic,2024-06-17,1.0,12.1,12.1
9405,william duncan,71.0,port marcus,186,fresh milk,snack,2024-06-17,2.0,3.26,6.52
9406,megan snyder,37.0,lake william,114,granola,snack,2024-05-31,2.0,2.77,5.54
9407,jared newman,26.0,alexisland,160,granola,vegetable,2024-07-15,4.0,18.94,75.76
9408,charles pineda,65.0,new jasonhaven,173,kale,dairy,2024-10-28,4.0,11.1,44.4
9409,tracy gibson,31.0,duranburgh,168,granola,snack,2024-02-23,2.0,18.04,36.08
9410,keith watson,50.0,west stephenshire,115,almond butter,vegetable,2024-01-09,3.0,8.95,26.85
9411,manuel porter,67.0,west billy,143,kale,snack,2024-04-15,4.0,8.12,32.48
9412,dustin vaughn,36.0,port emilytown,172,tofu,dairy,2024-09-25,3.0,7.68,23.04
9413,marie king,25.0,cervantesmouth,140,fresh milk,dairy,2024-10-18,3.0,4.58,13.74
9414,kenneth pineda,42.0,port kenneth,118,kale,snack,2024-04-10,4.0,19.45,77.8
9415,jason patterson,63.0,sarahshire,102,almond butter,dairy,2024-08-14,4.0,2.5,10.0
9416,virginia robertson,53.0,south stacyport,179,kale,dairy,2024-10-12,3.0,3.43,10.29
9417,kevin jones,57.0,porz kimchester,128,granola,vegetable,2024-10-27,3.0,19.58,58.74
9418,hector rose,74.0,jonesfurt,186,granola,vegetable,2024-07-20,1.0,15.8,15.8
9419,travis hays,21.0,michaelfurt,144,tofu,organic,2024-07-11,4.0,10.99,43.96
9420,edward abbott,50.0,port james,149,kale,dairy,2024-04-22,1.0,9.82,9.82
9421,monique brown,26.0,new candiceport,104,organic apples,snack,2024-06-24,2.0,4.46,8.92
9422,andrew diaz,61.0,corymouth,198,tofu,organic,2024-02-10,3.0,1.13,3.39
9423,scott reyes,47.0,rogermouth,100,tofu,snack,2024-06-03,4.0,2.37,9.48
9424,matthew baird,76.0,west jonathan,189,organic apples,snack,2024-05-04,1.0,18.68,18.68
9425,john allen,51.0,sandovaltown,175,organic apples,organic,2024-07-19,1.0,14.26,14.26
9427,audrey white,54.0,south leah,198,kale,snack,2024-04-10,2.0,13.33,26.66
9428,tammy williams,61.0,huffmanfort,131,granola,vegetable,2024-03-17,2.0,10.48,20.96
9429,mary pratt,66.0,east margaret,196,tofu,dairy,2024-04-02,3.0,13.32,39.96
9430,jeremy burke,31.0,east oscarchester,157,fresh milk,snack,2024-07-06,3.0,3.26,9.78
9432,mrs. elizabeth barton,38.0,south jerry,187,organic apples,dairy,2024-01-12,1.0,9.31,9.31
9433,amy patton,65.0,west antonioshire,181,granola,organic,2024-05-14,2.0,2.27,4.54
9434,ashley hale,50.0,christinaborough,109,organic apples,organic,2024-03-19,1.0,10.8,10.8
9435,eric glenn,23.0,davidchester,179,tofu,vegetable,2024-04-27,1.0,9.16,9.16
9436,charles olson,41.0,victoriaview,159,almond butter,dairy,2024-10-02,2.0,14.43,28.86
9437,christopher martin,70.0,lawrenceburgh,192,fresh milk,vegetable,2024-03-03,1.0,10.91,10.91
9438,dana reilly,20.0,south tiffany,103,kale,snack,2024-10-16,4.0,4.53,18.12
9439,joshua schneider,66.0,new harryfurt,191,granola,dairy,2024-04-11,3.0,11.19,33.57
9440,eric woods,69.0,williamsbury,105,almond butter,organic,2024-02-01,1.0,14.9,14.9
9441,hayley rogers,26.0,clarkville,112,granola,dairy,2024-03-22,2.0,5.37,10.74
9442,amanda garrett,27.0,port melissa,168,kale,snack,2024-02-29,2.0,5.33,10.66
9443,jerry barnes,57.0,timothyside,103,organic apples,dairy,2024-08-21,4.0,10.66,42.64
9444,jonathan weeks,61.0,josephville,142,almond butter,organic,2024-04-12,1.0,19.08,19.08
9445,leslie hale,41.0,melissafurt,176,kale,vegetable,2024-06-27,2.0,10.73,21.46
9446,billy hebert,48.0,west michaelville,199,almond butter,snack,2024-06-15,2.0,9.23,18.46
9447,gregory jones,60.0,collinsborough,192,almond butter,snack,2024-02-03,2.0,10.63,21.26
9448,stephanie hughes,71.0,new jasonhaven,122,granola,organic,2024-02-16,1.0,9.6,9.6
9449,robert phillips,56.0,candaceside,144,kale,organic,2024-07-04,3.0,6.32,18.96
9450,bryan hernandez,63.0,reyestown,105,fresh milk,organic,2024-02-08,4.0,3.84,15.36
9451,heather rose,27.0,alexanderside,118,organic apples,snack,2024-01-17,2.0,5.17,10.34
9453,matthew robertson,21.0,new meghan,165,fresh milk,vegetable,2024-10-23,2.0,11.89,23.78
9454,alec mills,28.0,north amberhaven,182,organic apples,snack,2024-01-14,4.0,3.16,12.64
9455,alyssa jones,41.0,nicoleshire,176,tofu,vegetable,2024-09-22,1.0,1.45,1.45
9456,laurie burns,37.0,gomezville,185,tofu,snack,2024-06-08,2.0,1.2,2.4
9457,joseph carter,53.0,robertberg,116,organic apples,snack,2024-05-18,3.0,11.17,33.51
9458,joshua horne,78.0,jamesside,179,fresh milk,vegetable,2024-01-07,1.0,10.52,10.52
9459,john austin,39.0,summerschester,157,granola,dairy,2024-10-12,1.0,12.99,12.99
9460,duane wilson,39.0,port emily,144,fresh milk,dairy,2024-02-16,2.0,9.59,19.18
9462,brandi grant,57.0,brownfort,167,granola,organic,2024-07-02,4.0,15.56,62.24
9463,melissa brown,68.0,sherylmouth,105,granola,vegetable,2024-04-27,4.0,17.78,71.12
9464,janet bennett,18.0,north susanshire,119,kale,vegetable,2024-01-01,1.0,19.89,19.89
9465,alexis roberts,32.0,port sean,139,tofu,snack,2024-07-28,4.0,8.6,34.4
9466,amy mcgee,39.0,hamiltonfort,172,kale,organic,2024-09-06,1.0,15.31,15.31
9467,katherine mason,71.0,markside,107,organic apples,snack,2024-01-12,2.0,17.25,34.5
9468,christine bowers,72.0,cowanbury,169,kale,vegetable,2024-03-18,1.0,12.74,12.74
9469,stacy rodriguez,22.0,brianport,180,tofu,snack,2024-10-23,2.0,18.62,37.24
9470,cynthia garner,30.0,west kevin,160,kale,organic,2024-03-01,2.0,17.12,34.24
9471,jennifer brown,55.0,north lori,125,granola,snack,2024-10-03,4.0,19.83,79.32
9472,deborah larson,73.0,lake crystalshire,157,organic apples,dairy,2024-02-25,4.0,16.63,66.52
9473,mr. brandon blanchard,30.0,gutierrezchester,136,almond butter,vegetable,2024-08-19,1.0,14.22,14.22
9474,caleb gilmore,63.0,north danny,185,almond butter,dairy,2024-02-21,4.0,1.28,5.12
9475,peter monroe,74.0,west jenniferfort,113,organic apples,snack,2024-03-13,4.0,4.79,19.16
9476,james page,65.0,port sandraville,176,almond butter,dairy,2024-08-30,4.0,14.46,57.84
9477,jennifer gomez,33.0,holtfort,141,tofu,organic,2024-07-03,4.0,4.02,16.08
9478,samuel bryant,48.0,north zacharybury,108,almond butter,snack,2024-10-26,4.0,18.57,74.28
9479,brandon nelson,69.0,martinhaven,173,granola,dairy,2024-09-22,3.0,485.94,1457.82
9480,margaret peterson,79.0,north jenniferstad,186,organic apples,snack,2024-07-28,4.0,7.67,30.68
9482,bryce combs,49.0,kelleyview,104,tofu,dairy,2024-10-27,2.0,16.34,32.68
9483,christopher jensen,43.0,sherylfort,108,granola,vegetable,2024-10-11,4.0,15.88,63.52
9484,michele ramirez,74.0,stephensshire,108,almond butter,dairy,2024-07-26,3.0,7.36,22.08
9485,brett conley,18.0,tracyborough,134,granola,dairy,2024-10-18,3.0,16.12,48.36
9486,ashley hunter,68.0,perezmouth,177,tofu,snack,2024-06-11,3.0,19.88,59.64
9487,samantha jackson,60.0,north crystal,103,granola,dairy,2024-04-28,1.0,4.58,4.58
9488,vicki finley,59.0,mendozaport,133,almond butter,organic,2024-05-07,1.0,10.93,10.93
9489,kevin proctor,19.0,hollyfort,167,granola,dairy,2024-09-29,1.0,12.03,12.03
9490,zachary baker,64.0,holmeshaven,191,granola,snack,2024-01-02,3.0,13.2,39.6
9491,bryan hansen,77.0,anashire,108,fresh milk,dairy,2024-06-25,3.0,8.75,26.25
9492,derrick lee,64.0,east christopher,105,granola,organic,2024-04-04,2.0,14.69,29.38
9493,deborah williams,44.0,north ashleyfort,176,kale,organic,2024-06-07,4.0,3.52,14.08
9494,patricia flores,47.0,east brittanyside,138,organic apples,snack,2024-01-02,3.0,18.88,56.64
9495,clayton dickson,67.0,dyershire,111,tofu,snack,2024-10-11,1.0,3.55,3.55
9498,scott king,60.0,lake julie,166,granola,dairy,2024-03-25,4.0,12.87,51.48
9499,william moreno,38.0,new billymouth,179,tofu,snack,2024-06-17,3.0,7.49,22.47
9500,heather collins,64.0,north philipbury,182,almond butter,dairy,2024-08-15,4.0,12.79,51.16
9501,melissa armstrong,41.0,port amanda,109,organic apples,vegetable,2024-05-21,1.0,1.19,1.19
9503,michael curry,65.0,south jaredchester,158,almond butter,organic,2024-02-03,1.0,1.46,1.46
9504,rhonda jackson,44.0,justinfurt,150,organic apples,dairy,2024-02-04,1.0,18.67,18.67
9505,kathy schneider,52.0,new tim,189,granola,organic,2024-03-02,4.0,19.37,77.48
9506,robert thomas,58.0,johnsonberg,133,granola,dairy,2024-06-15,3.0,14.73,44.19
9507,tracy jensen,46.0,west jamesview,171,organic apples,dairy,2024-06-01,4.0,18.66,74.64
9508,jason acevedo md,50.0,gardnerchester,169,tofu,snack,2024-09-28,4.0,12.75,51.0
9509,meredith hicks,48.0,west rodney,199,granola,vegetable,2024-04-25,1.0,16.33,16.33
9510,david perez,61.0,north joshuabury,140,granola,dairy,2024-09-23,1.0,4.14,4.14
9511,donna weber,26.0,new joseph,124,tofu,organic,2024-03-30,3.0,10.18,30.54
9512,charles mathews,33.0,west emilyville,151,almond butter,organic,2024-01-09,3.0,3.0,9.0
9513,john lambert,49.0,christopherchester,116,fresh milk,vegetable,2024-07-25,2.0,1.28,2.56
9514,paul harrell,60.0,north alisonton,140,almond butter,vegetable,2024-08-23,2.0,10.82,21.64
9515,jacob arellano,73.0,holdenland,159,organic apples,organic,2024-04-19,1.0,11.12,11.12
9516,jacob briggs,32.0,rodriguezview,111,tofu,vegetable,2024-07-31,2.0,16.67,33.34
9517,rachael bell,77.0,east paula,109,tofu,organic,2024-03-08,2.0,5.23,10.46
9518,kimberly williams,79.0,north ashley,110,fresh milk,snack,2024-08-07,3.0,3.94,11.82
9519,mary delgado,74.0,west norman,199,tofu,vegetable,2024-10-12,1.0,5.48,5.48
9520,donna hamilton,76.0,new yvonne,131,kale,snack,2024-05-31,4.0,5.3,21.2
9521,amanda briggs,33.0,west keithchester,169,almond butter,snack,2024-10-17,1.0,2.74,2.74
9522,stacey ferguson,72.0,east emilytown,166,almond butter,snack,2024-10-03,1.0,9.13,9.13
9523,jason mckinney,43.0,north jonathan,120,fresh milk,snack,2024-07-18,2.0,8.53,17.06
9524,lori wagner,27.0,new ronald,103,organic apples,snack,2024-05-16,3.0,4.65,13.95
9525,kerry wilson,64.0,robertmouth,117,kale,organic,2024-09-29,3.0,3.66,10.98
9526,richard flores,21.0,brendatown,119,granola,snack,2024-10-20,1.0,18.92,18.92
9527,robert simon,34.0,sallyland,177,tofu,dairy,2024-05-08,3.0,1.31,3.93
9528,ronald medina,27.0,lake brandon,183,organic apples,dairy,2024-04-25,2.0,19.86,39.72
9529,jared schaefer,77.0,morenofort,172,kale,snack,2024-10-20,4.0,16.97,67.88
9530,travis stephens,62.0,lake philipstad,134,tofu,vegetable,2024-10-31,2.0,13.72,27.44
9531,billy wagner,59.0,south joan,190,granola,dairy,2024-09-10,2.0,1.28,2.56
9532,robert miller,38.0,soush johnathan,188,kale,snack,2024-10-28,4.0,16.54,66.16
9533,katie sanchez,53.0,new deniseburgh,169,granola,dairy,2024-10-04,3.0,12.79,38.37
9534,jennifer price,38.0,south henry,198,organic apples,dairy,2024-09-16,2.0,6.74,13.48
9535,michael henderson,70.0,east alexander,154,kale,snack,2024-10-14,3.0,1.08,3.24
9536,mitchell daniels,62.0,west james,100,kale,snack,2024-07-07,3.0,6.5,19.5
9537,daniel brown,59.0,hineshaven,102,almond butter,snack,2024-02-03,1.0,2.37,2.37
9538,gina lewis,18.0,birdmouth,137,kale,vegetable,2024-01-31,3.0,12.67,38.01
9539,sara nichols,32.0,farleytown,161,organic apples,dairy,2024-03-14,4.0,9.36,37.44
9541,mrs. melinda peters,67.0,south anna,187,organic apples,dairy,2024-08-15,3.0,9.54,28.62
9542,julia holt,38.0,east donshire,189,granola,snack,2024-02-16,2.0,15.43,30.86
9543,raymond henderson,67.0,hallland,186,almond butter,dairy,2024-03-01,2.0,6.28,12.56
9544,aaron allen,62.0,michaelstad,139,organic apples,snack,2024-05-18,1.0,12.42,12.42
9545,tara wright,52.0,north jesseburgh,194,granola,vegetable,2024-01-11,4.0,13.47,53.88
9546,christopher middleton,54.0,port johnathanside,165,fresh milk,organic,2024-04-07,4.0,18.2,72.8
9547,charles evans,57.0,south mariemouth,182,tofu,vegetable,2024-06-09,3.0,16.2,48.6
9548,brett wall,58.0,dylanmouth,130,kale,dairy,2024-02-05,2.0,8.17,16.34
9549,amber fisher,65.0,benjaminmouth,121,almond butter,organic,2024-10-02,4.0,9.07,36.28
9550,carrie griffin,79.0,west jeffrey,153,granola,snack,2024-03-09,4.0,4.38,17.52
9551,sara mercado,66.0,michaelfurt,121,fresh milk,dairy,2024-05-14,2.0,9.81,19.62
9552,dawn henry,65.0,north debra,129,fresh milk,vegetable,2024-02-01,1.0,4.96,4.96
9553,michael johnson,18.0,moorefort,132,organic apples,snack,2024-05-20,1.0,5.68,5.68
9554,terri schwartz,21.0,north nicoleshire,104,almond butter,organic,2024-10-06,2.0,17.69,35.38
9555,jordan schwartz,70.0,new elizabeth,117,fresh milk,vegetable,2024-05-09,2.0,2.13,4.26
9556,caroline bryant,69.0,carrillofurt,129,kale,organic,2024-01-07,1.0,1.59,1.59
9557,chris wright,52.0,alejandraburgh,132,almond butter,organic,2024-07-27,4.0,8.73,34.92
9558,jeffrey rose,23.0,kylechester,137,granola,vegetable,2024-04-10,4.0,9.92,39.68
9559,amy banks,23.0,rasmussenstad,147,tofu,snack,2024-09-05,3.0,16.07,48.21
9560,keith bishop,18.0,port donald,160,tofu,snack,2024-05-08,4.0,6.94,27.76
9561,samuel aguilar,25.0,new rebeccamouth,141,granola,dairy,2024-10-19,4.0,5.65,22.6
9562,brittney campbell,23.0,kirbyside,130,fresh milk,dairy,2024-03-14,2.0,19.05,38.1
9563,kayla may,53.0,jeremiahland,184,tofu,organic,2024-01-30,2.0,6.48,12.96
9564,monica cox,41.0,richardsonbury,118,kale,snack,2024-06-17,4.0,19.83,79.32
9565,diana carr,49.0,elizabethberg,171,fresh milk,dairy,2024-06-11,4.0,17.68,70.72
9566,jeffrey vega,19.0,new amandaton,172,tofu,dairy,2024-02-28,1.0,10.62,10.62
9567,christopher hubbard,44.0,carlosbury,177,kale,snack,2024-03-14,3.0,15.15,45.45
9568,chad olson,53.0,port kristinaland,146,kale,organic,2024-05-21,2.0,15.98,31.96
9569,victoria martin,18.0,angelaberg,133,granola,vegetable,2024-07-11,1.0,7.35,7.35
9570,darrell pitts,47.0,port marilynview,164,fresh milk,snack,2024-02-18,3.0,11.51,34.53
9571,melissa greer,43.0,north alanhaven,147,fresh milk,dairy,2024-11-04,3.0,6.12,18.36
9572,molly mckee,42.0,carlahaven,161,organic apples,vegetable,2024-05-01,1.0,14.58,14.58
9573,jessica dudley,47.0,port tonyhaven,172,granola,vegetable,2024-02-14,1.0,3.48,3.48
9574,terrance jones,61.0,jamiemouth,170,kale,vegetable,2024-03-12,3.0,1.51,4.53
9575,jimmy shaffer,56.0,hectorport,113,granola,organic,2024-08-19,4.0,15.04,60.16
9576,mark norton,50.0,thomasfort,155,kale,snack,2024-04-29,2.0,7.9,15.8
9577,robert nguyen,79.0,south jeanetteburgh,160,granola,snack,2024-05-23,3.0,12.71,38.13
9578,brandi lowe,36.0,north jean,119,granola,vegetable,2024-09-04,1.0,13.49,13.49
9579,karla gonzalez,56.0,port stephaniebury,128,almond butter,dairy,2024-01-08,3.0,10.98,32.94
9580,lawrence ruiz,38.0,port alicia,146,tofu,organic,2024-05-10,4.0,9.53,38.12
9581,christopher harris,26.0,new steven,126,granola,dairy,2024-03-27,4.0,8.37,33.48
9582,william soto,50.0,port jessechester,125,almond butter,dairy,2024-05-24,3.0,19.07,57.21
9583,benjamin davidson,60.0,bennettmouth,184,granola,vegetable,2024-02-04,3.0,9.68,29.04
9584,melanie roach,43.0,east elijahhaven,127,tofu,snack,2024-06-19,3.0,15.34,46.02
9585,nathan hughes,19.0,north alyssa,111,kale,organic,2024-10-04,1.0,14.28,14.28
9586,scott poole,55.0,ginuton,149,almond butter,dairy,2024-01-11,2.0,11.87,23.74
9587,mark dunn,62.0,new christophermouth,193,fresh milk,snack,2024-10-06,2.0,15.0,30.0
9588,kristine cisneros,40.0,north summershire,110,almond butter,dairy,2024-02-10,4.0,8.22,32.88
9589,richard edwards,31.0,lake kimberlyport,169,kale,dairy,2024-02-29,3.0,16.1,48.3
9591,rebecca grant,22.0,new megan,162,almond butter,vegetable,2024-09-18,2.0,19.37,38.74
9592,michael perez,36.0,brewerberg,130,tofu,organic,2024-03-28,2.0,5.72,11.44
9593,adam sanchez,18.0,south theodore,197,tofu,snack,2024-04-15,3.0,10.84,32.52
9594,taylor warner,37.0,thomasberg,142,almond butter,dairy,2024-10-19,4.0,9.46,37.84
9595,yesenia bailey,27.0,new natalieton,188,tofu,organic,2024-04-10,4.0,14.44,57.76
9596,peter williams,68.0,davidhaven,101,granola,snack,2024-08-25,3.0,9.53,28.59
9597,john klein,52.0,north rebecca,167,tofu,dairy,2024-02-01,3.0,16.23,48.69
9598,jordan hunter,26.0,lake samanthahaven,104,kale,dairy,2024-02-29,4.0,6.04,24.16
9599,wendy jackson,22.0,east sonya,193,organic apples,snack,2024-04-02,4.0,3.96,15.84
9600,jenna fowler,21.0,angelaton,105,organic apples,organic,2024-07-19,1.0,1.9,1.9
9601,darren pittman,67.0,victorside,179,kale,snack,2024-09-10,1.0,13.69,13.69
9602,melissa poole,41.0,stevenville,174,tofu,snack,2024-08-19,4.0,2.39,9.56
9603,kelly jones,40.0,jamiemouth,192,organic apples,snack,2024-08-16,4.0,3.11,12.44
9604,shawn stewart,45.0,north robert,111,almond butter,vegetable,2024-04-27,3.0,7.55,22.65
9605,jessica mitchell,75.0,port jay,197,granola,vegetable,2024-02-04,3.0,18.11,54.33
9606,suzanne hensley,43.0,new cristinahaven,198,fresh milk,dairy,2024-09-11,4.0,1.32,5.28
9607,jessica mckee,61.0,farmermouth,163,tofu,dairy,2024-05-27,2.0,8.82,17.64
9609,christy schwartz,48.0,east tina,118,organic apples,dairy,2024-10-23,2.0,3.65,7.3
9611,kimberly allen,50.0,west elizabethmouth,199,organic apples,organic,2024-10-17,4.0,19.29,77.16
9612,sherry carpenter,55.0,hamptonmouth,184,organic apples,organic,2024-01-04,1.0,5.98,5.98
9613,pamela williams,55.0,port wendychester,157,granola,dairy,2024-05-14,4.0,10.58,42.32
9614,tina kirk,60.0,wesw cathy,154,tofu,organic,2024-05-02,2.0,16.88,33.76
9615,kelsey mueller,30.0,wendyview,131,tofu,dairy,2024-04-17,3.0,19.82,59.46
9616,bobby oliver,29.0,williamsmouth,110,kale,dairy,2024-05-06,1.0,15.75,15.75
9617,brandon potter,62.0,omarmouth,119,kale,organic,2024-08-02,3.0,2.14,6.42
9618,jorge gutierrez,32.0,scotttown,113,fresh milk,organic,2024-06-01,3.0,2.71,8.129999999999999
9619,garrett sandoval,67.0,alexandershire,125,fresh milk,organic,2024-08-23,2.0,13.74,27.48
9621,adam lawrence,68.0,new christopher,102,granola,vegetable,2024-03-18,2.0,7.97,15.94
9622,brandon arnold,18.0,cynthiaside,166,kale,snack,2024-09-07,2.0,13.86,27.72
9623,jade deleon,18.0,gregorytown,128,tofu,snack,2024-07-12,2.0,4.21,8.42
9624,courtney curtis,78.0,west robert,143,kale,dairy,2024-06-27,4.0,17.62,70.48
9626,charles baker,33.0,andrewsfort,186,tofu,vegetable,2024-02-08,1.0,4.83,4.83
9627,mary carter,73.0,west tristan,108,organic apples,vegetable,2024-02-19,2.0,7.07,14.14
9628,kaitlyn bass,50.0,pricestad,117,tofu,dairy,2024-11-01,3.0,4.01,12.03
9629,lisa moran,47.0,anthonyberg,187,fresh milk,snack,2024-05-17,2.0,16.79,33.58
9630,cole reed,75.0,new ashleyfort,157,organic apples,organic,2024-07-18,2.0,7.88,15.76
9631,jennifer lopez,32.0,west aaronborough,179,tofu,dairy,2024-11-04,1.0,8.31,8.31
9632,kristine ward,38.0,timothyview,162,granola,vegetable,2024-06-19,3.0,6.35,19.05
9633,brandon dean,38.0,floydburgh,153,fresh milk,vegetable,2024-06-12,3.0,14.83,44.49
9635,sharon young,62.0,port donnaberg,135,tofu,dairy,2024-11-01,4.0,2.6,10.4
9636,vanessa sherman,57.0,south melvinside,146,almond butter,snack,2024-03-08,3.0,13.48,40.44
9637,mr. jason harrell,67.0,ramseyborough,112,organic apples,dairy,2024-04-09,3.0,12.93,38.79
9639,jeffery bradley,35.0,curryburgh,171,almond butter,vegetable,2024-09-29,1.0,13.93,13.93
9640,terry mason,70.0,aprilberg,153,almond butter,snack,2024-08-24,3.0,14.77,44.31
9641,joseph acevedo,37.0,east kimberlyfurt,111,fresh milk,organic,2024-09-18,3.0,19.14,57.42
9642,carrie cooper,55.0,russellview,153,kale,vegetable,2024-09-18,3.0,14.88,44.64
9644,john williams,65.0,lake andrew,178,almond butter,organic,2024-10-24,3.0,6.7,20.1
9645,tracy jackson,53.0,port jasonhaven,171,tofu,vegetable,2024-10-28,4.0,18.66,74.64
9646,maria johnson,44.0,perezfurt,185,almond butter,dairy,2024-05-09,4.0,4.64,18.56
9647,carlos moore,52.0,south melanie,143,organic apples,organic,2024-09-15,2.0,1.65,3.3
9648,harold perez,52.0,north richard,130,kale,vegetable,2024-07-21,1.0,18.25,18.25
9649,cynthia bell,23.0,andrewfurt,129,almond butter,organic,2024-08-22,4.0,14.19,56.76
9650,christine dunlap,43.0,new jessicastad,175,kale,vegetable,2024-03-31,3.0,15.08,45.24
9651,caitlin patterson,52.0,daniellemouth,106,granola,vegetable,2024-07-03,4.0,12.72,50.88
9652,mark jacobson,60.0,lake curtisberg,148,fresh milk,snack,2024-06-06,1.0,12.54,12.54
9653,eddie andrews,69.0,walkermouth,197,kale,dairy,2024-05-29,4.0,2.85,11.4
9654,matthew collins,42.0,tylerview,164,kale,organic,2024-09-15,2.0,10.88,21.76
9655,jennifer hansen,33.0,new wandashire,167,kale,organic,2024-01-18,3.0,13.53,40.59
9657,clinton walsh,29.0,jodyfurt,199,almond butter,snack,2024-04-24,3.0,11.36,34.08
9658,dillon ward,53.0,valerieburgh,181,almond butter,snack,2024-10-20,3.0,8.11,24.33
9659,amy stewart,53.0,davidmouth,145,almond butter,snack,2024-05-29,2.0,3.45,6.9
9660,kimberly ortiz,52.0,north kathy,185,almond butter,organic,2024-07-28,1.0,19.4,19.4
9661,dominique grimes,25.0,danielside,123,almond butter,vegetable,2024-01-04,1.0,6.58,6.58
9662,brandon serrano,20.0,south michaelburgh,189,almond butter,snack,2024-10-29,3.0,9.42,28.26
9663,richard allen,22.0,lake sarahburgh,111,fresh milk,snack,2024-06-01,4.0,6.18,24.72
9664,dr. emma fox dvm,54.0,west erinstad,168,granola,organic,2024-05-02,4.0,4.92,19.68
9665,jeffrey erickson,58.0,new tashaland,184,granola,vegetable,2024-10-02,2.0,11.92,23.84
9666,john orr,52.0,maddenside,148,organic apples,vegetable,2024-06-08,3.0,17.48,52.44
9667,brianna ruiz,44.0,south james,195,fresh milk,vegetable,2024-11-01,1.0,18.71,18.71
9668,steven larson,42.0,jennifermouth,175,granola,vegetable,2024-11-07,4.0,1.32,5.28
9669,katherine bates,55.0,port paulland,189,organic apples,snack,2024-06-04,1.0,1.09,1.09
9670,sara davenport,33.0,oconnorstad,159,kale,dairy,2024-03-29,3.0,17.58,52.74
9671,colin dennis,35.0,east tamara,190,tofu,organic,2024-05-16,3.0,8.04,24.12
9673,margaret figueroa,57.0,adamfort,178,granola,snack,2024-09-09,4.0,14.68,58.72
9674,david fitzgerald,71.0,lake christine,145,tofu,dairy,2024-04-24,3.0,6.3,18.9
9675,ashley taylor,39.0,michaelville,157,almond butter,organic,2024-02-07,4.0,15.48,61.92
9676,thomas gomez,38.0,adamland,108,organic apples,organic,2024-11-03,4.0,4.09,16.36
9677,jessica daniel,38.0,south tony,179,organic apples,snack,2024-01-23,2.0,10.51,21.02
9678,bobby hahn,29.0,new stephanie,184,granola,snack,2024-05-06,2.0,14.65,29.3
9679,bryan thompson,24.0,jamesshire,165,tofu,snack,2024-02-02,1.0,12.01,12.01
9680,mark herman,65.0,east josephview,182,organic apples,dairy,2024-11-05,4.0,11.88,47.52
9682,daniel moore,41.0,west claytonbury,129,granola,vegetable,2024-10-12,1.0,2.81,2.81
9683,john banks,61.0,jeffreyville,181,almond butter,snack,2024-02-20,4.0,7.88,31.52
9684,stephen cline,74.0,madisonmouth,160,granola,organic,2024-06-12,169.0,19.31,3263.39
9686,lisa trevino,30.0,south brittney,118,organic apples,dairy,2024-08-03,3.0,5.37,16.11
9687,jose moore,35.0,jeanneland,187,fresh milk,organic,2024-08-08,4.0,9.75,39.0
9688,mrs. julia stevens md,70.0,east jill,186,organic apples,organic,2024-06-19,1.0,4.42,4.42
9689,charles castro,66.0,caitlinport,181,tofu,organic,2024-01-23,2.0,3.65,7.3
9690,amanda wong,56.0,south benjamin,117,kale,snack,2024-05-20,2.0,19.44,38.88
9691,danielle oconnor,54.0,stanleyview,172,kale,organic,2024-08-02,4.0,3.31,13.24
9692,john smith,60.0,lake rodneyshire,132,tofu,organic,2024-07-29,3.0,7.74,23.22
9693,julie foster,40.0,smithton,119,tofu,vegetable,2024-11-03,115.0,2.43,279.45000000000005
9694,jonathan flores,55.0,south jorge,195,tofu,organic,2024-04-18,4.0,4.9,19.6
9695,margaret may,60.0,lake austin,193,almond butter,vegetable,2024-10-31,2.0,16.06,32.12
9696,andrew rodriguez,32.0,port mathewfort,129,kale,dairy,2024-10-20,4.0,10.48,41.92
9697,gabriella rubio,25.0,lake william,196,kale,organic,2024-02-21,2.0,13.51,27.02
9698,cassandra rice,53.0,jameschester,159,almond butter,dairy,2024-02-26,1.0,7.15,7.15
9700,christina williams,29.0,south ian,157,fresh milk,snack,2024-11-01,4.0,13.48,53.92
9701,danielle edwards,42.0,lake sylvia,199,tofu,dairy,2024-08-21,4.0,11.45,45.8
9702,michael hoffman,22.0,smithport,147,kale,vegetable,2024-06-07,4.0,9.19,36.76
9704,holly sanchez,22.0,west laurenfort,130,fresh milk,snack,2024-09-15,2.0,14.07,28.14
9705,julia moore,60.0,east shelley,196,kale,dairy,2024-08-12,4.0,3.65,14.6
9706,david blair,21.0,hooverland,111,granola,vegetable,2024-07-03,3.0,1.06,3.18
9707,peter nichols,46.0,andersonshire,159,granola,vegetable,2024-02-22,2.0,14.66,29.32
9709,timothy patterson,39.0,lake renee,153,organic apples,snack,2024-10-28,3.0,3.77,11.31
9710,adriana wade,50.0,south jamesberg,156,tofu,organic,2024-08-23,4.0,13.95,55.8
9711,mary martinez,67.0,billbury,156,kale,vegetable,2024-06-06,2.0,7.0,14.0
9712,joseph esparza,39.0,port kelsey,175,tofu,snack,2024-09-17,3.0,6.16,18.48
9713,michael jones,61.0,hallshire,139,almond butter,dairy,2024-01-23,1.0,3.31,3.31
9714,ruth harrington,65.0,new yvonnehaven,150,granola,vegetable,2024-08-14,3.0,12.16,36.48
9715,denise johnson,28.0,christinetown,167,almond butter,organic,2024-07-23,4.0,3.48,13.92
9716,norman wheeler,78.0,daniellemouth,196,granola,dairy,2024-04-01,3.0,17.96,53.88
9717,charles rodriguez,76.0,harrisport,182,kale,snack,2024-05-26,4.0,14.16,56.64
9718,sean byrd,77.0,lake christopher,172,kale,organic,2024-02-27,2.0,4.38,8.76
9719,hannah kim,61.0,new desireeburgh,197,tofu,organic,2024-06-09,3.0,11.73,35.19
9720,robert wall,45.0,karistad,197,kale,snack,2024-01-30,1.0,6.04,6.04
9721,michael murillo,43.0,east jasonhaven,155,tofu,organic,2024-07-15,1.0,4.39,4.39
9722,donna ryan,52.0,ashleyborough,160,granola,snack,2024-09-24,1.0,2.32,2.32
9723,matthew frazier,76.0,nicholsmouth,161,kale,snack,2024-07-16,1.0,5.71,5.71
9724,eric flowers,30.0,carlsonside,157,almond butter,organic,2024-09-16,2.0,17.06,34.12
9725,sara gibson,22.0,new courtneybury,190,kale,snack,2024-03-04,4.0,2.35,9.4
9726,alison martin,76.0,port laurenstad,110,almond butter,dairy,2024-02-08,3.0,16.8,50.400000000000006
9727,michael porter,55.0,allenborough,183,tofu,vegetable,2024-01-09,4.0,11.38,45.52
9728,sierra patrick,33.0,christinaport,140,granola,dairy,2024-08-10,2.0,2.72,5.44
9729,crystal walker,20.0,west alex,117,fresh milk,dairy,2024-04-05,1.0,3.72,3.72
9730,julia atkins,23.0,east ethanborough,131,organic apples,dairy,2024-01-21,2.0,4.74,9.48
9731,sandra gonzalez,58.0,karaview,192,fresh milk,snack,2024-01-16,2.0,19.12,38.24
9732,kara johnson,31.0,east christian,115,fresh milk,snack,2024-08-22,3.0,6.58,19.74
9733,paul luna,77.0,jeffreyland,128,almond butter,vegetable,2024-10-26,2.0,4.32,8.64
9734,heather maxwell,29.0,new matthew,173,tofu,organic,2024-03-25,3.0,1.97,5.91
9735,timothy johnson,49.0,lake kelseymouth,165,tofu,dairy,2024-01-10,4.0,7.17,28.68
9737,benjamin thomas,30.0,port linda,148,organic apples,dairy,2024-05-23,2.0,15.0,30.0
9738,jennifer hancock,34.0,lauratown,141,kale,organic,2024-02-28,2.0,19.57,39.14
9739,rebecca sanchez,55.0,lake jeremyfurt,151,granola,organic,2024-08-14,4.0,13.31,53.24
9740,mark johnson,58.0,lake annburgh,154,kale,dairy,2024-10-24,2.0,18.48,36.96
9741,katrina lin,34.0,west douglas,140,organic apples,vegetable,2024-05-09,3.0,4.08,12.24
9742,emily williams,28.0,east paulatown,111,organic apples,dairy,2024-02-05,2.0,14.1,28.2
9743,tim terrell,28.0,lake jacobside,114,organic apples,snack,2024-02-05,2.0,10.43,20.86
9744,patrick smith,50.0,smithport,103,granola,snack,2024-08-12,4.0,17.88,71.52
9745,jeffrey cantrell,28.0,port brenda,191,kale,organic,2024-05-16,1.0,15.82,15.82
9746,david fuller,22.0,lake george,118,kale,dairy,2024-03-27,3.0,14.13,42.39
9747,ashley little,56.0,joneshaven,185,kale,dairy,2024-10-23,2.0,9.97,19.94
9748,karen king,35.0,port stephenbury,114,kale,organic,2024-07-14,4.0,12.27,49.08
9749,theresa lee,56.0,meghanton,176,almond butter,snack,2024-10-22,1.0,6.69,6.69
9750,stanley kemp,62.0,lake ronnieton,121,kale,dairy,2024-08-03,4.0,18.27,73.08
9751,michael cortez,75.0,lake heather,103,tofu,vegetable,2024-04-17,2.0,6.11,12.22
9752,ryan smith,55.0,east jason,113,kale,vegetable,2024-04-12,3.0,16.52,49.56
9753,deborah harris,79.0,east bryan,160,kale,snack,2024-06-10,1.0,16.54,16.54
9754,dr. michelle sweeney,67.0,lake theodoreton,112,tofu,snack,2024-01-29,1.0,8.47,8.47
9755,danielle clay dds,23.0,west johnnyhaven,148,granola,organic,2024-06-13,3.0,8.88,26.64
9756,victor duke,63.0,aaronmouth,126,organic apples,dairy,2024-10-05,4.0,11.29,45.16
9757,brett mcbride,36.0,south heatherside,182,almond butter,dairy,2024-09-25,3.0,14.84,44.52
9758,eric lopez,79.0,lake samanthastad,101,almond butter,organic,2024-08-22,2.0,6.87,13.74
9759,alex burke,19.0,south kaitlynland,184,organic apples,dairy,2024-03-30,1.0,14.48,14.48
9760,david mclean,41.0,west andrew,198,tofu,vegetable,2024-03-13,2.0,8.79,17.58
9761,amy vincent,74.0,jonesmouth,151,granola,dairy,2024-02-03,1.0,13.01,13.01
9762,jessica burgess,53.0,crawfordview,172,kale,organic,2024-01-31,3.0,19.95,59.85
9763,steven guzman,72.0,lake linda,139,tofu,snack,2024-08-01,1.0,19.01,19.01
9764,mary gonzalez,38.0,williamsmouth,133,organic apples,snack,2024-11-07,2.0,7.27,14.54
9766,heather stokes,52.0,cohenport,159,organic apples,dairy,2024-04-01,1.0,8.99,8.99
9767,lisa soto,32.0,davidhaven,156,tofu,dairy,2024-05-15,2.0,2.51,5.02
9768,kylie anderson,34.0,east rachel,100,fresh milk,vegetable,2024-08-13,3.0,8.48,25.44
9769,faith wade,79.0,angelamouth,139,fresh milk,vegetable,2024-08-31,3.0,13.95,41.85
9770,michele page,75.0,dunnville,116,kale,vegetable,2024-07-20,2.0,8.61,17.22
9771,carol savage,19.0,ashleefort,194,fresh milk,organic,2024-08-10,1.0,17.15,17.15
9772,mark white,31.0,south emilyshire,186,almond butter,snack,2024-10-25,2.0,9.64,19.28
9773,jeffrey smith,75.0,jacksonmouth,195,fresh milk,snack,2024-03-29,2.0,4.39,8.78
9774,amy thompson,52.0,crystalmouth,101,granola,vegetable,2024-04-03,2.0,9.44,18.88
9775,virginia wood,73.0,new charles,124,fresh milk,snack,2024-09-06,3.0,10.06,30.18
9776,matthew reyes,46.0,simpsonmouth,132,fresh milk,vegetable,2024-02-06,3.0,12.81,38.43
9777,denise webb,53.0,johnton,190,tofu,organic,2024-04-02,1.0,10.85,10.85
9778,leonard banks,48.0,new ryan,129,granola,dairy,2024-05-20,2.0,10.3,20.6
9779,blake hall,47.0,vaughnshire,152,tofu,vegetable,2024-09-12,2.0,4.22,8.44
9780,valerie horn,36.0,jameston,127,kale,organic,2024-04-07,2.0,3.93,7.86
9781,diana schmitt md,23.0,port tracitown,160,tofu,dairy,2024-05-06,1.0,12.6,12.6
9782,kathryn patterson,28.0,robinshire,137,kale,organic,2024-05-21,1.0,10.08,10.08
9783,julie graham,78.0,new denise,194,fresh milk,organic,2024-02-29,4.0,2.29,9.16
9784,jennifer haley,30.0,williamsborough,171,almond butter,snack,2024-04-01,4.0,11.82,47.28
9785,jimmy grant,52.0,ramseyshire,146,organic apples,organic,2024-08-29,1.0,10.51,10.51
9786,blake flores,60.0,chentown,134,granola,organic,2024-10-05,3.0,6.58,19.74
9787,amy savage,68.0,chavezside,121,organic apples,snack,2024-03-24,2.0,17.47,34.94
9788,elizabeth arroyo,53.0,south charleneside,172,kale,organic,2024-07-17,3.0,19.37,58.11
9789,thomas spencer,29.0,downschester,118,tofu,organic,2024-08-21,2.0,2.52,5.04
9790,christopher gross,67.0,south john,120,kale,dairy,2024-07-11,4.0,13.57,54.28
9791,randy kaufman,38.0,jamesfort,130,tofu,vegetable,2024-07-28,4.0,11.92,47.68
9792,oscar hernandez,65.0,east sherri,153,fresh milk,snack,2024-10-10,4.0,16.09,64.36
9793,jonathan robertson,49.0,new heather,124,organic apples,snack,2024-06-22,4.0,18.19,72.76
9794,kevin spence,20.0,new felicia,171,kale,vegetable,2024-07-31,3.0,19.84,59.52
9795,craig robertson jr.,74.0,michaelborough,171,kale,vegetable,2024-02-10,2.0,19.49,38.98
9796,patricia hernandez,39.0,east darren,191,fresh milk,dairy,2024-09-14,3.0,11.15,33.45
9797,william spencer,45.0,sandramouth,194,kale,vegetable,2024-07-08,4.0,8.32,33.28
9798,michael hayden,34.0,chanbury,120,organic apples,dairy,2024-04-02,3.0,14.07,42.21
9799,james welch,55.0,stevenstad,130,kale,vegetable,2024-06-17,3.0,1.11,3.33
9801,veronica stevens,33.0,lake melissa,117,organic apples,dairy,2024-09-20,1.0,16.29,16.29
9802,thomas leonard,42.0,south jennifershire,100,organic apples,dairy,2024-05-01,3.0,19.72,59.16
9803,sherri ortega,52.0,north lisa,135,almond butter,dairy,2024-09-04,3.0,15.31,45.93
9804,lawrence payne,47.0,port andrea,191,granola,vegetable,2024-09-02,2.0,3.98,7.96
9806,jay fox,63.0,east ericchester,119,granola,organic,2024-03-06,4.0,12.89,51.56
9807,eric hudson,69.0,port jamesfort,135,tofu,organic,2024-07-12,4.0,6.95,27.8
9808,david hutchinson,53.0,north annefurt,120,tofu,dairy,2024-11-03,4.0,7.34,29.36
9809,nicholas allen,54.0,west matthew,189,kale,snack,2024-05-19,1.0,2.9,2.9
9811,tina baker,74.0,leeburgh,128,organic apples,organic,2024-08-30,1.0,17.29,17.29
9812,michael palmer,75.0,cynthiaport,175,tofu,organic,2024-03-29,3.0,4.29,12.87
9813,marcus schultz,73.0,martinezfurt,169,organic apples,vegetable,2024-02-13,4.0,7.24,28.96
9814,barbara james,48.0,new dianeport,188,fresh milk,organic,2024-07-23,2.0,2.92,5.84
9815,shawn collier,75.0,thomasbury,112,tofu,dairy,2024-06-06,3.0,2.26,6.779999999999999
9816,cathy brown,26.0,phillipsburgh,167,kale,organic,2024-08-14,3.0,7.65,22.950000000000003
9817,melissa hurley,70.0,jamesview,148,kale,vegetable,2024-10-27,2.0,6.92,13.84
9818,lauren baker,73.0,port brandyton,189,almond butter,snack,2024-09-27,1.0,14.76,14.76
9819,james payne,42.0,lake michellefort,179,kale,dairy,2024-03-07,4.0,8.62,34.48
9820,kristen nelson,25.0,judithberg,128,fresh milk,organic,2024-03-02,2.0,12.08,24.16
9821,gary price,77.0,wardmouth,190,granola,snack,2024-04-18,2.0,383.34,766.68
9822,carla ball,39.0,allenstad,196,organic apples,dairy,2024-09-25,2.0,4.52,9.04
9823,wendy glover,18.0,garnermouth,172,kale,organic,2024-02-17,4.0,15.82,63.28
9824,james mueller,47.0,east codyshire,177,fresh milk,dairy,2024-06-21,1.0,4.37,4.37
9825,austin crosby,54.0,lake loriland,109,kale,dairy,2024-07-22,3.0,1.59,4.7700000000000005
9826,kimberly gonzalez,61.0,leeside,164,tofu,snack,2024-06-11,1.0,1.25,1.25
9827,beverly gates,57.0,johnsonburgh,123,organic apples,organic,2024-08-08,2.0,15.61,31.22
9828,jeremy hines,19.0,alyssaland,187,organic apples,vegetable,2024-09-19,3.0,1.27,3.81
9830,stacy espinoza,77.0,south kelly,181,almond butter,organic,2024-10-07,3.0,19.48,58.44
9831,melissa newton,57.0,south ryan,101,tofu,dairy,2024-09-13,4.0,16.41,65.64
9832,thomas petty,26.0,wrightberg,132,tofu,snack,2024-05-09,4.0,8.52,34.08
9833,marissa wilkinson,74.0,east lisa,172,tofu,organic,2024-02-09,1.0,2.05,2.05
9834,rachel medina,65.0,dunnhaven,154,organic apples,vegetable,2024-09-14,3.0,4.94,14.82
9835,elizabeth clay,55.0,campbellfurt,177,fresh milk,organic,2024-08-02,3.0,18.22,54.66
9837,victor chandler,56.0,jennifershire,175,fresh milk,vegetable,2024-09-03,1.0,16.75,16.75
9839,beth ashley,70.0,port jacob,132,kale,vegetable,2024-03-17,4.0,1.39,5.56
9840,patricia larsen,46.0,jameschester,179,granola,dairy,2024-06-14,1.0,17.86,17.86
9842,darlene barrera,43.0,east rachel,179,fresh milk,dairy,2024-10-19,4.0,11.81,47.24
9843,christopher carlson,28.0,samanthaburgh,103,granola,vegetable,2024-09-13,4.0,13.74,54.96
9844,timothy rodriguez,40.0,lake isabelhaven,171,fresh milk,snack,2024-05-06,2.0,16.58,33.16
9845,nancy williams,77.0,east natalie,109,almond butter,snack,2024-04-24,1.0,18.59,18.59
9846,mercedes holder,65.0,new katherinefurt,170,organic apples,dairy,2024-06-13,1.0,3.06,3.06
9847,michelle davies,24.0,new hannah,134,tofu,vegetable,2024-06-26,4.0,12.95,51.8
9848,scott schneider,59.0,daleberg,186,almond butter,dairy,2024-09-23,2.0,18.04,36.08
9849,brandy barnes,23.0,port nathanview,199,tofu,snack,2024-04-14,1.0,15.57,15.57
9850,daniel smith,30.0,romerobury,139,fresh milk,dairy,2024-06-25,2.0,13.08,26.16
9851,miss traci west,50.0,south kerrimouth,136,kale,vegetable,2024-03-18,1.0,9.6,9.6
9852,nicole thomas md,66.0,new lisatown,113,almond butter,organic,2024-05-09,2.0,18.93,37.86
9853,frank moreno,57.0,south chadmouth,157,tofu,vegetable,2024-10-20,3.0,9.59,28.77
9854,jessica salas,51.0,tiffanymouth,103,almond butter,snack,2024-10-04,4.0,16.39,65.56
9857,lynn parker,23.0,east amanda,182,granola,vegetable,2024-11-05,1.0,18.89,18.89
9858,debbie valencia,67.0,ariaston,188,granola,dairy,2024-01-19,2.0,8.4,16.8
9859,ricardo rodriguez,21.0,south christina,103,organic apples,dairy,2024-06-15,2.0,19.46,38.92
9860,gary peterson,31.0,darrentown,127,tofu,vegetable,2024-02-04,3.0,8.03,24.09
9861,jonathan roach,44.0,port katiechester,176,almond butter,vegetable,2024-10-21,4.0,19.32,77.28
9862,christopher trevino,42.0,longhaven,138,granola,dairy,2024-09-20,2.0,4.46,8.92
9863,sydney tyler,71.0,south jesseton,127,almond butter,snack,2024-08-04,1.0,13.59,13.59
9864,robert martinez,59.0,michaelside,185,organic apples,dairy,2024-07-25,4.0,1.39,5.56
9865,geoffrey shaw,19.0,phillipside,170,almond butter,organic,2024-01-08,2.0,17.04,34.08
9866,susan gonzalez,68.0,west greggchester,133,almond butter,vegetable,2024-06-30,4.0,13.57,54.28
9867,michael ortiz,39.0,west richard,112,fresh milk,vegetable,2024-07-31,2.0,8.61,17.22
9868,kenneth anderson,68.0,danafort,101,almond butter,organic,2024-08-05,3.0,6.28,18.84
9869,jason winters,38.0,blairhaven,188,kale,dairy,2024-03-08,1.0,7.35,7.35
9870,stacey bishop,28.0,vargasbury,158,almond butter,snack,2024-08-28,3.0,12.89,38.67
9871,whitney miller,44.0,east amandaburgh,171,tofu,dairy,2024-08-16,1.0,16.57,16.57
9872,virginia young,74.0,south joeside,118,kale,dairy,2024-07-05,4.0,1.41,5.64
9873,michael booker,34.0,jasonfort,135,tofu,snack,2024-10-02,2.0,11.89,23.78
9875,tracy burgess,37.0,east marie,197,tofu,snack,2024-07-19,3.0,8.86,26.58
9876,karen johnson,32.0,north karen,143,fresh milk,vegetable,2024-04-09,3.0,8.23,24.69
9877,david flores,41.0,lake nicholasburgh,159,kale,vegetable,2024-09-07,1.0,11.6,11.6
9878,nicolas hardy,71.0,thompsonburgh,185,almond butter,snack,2024-04-08,1.0,15.19,15.19
9879,adrian hernandez,42.0,kellyport,110,tofu,snack,2024-05-30,2.0,19.54,39.08
9880,michael dean,75.0,castanedahaven,161,almond butter,vegetable,2024-09-23,1.0,18.81,18.81
9881,steven gallagher,67.0,east angieview,193,almond butter,vegetable,2024-08-15,3.0,11.69,35.07
9882,jared brown,27.0,meganbury,194,kale,vegetable,2024-06-11,1.0,11.5,11.5
9883,emily walker,33.0,west zachary,176,kale,dairy,2024-06-12,3.0,10.29,30.87
9884,kelly carroll,52.0,lake devon,140,tofu,organic,2024-04-18,3.0,13.98,41.94
9885,andrea escobar,64.0,hermanshire,150,granola,vegetable,2024-04-09,1.0,18.29,18.29
9886,william cochran,61.0,ashleyview,148,fresh milk,vegetable,2024-08-12,2.0,9.18,18.36
9887,edgar cooper,69.0,south josephstad,123,granola,organic,2024-07-27,3.0,1.4,4.199999999999999
9888,thomas blevins,62.0,port davidmouth,185,almond butter,vegetable,2024-04-28,1.0,2.7,2.7
9889,terrence olsen,78.0,stephanieburgh,130,tofu,organic,2024-05-01,2.0,7.08,14.16
9890,alicia cohen,49.0,lynchmouth,141,tofu,snack,2024-05-26,4.0,19.37,77.48
9891,cathy james,30.0,shirleyport,179,fresh milk,organic,2024-08-22,2.0,19.66,39.32
9892,dr. vicki harris dvm,35.0,new larry,174,kale,snack,2024-02-27,2.0,5.82,11.64
9893,tiffany duncan,32.0,north duane,110,tofu,dairy,2024-04-23,4.0,11.0,44.0
9894,paul wright,61.0,east jamesbury,165,almond butter,dairy,2024-03-26,1.0,6.46,6.46
9895,daniel gilbert,52.0,west jeromeside,158,fresh milk,vegetable,2024-07-24,1.0,18.95,18.95
9896,ray peters,40.0,east jessica,171,kale,dairy,2024-11-07,2.0,10.52,21.04
9897,richard solomon,42.0,east roberttown,143,organic apples,dairy,2024-06-26,2.0,10.96,21.92
9898,stephen wilson,75.0,sierraview,127,kale,snack,2024-05-03,4.0,5.21,20.84
9899,jennifer thomas,32.0,thomashaven,124,kale,snack,2024-02-16,1.0,19.57,19.57
9900,lori hanson,72.0,pachecomouth,182,granola,vegetable,2024-08-08,3.0,12.18,36.54
9901,michael gonzales,49.0,amandamouth,182,granola,dairy,2024-03-01,1.0,12.1,12.1
9902,grace lewis,52.0,lanceborough,136,granola,snack,2024-08-01,2.0,9.74,19.48
9903,elizabeth moore,34.0,west austinville,111,granola,snack,2024-08-11,1.0,3.1,3.1
9904,kelly alvarado,59.0,angelaport,145,organic apples,vegetable,2024-01-04,2.0,19.68,39.36
9905,kelli webster,38.0,north kevin,118,tofu,dairy,2024-04-03,2.0,14.44,28.88
9906,brandon ferguson,43.0,west angelica,174,almond butter,vegetable,2024-05-07,4.0,12.64,50.56
9907,whitney hodge,49.0,south josephfort,191,organic apples,vegetable,2024-02-09,2.0,1.63,3.26
9908,jacob rosales,35.0,lake rebeccaville,164,almond butter,snack,2024-02-18,1.0,3.68,3.68
9909,nicholas anderson,57.0,chaneyburgh,193,granola,organic,2024-10-16,1.0,4.53,4.53
9910,julie robinson,61.0,dianaland,118,kale,dairy,2024-06-18,1.0,16.21,16.21
9911,monica daniels,41.0,margaretton,101,fresh milk,organic,2024-02-24,2.0,4.52,9.04
9912,anna cohen,51.0,kevintown,178,kale,organic,2024-04-09,1.0,2.2,2.2
9913,jennifer johnson,48.0,east jeremymouth,119,kale,vegetable,2024-05-03,2.0,17.01,34.02
9914,andrew johnson,74.0,jenniferport,182,fresh milk,dairy,2024-07-11,4.0,4.19,16.76
9915,jeffrey moore,33.0,huertashire,135,organic apples,vegetable,2024-10-11,2.0,10.35,20.7
9916,bethany patterson,25.0,north zachary,108,almond butter,organic,2024-05-26,3.0,14.18,42.54
9917,rachel shepard,50.0,west mitchellchester,188,fresh milk,organic,2024-05-15,2.0,12.3,24.6
9918,anne gentry,78.0,leroyfort,143,tofu,snack,2024-06-26,2.0,7.2,14.4
9919,kristina white,30.0,east justinhaven,181,kale,vegetable,2024-08-27,3.0,5.24,15.72
9920,joseph sellers,33.0,johnnymouth,170,almond butter,snack,2024-10-15,4.0,19.09,76.36
9921,kevin woodard dds,35.0,north carolyn,183,fresh milk,snack,2024-03-02,3.0,19.07,57.21
9922,stephen smith,25.0,south joshuachester,121,kale,snack,2024-07-13,3.0,12.47,37.41
9923,michael taylor,28.0,port jessica,111,organic apples,vegetable,2024-09-10,4.0,13.88,55.52
9924,lauren johnson,26.0,cynthiabury,176,almond butter,dairy,2024-08-01,2.0,9.83,19.66
9925,jennifer bond,27.0,new kevin,118,tofu,vegetable,2024-01-28,4.0,9.34,37.36
9926,anna ochoa,28.0,anthonymouth,199,kale,snack,2024-01-26,3.0,14.24,42.72
9927,jennifer higgins,20.0,edwardstown,163,fresh milk,organic,2024-09-20,2.0,19.34,38.68
9928,maria johnson,37.0,kimberlymouth,164,tofu,vegetable,2024-07-08,4.0,14.04,56.16
9929,jamie hernandez,27.0,perryland,191,organic apples,vegetable,2024-03-17,4.0,5.24,20.96
9930,heather miles,42.0,north ricardoberg,177,tofu,dairy,2024-10-25,4.0,18.19,72.76
9931,timothy russell,73.0,new donaldhaven,160,organic apples,dairy,2024-03-06,1.0,8.24,8.24
9932,julie bradford,18.0,lewismouth,152,organic apples,snack,2024-07-23,1.0,10.6,10.6
9933,brandon holmes,78.0,west jamieville,154,granola,snack,2024-08-01,1.0,18.84,18.84
9934,olivia mccoy,43.0,andrewstown,155,almond butter,snack,2024-08-07,1.0,5.79,5.79
9935,madison harris,35.0,maldonadofort,105,almond butter,vegetable,2024-06-20,3.0,4.66,13.98
9936,alexandra delacruz,43.0,fisherton,103,almond butter,organic,2024-03-24,1.0,17.12,17.12
9937,jeanne hunt,75.0,castilloberg,102,fresh milk,vegetable,2024-03-30,1.0,11.58,11.58
9938,thomas young,69.0,martinchester,153,organic apples,vegetable,2024-08-11,2.0,4.17,8.34
9939,antonio torres,27.0,north sharonport,166,tofu,dairy,2024-04-22,2.0,6.48,12.96
9940,dustin wagner,36.0,cooleymouth,127,granola,vegetable,2024-04-27,3.0,1.04,3.12
9941,elaine williams,24.0,lake jenniferberg,198,tofu,snack,2024-10-20,1.0,7.59,7.59
9942,kimberly shields,60.0,loweryport,198,granola,organic,2024-09-19,4.0,3.0,12.0
9943,brandon norton,26.0,floreshaven,192,organic apples,dairy,2024-04-06,1.0,17.6,17.6
9944,tina hoffman,22.0,smithberg,108,organic apples,vegetable,2024-04-09,1.0,15.78,15.78
9945,joshua hughes,27.0,patriciashire,150,almond butter,dairy,2024-04-11,2.0,18.17,36.34
9946,brian powell,60.0,port austinview,153,organic apples,snack,2024-09-06,4.0,2.73,10.92
9947,richard morales,31.0,harriston,190,fresh milk,dairy,2024-10-05,2.0,1.15,2.3
9948,dawn koch,46.0,stephenmouth,194,almond butter,snack,2024-04-24,1.0,9.06,9.06
9949,dale lowe,57.0,south christianstad,111,fresh milk,dairy,2024-04-27,1.0,9.17,9.17
9950,jeremiah smith,55.0,north veronica,187,kale,vegetable,2024-01-30,1.0,5.16,5.16
9951,william estrada,59.0,port samantha,157,granola,vegetable,2024-06-21,4.0,8.77,35.08
9952,bobby martin,30.0,new emilymouth,166,granola,organic,2024-07-02,3.0,2.28,6.84
9953,randy king,21.0,new lisafort,137,granola,snack,2024-04-26,1.0,7.15,7.15
9954,benjamin dunlap,49.0,whiteland,114,organic apples,dairy,2024-03-10,3.0,17.9,53.7
9955,felicia jones,48.0,dawnshire,174,fresh milk,snack,2024-07-24,4.0,16.6,66.4
9956,steven gallagher,39.0,north tiffany,186,organic apples,vegetable,2024-04-01,4.0,8.54,34.16
9957,logan tucker,31.0,theresamouth,148,organic apples,vegetable,2024-05-25,2.0,1.49,2.98
9958,robert pham,33.0,west jacob,114,fresh milk,dairy,2024-05-21,2.0,4.56,9.12
9959,cindy potter,57.0,davidmouth,119,tofu,snack,2024-05-15,3.0,6.14,18.42
9960,crystal gibbs,27.0,brownport,148,tofu,snack,2024-03-18,3.0,11.55,34.650000000000006
9961,amanda reid,62.0,lake tyler,182,organic apples,vegetable,2024-06-13,3.0,13.21,39.63
9962,rachel mcdonald,74.0,barnesstad,181,almond butter,dairy,2024-09-17,3.0,8.33,24.99
9963,christy ramirez,38.0,lake caitlin,187,granola,dairy,2024-10-12,1.0,1.03,1.03
9965,jeffrey donaldson,33.0,east richardchester,183,tofu,snack,2024-02-20,1.0,8.88,8.88
9966,tammy leon,58.0,shahport,179,tofu,dairy,2024-04-07,3.0,1.08,3.24
9967,shelly king,35.0,north krista,118,kale,organic,2024-02-20,4.0,4.26,17.04
9968,amanda mccarty,53.0,silvaland,101,almond butter,dairy,2024-09-13,4.0,5.95,23.8
9969,crystal george,37.0,katiehaven,122,organic apples,vegetable,2024-11-01,2.0,8.61,17.22
9970,andre castro,34.0,lake jessica,148,fresh milk,dairy,2024-07-28,3.0,9.5,28.5
9971,michelle hunt,29.0,cooperberg,184,tofu,dairy,2024-06-05,4.0,4.27,17.08
9972,eileen mcgee,47.0,east jessica,165,fresh milk,vegetable,2024-01-30,2.0,17.16,34.32
9974,jose page,62.0,port karaborough,179,tofu,organic,2024-05-21,4.0,18.02,72.08
9975,karen jones,61.0,west kathleen,176,tofu,dairy,2024-06-17,4.0,11.34,45.36
9976,tammy hawkins,43.0,carcenterview,146,kale,dairy,2024-02-08,2.0,13.73,27.46
9977,angelica herring,48.0,lake sharonburgh,155,almond butter,organic,2024-02-18,1.0,11.71,11.71
9978,alyssa johnson,78.0,adamtown,142,kale,organic,2024-10-25,4.0,4.83,19.32
9979,steven nichols,69.0,port teresafort,128,granola,snack,2024-08-02,4.0,15.42,61.68
9980,brandon wise,43.0,matthewmouth,155,tofu,vegetable,2024-03-30,1.0,6.8,6.8
9981,stacey sanders,48.0,new candace,121,fresh milk,dairy,2024-01-07,4.0,7.09,28.36
9982,nicole holt,28.0,denisefort,180,tofu,vegetable,2024-07-26,1.0,12.56,12.56
9984,jason murphy,55.0,port terrance,146,almond butter,organic,2024-05-12,2.0,19.82,39.64
9985,tracy klein,58.0,lukeside,159,kale,vegetable,2024-06-27,1.0,2.68,2.68
9986,donna sexton,22.0,port rebeccastad,130,kale,dairy,2024-01-16,3.0,17.05,51.150000000000006
9987,juan swanson,45.0,hoodshire,113,tofu,organic,2024-04-03,3.0,18.24,54.72
9988,henry brown,41.0,daviston,190,tofu,snack,2024-03-10,2.0,7.02,14.04
9989,larry anderson,33.0,west marisa,110,almond butter,vegetable,2024-08-03,1.0,16.7,16.7
9990,terry gibson,59.0,west katiefort,113,organic apples,snack,2024-05-27,2.0,19.26,38.52
9991,melissa hernandez,59.0,reginahaven,189,granola,snack,2024-10-23,2.0,16.12,32.24
9993,sandra perez,50.0,singhburgh,114,almond butter,organic,2024-04-27,4.0,9.97,39.88
9994,marissa sanford,63.0,port ryan,111,almond butter,dairy,2024-09-04,2.0,10.15,20.3
9996,shannon garcia,55.0,new melissa,103,fresh milk,vegetable,2024-08-27,2.0,19.59,39.18
9997,maria turner,20.0,south shannon,127,kale,dairy,2024-08-08,3.0,1.81,5.43
9998,cheryl ibarra,35.0,east kevin,159,organic apples,dairy,2024-08-30,3.0,17.73,53.19
9999,jason diaz,56.0,port tiffany,136,fresh milk,organic,2024-02-25,4.0,5.93,23.72
10000,kathy craig,58.0,porterton,172,granola,dairy,2024-03-04,1.0,7.78,7.78
3884,chad thomas,44.0,jessetown,199,organic apples,organic,2024-03-19,3.0,4.58,13.74
4665,carl lane,52.0,new erin,100,fresh milk,organic,2024-06-30,3.0,18.63,55.89
7160,paula ortega,30.0,moralesbury,196,tofu,dairy,2024-05-22,4.0,15.39,61.56
9693,julie foster,40.0,smithton,119,tofu,vegetable,2024-11-03,2.0,2.43,4.86
8644,julia munoz,76.0,port jennifermouth,112,tofu,dairy,2024-10-09,3.0,2.36,7.08
3737,david farley,28.0,whitebury,107,fresh milk,vegetable,2024-04-09,1.0,16.77,16.77
9270,edwin blanchard,35.0,joshuaside,166,tofu,dairy,2024-05-17,1.0,5.91,5.91
9215,deborah gallegos,72.0,new emily,180,organic apples,vegetable,2024-01-26,2.0,5.95,11.9
7340,travis nelson,57.0,jorgefort,159,fresh milk,vegetable,2024-03-10,4.0,18.21,72.84
8446,virginia carter,33.0,maciasland,100,tofu,vegetable,2024-01-18,1.0,5.6,5.6
560,ryan jensen,30.0,johnsonton,168,almond butter,vegetable,2024-09-01,2.0,19.69,39.38
2536,tammy noble,75.0,wesj danielshire,195,fresh milk,organic,2024-08-30,4.0,6.62,26.48
1649,kyle english,79.0,sandersland,104,granola,organic,2024-05-05,4.0,19.09,76.36
6643,anthony harding,67.0,norch james,165,tofu,vegetable,2024-03-09,1.0,4.47,4.47
3444,richard gutierrez,20.0,new lisa,160,fresh milk,organic,2024-04-17,1.0,2.67,2.67
4736,corey steele,18.0,south lisa,182,fresh milk,vegetable,2024-03-06,4.0,17.88,71.52
7418,jennifer perez,41.0,andersonside,172,kale,vegetable,2024-08-16,172.0,3.65,627.8
7769,adam goodwin,26.0,port keith,124,organic apples,snack,2024-03-12,1.0,160.57,160.57
8960,elaine mccarthy,29.0,andreatown,141,kale,vegetable,2024-03-08,1.0,1.79,1.79
4765,andrea clark,74.0,royton,165,organic apples,snack,2024-06-03,173.0,10.39,1797.47
4342,david briggs,28.0,brandimouth,185,kale,vegetable,2024-10-08,1.0,3.27,3.27
4963,joe burnett,36.0,ruizland,133,kale,organic,2024-05-04,4.0,3.3,13.2
6408,patrick curtis,20.0,vasquezton,136,granola,vegetable,2024-09-15,2.0,18.33,36.66
8409,joshua rodriguez,41.0,lorichester,160,granola,dairy,2024-07-08,3.0,13.79,41.37
3089,brian allen,68.0,susanborough,154,granola,vegetable,2024-04-27,1.0,16.63,16.63
4934,dustin saunders,66.0,fryeport,177,almond butter,vegetable,2024-04-24,3.0,18.11,54.33
1802,cheyenne dillon,54.0,fryumouth,130,organic apples,dairy,2024-05-20,4.0,14.9,59.6
5390,sabrina villa,72.0,west joshuafurt,141,almond butter,organic,2024-07-28,4.0,13.87,55.48
598,kelly hill,64.0,daymouth,111,granola,snack,2024-08-20,3.0,9.34,28.02
47,heather keller,62.0,wesq stephen,125,almond butter,dairy,2024-05-05,1.0,12.27,12.27
6341,kevin reyes,76.0,randolphfurt,114,tofu,dairy,2024-08-16,1.0,7.72,7.72
2388,mr. anthony crawford phd,38.0,port emily,115,fresh milk,vegetable,2024-10-31,3.0,19.93,59.79
2377,brenda perry md,78.0,marktown,155,kale,organic,2024-04-22,199.0,8.09,1609.91
